Dataset_Clean,Model,Kernel,SCALER,scaler,gamma_setting,gamma_used,Poly,F1_macro,ACC,MCC
5G_NIDD,,,,MinMaxScaler,default,1622.4030156525932,,99.72221944960954,99.93827160493828,0.9968767306902708
5G_NIDD_1000,GauNB,l05_exponential_kernel,QuantileTransformer,,,,-1.0,,97.11111111111111,0.8571289267310971
BoT_IoT,KNN,rbf,QuantileTransformer,MinMaxScaler,default,20.406806876598157,3.0,100.0,100.0,1.0
BoT_IoT_1000,GauNB,l05_exponential_kernel,QuantileTransformer,,,,-1.0,,97.44729907773386,0.9074447309414984
CIC_IoT2023,KNN,rbf,QuantileTransformer,MinMaxScaler,heuristic,2436.6120311296254,2.0,100.0,100.0,1.0
CIC_IoT2023_1000,GauNB,l05_exponential_kernel,QuantileTransformer,,,,-1.0,,94.0,0.7560008422554054
Edge_IIoTset,,,,QuantileTransformer,default,36.47892558892504,,89.82564791998496,98.64444444444445,0.891275490356646
Edge_IIoTset_1000,GauNB,l05_exponential_kernel,QuantileTransformer,,,,-1.0,,92.67555555555556,0.4380761443084424
IoTID20,KNN,rbf,QuantileTransformer,MinMaxScaler,default,7.171790033915653,2.0,96.01801467738582,98.4,0.9502304588327892
IoTID20_1000,SpectralNFST-Q1,l05_exponential_kernel,QuantileTransformer,,,,-1.0,,97.55555555555556,0.9450826983543172
IoTID20_2000,GauNB,l05_exponential_kernel,QuantileTransformer,,,,-1.0,,82.5,0.5369407646022681
N_BaIoT,KNN,rbf,QuantileTransformer,MinMaxScaler,default,0.4245479758191177,2.0,99.88888819444011,99.97530864197532,0.9987506935771112
N_BaIoT_1000,GauNB,l05_exponential_kernel,QuantileTransformer,,,,-1.0,,94.24691358024693,0.7206599821809333
ToN_IoT,KNN,rbf,QuantileTransformer,StandardScaler,default,4.284861686610451,3.0,99.28292550365958,99.83072916666669,0.99209412313566
ToN_IoT_1000,GauNB,l05_exponential_kernel,QuantileTransformer,,,,-1.0,,88.37239583333333,0.4951204637153407
ToN_IoT_2000,SpectralNFST-Q1,rbf,QuantileTransformer,,,,-1.0,,94.43459766040412,0.7450889712962857
UNSW_NB15,KNFST,rbf,QuantileTransformer,,,,0.0,,85.27874564459931,0.3231690027758561
UNSW_NB15_1000,GauNB,l05_exponential_kernel,QuantileTransformer,,,,-1.0,,85.69686411149826,0.3767355821833387
