dataset,model,kernel,scaler,poly,gamma_setting,gamma_used,n_train,n_classes,MCC,ACC,TPR_macro,FPR,PPV_macro,F1_macro,AUROC_OvR_macro,AUROC_binary,t_fit_s,t_predict_s,peak_rss_mb,status
5G_NIDD,HHH,poly,MinMaxScaler,-1,default,,6880,9,0.8749708392639132,97.73333333333333,79.80000000000001,1.2592592592592593,82.29053807278139,80.23133698931322,97.96822916666667,93.7253125,1.0246047973632812,0.20727872848510742,6118.625,ok
5G_NIDD,HHH,poly,MinMaxScaler,-1,heuristic,1622.4030156525932,6880,9,0.8536386331582533,97.33333333333334,78.0,1.4814814814814816,81.6826358186727,78.89439207433455,97.05114583333334,90.71437499999999,20.842986822128296,0.20125293731689453,12607.125,ok
5G_NIDD,HHH,rbf,MinMaxScaler,-1,default,,6880,9,0.8989080612732668,98.16666666666667,81.74999999999999,1.0185185185185186,84.55125058349076,82.66294862056411,98.28434027777777,93.82921875,0.9232058525085449,0.13231515884399414,6118.625,ok
5G_NIDD,HHH,rbf,MinMaxScaler,-1,heuristic,1622.4030156525932,6880,9,0.60790370367238,91.50617283950618,61.77777777777778,4.777777777777778,61.51024932926688,57.3354249269729,82.68314236111112,93.05453124999998,0.8700962066650391,0.11919808387756348,6118.625,ok
5G_NIDD,HHH,sigmoid,MinMaxScaler,-1,default,,6880,9,0.15021053842136523,84.76666666666667,21.45,8.462962962962962,31.473382974259028,18.199165287791924,77.56500000000001,78.13749999999999,19.886385917663574,0.10789299011230469,12607.125,ok
5G_NIDD,HHH,sigmoid,MinMaxScaler,-1,heuristic,1622.4030156525932,6880,9,0.0,80.24691358024691,11.11111111111111,11.11111111111111,1.2345679012345678,2.2222222222222223,50.0,50.0,0.936694860458374,0.10280013084411621,6344.765625,ok
5G_NIDD,HHHv2,poly,MinMaxScaler,-1,default,,6880,9,0.985017443171669,99.70370370370371,98.66666666666666,0.16666666666666669,98.68022290081501,98.66651002251385,99.65836805555556,99.94875,1.0177021026611328,0.21117806434631348,6348.390625,ok
5G_NIDD,HHHv2,poly,MinMaxScaler,-1,heuristic,1622.4030156525932,6880,9,0.9670298043142499,99.34567901234568,97.05555555555556,0.3680555555555555,97.1292834983022,97.02982405196175,97.5820138888889,92.77437499999999,1.6358330249786377,0.2042398452758789,6348.5,ok
5G_NIDD,HHHv2,rbf,StandardScaler,-1,default,,6880,9,0.9856284223268524,99.71604938271605,98.72222222222223,0.15972222222222224,98.72462601968964,98.72205511251731,99.47475694444444,99.418125,0.936378002166748,0.1339108943939209,6344.984375,ok
5G_NIDD,HHHv2,rbf,StandardScaler,-1,heuristic,66.44562246445342,6880,9,0.8725555514922192,97.27160493827161,87.72222222222223,1.5347222222222223,93.79227996479058,87.55401601369431,99.33456597222225,99.341875,0.8805050849914551,0.12557077407836914,6344.984375,ok
5G_NIDD,HHHv2,sigmoid,MinMaxScaler,0,default,,926,9,0.03658048102530665,80.41975308641976,11.88888888888889,11.013888888888888,4.577360795879808,3.5352603547283796,95.78013888888887,88.77843750000001,0.013160228729248047,0.016425132751464844,6365.921875,ok
5G_NIDD,HHHv2,sigmoid,MinMaxScaler,0,heuristic,8.18420611351172,926,9,0.0,80.24691358024691,11.11111111111111,11.11111111111111,1.2345679012345678,2.2222222222222223,47.43659722222222,74.90625000000001,0.012730836868286133,0.015436172485351562,6369.46875,ok
BoT_IoT,HHH,poly,QuantileTransformer,2,default,,7729,6,0.9891844438182442,99.7459062676454,84.79591836734694,0.14822134387351776,85.14525565188508,84.96684942303473,99.84555152848597,99.99945175438596,1.3454480171203613,0.29904794692993164,2242.078125,ok
BoT_IoT,HHH,poly,QuantileTransformer,2,heuristic,0.9820579004736715,7729,6,0.9843856100481964,99.63297571993223,84.38265306122449,0.21409749670619235,84.90514411668701,84.63953666223313,99.61674188164376,99.80921052631577,2.1795990467071533,0.2893989086151123,3153.84375,ok
BoT_IoT,HHH,rbf,QuantileTransformer,0,default,,6157,6,0.9861927650563892,99.62121212121212,98.77976190476191,0.22727272727272727,98.85027963743346,98.80538014308277,99.4117082997244,99.99671052631578,0.6988589763641357,0.14252305030822754,1154.9375,ok
BoT_IoT,HHH,rbf,QuantileTransformer,0,heuristic,6.689546781662232,6157,6,0.6950727420758677,91.25494071146245,77.05654761904762,5.24703557312253,78.32905717578447,74.69492132158454,90.33597834834933,99.28728070175438,0.6840598583221436,0.12399816513061523,1170.71875,ok
BoT_IoT,HHH,sigmoid,QuantileTransformer,-1,default,,7729,6,0.40097508756864236,85.4884246188594,42.380102040816325,8.465085638998683,45.679100323772154,43.620526082003146,83.91721397453166,83.78371710526315,29.411915063858032,0.1449720859527588,6582.203125,ok
BoT_IoT,HHH,sigmoid,QuantileTransformer,-1,heuristic,8.015110603874477,7729,6,0.12563333026303403,76.83512140033879,16.71173469387755,13.512845849802371,28.371646999693294,20.397087407329867,64.80900482168063,65.5046600877193,29.340736865997314,0.13948893547058105,6599.84375,ok
BoT_IoT,HHHv2,poly,StandardScaler,0,default,,1760,6,0.9909892767077255,99.75296442687747,98.9672619047619,0.14822134387351776,99.03289824764788,98.99685501147366,99.35622498835691,97.78152412280703,0.03784799575805664,0.05977296829223633,3182.953125,ok
BoT_IoT,HHHv2,poly,StandardScaler,0,heuristic,1.6433949089088542,1760,6,0.9861972197552699,99.62121212121212,98.41964285714285,0.22727272727272727,98.65072340363093,98.52596465435866,99.07879215219562,97.17447916666667,0.0466008186340332,0.07058477401733398,3187.359375,ok
BoT_IoT,HHHv2,rbf,MinMaxScaler,0,default,,1377,6,0.9933918715546409,99.81884057971014,99.45833333333334,0.10869565217391304,99.51234567901236,99.48393951362165,99.95682805853234,99.99972587719299,0.01754283905029297,0.02971792221069336,3161.609375,ok
BoT_IoT,HHHv2,rbf,MinMaxScaler,0,heuristic,20.406806876598154,1377,6,0.990390862779762,99.7364953886693,99.20833333333334,0.15810276679841898,99.29726665561131,99.2504411113763,99.90629081083937,99.98245614035088,0.020183086395263672,0.03056812286376953,3161.71875,ok
BoT_IoT,HHHv2,sigmoid,MinMaxScaler,-1,default,,7729,6,0.8667457054032185,96.29446640316206,87.18452380952382,2.2233201581027666,88.7714652488217,87.52996948813227,98.09136976781033,99.4172149122807,1.5656940937042236,0.13016486167907715,3187.359375,ok
BoT_IoT,HHHv2,sigmoid,MinMaxScaler,-1,heuristic,3163.2742598954314,7729,6,-0.04515476844364812,73.07312252964427,16.208333333333332,16.15612648221344,3.231970754403456,5.389304516486561,49.608625175846704,48.364309210526315,2.122983932495117,0.13032197952270508,3187.359375,ok
CIC_IoT2023,HHH,poly,MinMaxScaler,-1,default,,7640,6,0.9864940726882355,99.72857142857143,84.69999999999999,0.15833333333333333,85.00827747218734,84.84880789485383,99.88050925925927,99.87930555555555,1.2790839672088623,0.25349903106689453,3187.359375,ok
CIC_IoT2023,HHH,poly,MinMaxScaler,-1,heuristic,2436.6120311296254,7640,6,0.9978597521056419,99.95714285714286,85.55714285714285,0.025,85.57284299858557,85.56427856955267,99.97077037037037,100.0,27.011525869369507,0.24659419059753418,7845.78125,ok
CIC_IoT2023,HHH,rbf,MinMaxScaler,-1,default,,7640,6,0.9907468735735246,99.81428571428572,85.12857142857143,0.10833333333333332,85.14391966942031,85.13585117728665,99.86873888888888,99.87541666666667,1.195998191833496,0.17237091064453125,3187.359375,ok
CIC_IoT2023,HHH,rbf,MinMaxScaler,-1,heuristic,2436.6120311296254,7640,6,0.5444002307172552,88.08333333333334,44.88333333333333,7.1499999999999995,51.677893491120294,36.66853181525718,58.5292824074074,92.69444444444444,1.0732109546661377,0.14381885528564453,3187.359375,ok
CIC_IoT2023,HHH,sigmoid,MinMaxScaler,-1,default,,7640,6,0.5040249406215405,89.85714285714286,41.74285714285714,5.916666666666667,56.64629217487774,39.08094402091503,90.83307222222223,90.83638888888889,25.87355399131775,0.129256010055542,7845.78125,ok
CIC_IoT2023,HHH,sigmoid,MinMaxScaler,-1,heuristic,2436.6120311296254,7640,6,0.001890294997882098,74.28571428571429,14.285714285714285,15.0,1.429286071607232,2.598583771844345,50.05925925925926,50.027777777777786,1.2845532894134521,0.12672924995422363,3187.359375,ok
CIC_IoT2023,HHHv2,poly,MinMaxScaler,-1,default,,7640,6,0.9971492248554857,99.93333333333332,99.86666666666667,0.04,99.67077584164564,99.7675591105874,99.99963888888888,100.0,1.2242398262023926,0.2546348571777344,3255.140625,ok
CIC_IoT2023,HHHv2,poly,MinMaxScaler,-1,heuristic,2436.6120311296254,7640,6,0.9992863157571544,99.98333333333333,99.98333333333335,0.01,99.91708126036484,99.95009973814838,99.98334999999999,100.0,2.1573991775512695,0.2437582015991211,3255.140625,ok
CIC_IoT2023,HHHv2,rbf,MinMaxScaler,0,default,,3114,6,0.9978603092381634,99.95,99.88333333333334,0.03,99.75206475871468,99.81706405617822,99.98576481481481,100.0,0.12978291511535645,0.06931114196777344,3255.140625,ok
CIC_IoT2023,HHHv2,rbf,MinMaxScaler,0,heuristic,33.078713236578295,3114,6,0.9843519011301084,99.63333333333333,98.5,0.22,98.22720749283667,98.34154375893372,99.9707814814815,99.99375,0.19457316398620605,0.0674600601196289,3255.140625,ok
CIC_IoT2023,HHHv2,sigmoid,MinMaxScaler,-1,default,,7640,6,0.5982611330284875,90.9,54.50000000000001,5.46,64.76629712628834,55.22221478736958,97.19303703703703,100.0,1.7954633235931396,0.13085484504699707,3255.140625,ok
CIC_IoT2023,HHHv2,sigmoid,MinMaxScaler,-1,heuristic,2436.6120311296254,7640,6,0.02646412997034937,83.35000000000001,16.75,9.99,25.004168751042187,11.28065352906469,50.040740740740745,50.027777777777786,1.3161859512329102,0.1292717456817627,3255.140625,ok
Edge_IIoTset,HHH,poly,StandardScaler,-1,default,,11440,15,0.34542590240333265,92.25833333333333,35.6875,4.128888888888889,40.64779393707941,32.77199561733647,79.054875,67.08991071428572,3.5415709018707275,0.5373051166534424,5221.890625,ok
Edge_IIoTset,HHH,poly,StandardScaler,-1,heuristic,32.45423655887586,11440,15,0.3407674178922226,92.20833333333334,35.3125,4.155555555555555,40.51467505876063,32.132784598291586,78.47739285714285,64.9225892857143,86.74509596824646,0.6893739700317383,9866.265625,ok
Edge_IIoTset,HHH,rbf,QuantileTransformer,-1,default,,11440,15,0.5135881241726796,94.27499999999999,50.81250000000001,3.0533333333333332,53.29339491023659,50.138291106668945,87.77721428571428,93.77312500000001,3.2412097454071045,0.323976993560791,5221.890625,ok
Edge_IIoTset,HHH,rbf,QuantileTransformer,-1,heuristic,36.47892558892504,11440,15,0.48662093223530856,93.925,48.1875,3.2399999999999998,46.83308214868096,43.03452392054849,78.56560714285715,95.70080357142857,2.977627992630005,0.27608513832092285,5221.890625,ok
Edge_IIoTset,HHH,sigmoid,MinMaxScaler,-1,default,,11440,15,0.05744044258397,88.21333333333334,11.600000000000001,6.314285714285714,10.478794966625001,7.944979020558475,67.40759523809524,60.28767857142857,84.8699631690979,0.295011043548584,12399.375,ok
Edge_IIoTset,HHH,sigmoid,MinMaxScaler,-1,heuristic,491.63513199768954,11440,15,0.21072956643085441,90.14583333333334,19.84375,5.2555555555555555,16.13894449308549,15.717757642268124,56.7972380952381,26.040267857142858,84.29746508598328,0.30888795852661133,12595.0,ok
Edge_IIoTset,HHHv2,poly,QuantileTransformer,-1,default,,11440,15,0.7732577965518104,97.16444444444444,78.73333333333332,1.519047619047619,79.65240085305243,78.41504115864856,96.92471428571427,99.0292857142857,3.5621299743652344,0.5458970069885254,6118.625,ok
Edge_IIoTset,HHHv2,poly,QuantileTransformer,-1,heuristic,36.47892558892504,11440,15,0.17139696108087618,89.56888888888889,21.766666666666666,5.588095238095238,15.61352826099805,15.702767124508837,54.908,51.19508928571428,5.6345086097717285,0.5417630672454834,6118.625,ok
Edge_IIoTset,HHHv2,rbf,QuantileTransformer,-1,default,,11440,15,0.7993860754878671,97.49333333333333,81.2,1.342857142857143,81.99746382585501,81.10056232198492,97.25989285714286,99.74803571428572,3.233947992324829,0.3432943820953369,6118.625,ok
Edge_IIoTset,HHHv2,rbf,QuantileTransformer,-1,heuristic,36.47892558892504,11440,15,0.7918397750144199,97.40444444444445,80.53333333333332,1.3904761904761904,80.75520445435872,80.40061749304438,94.2583869047619,98.51321428571428,2.9613101482391357,0.28753018379211426,6118.625,ok
Edge_IIoTset,HHHv2,sigmoid,StandardScaler,-1,default,,11440,15,0.2965131398364734,91.16444444444444,33.73333333333333,4.733333333333333,27.846798937900147,28.109129863082217,77.84755952380952,64.10642857142858,4.771862983703613,0.29596495628356934,6118.625,ok
Edge_IIoTset,HHHv2,sigmoid,StandardScaler,-1,heuristic,32.45423655887586,11440,15,0.08874236828370746,88.64888888888889,14.866666666666667,6.080952380952381,11.332725479739945,12.050766722354442,53.09492857142857,43.10035714285714,86.52057981491089,0.30951809883117676,12607.125,ok
IoTID20,HHH,poly,MinMaxScaler,-1,default,,7680,5,0.6164631703676245,89.3,56.58333333333333,6.419999999999999,63.000144792796895,57.11457821259206,88.317109375,94.027578125,1.8093371391296387,0.2555389404296875,3187.359375,ok
IoTID20,HHH,poly,MinMaxScaler,-1,heuristic,10638.275996394405,7680,5,0.6012286573845261,88.78333333333333,55.29166666666667,6.7299999999999995,64.40007413111884,57.99538151947363,85.512484375,90.054765625,30.3371319770813,0.2539041042327881,6599.84375,ok
IoTID20,HHH,rbf,StandardScaler,-1,default,,7680,5,0.6349703189123613,89.73333333333333,57.666666666666664,6.16,66.45902797073026,60.40483239275088,86.60478125,91.5734375,1.6463580131530762,0.16596078872680664,3187.359375,ok
IoTID20,HHH,rbf,StandardScaler,-1,heuristic,140.0860958088938,7680,5,0.5720489019918892,87.88333333333334,53.041666666666664,7.2700000000000005,59.77406811310495,52.7961440330559,80.36949999999999,91.696484375,1.3976759910583496,0.1468338966369629,3187.359375,ok
IoTID20,HHH,sigmoid,MinMaxScaler,-1,default,,7680,5,0.3356091094682102,77.72,44.3,13.925,27.916867413999675,34.02292520150099,76.04356250000001,71.22015625000002,30.869872093200684,0.1347181797027588,6599.84375,ok
IoTID20,HHH,sigmoid,MinMaxScaler,-1,heuristic,10638.275996394405,7680,5,0.15027958963470037,76.93333333333334,25.666666666666664,13.84,28.184898883870897,23.95458666552226,66.464,59.7053125,31.028082847595215,0.14919519424438477,6599.84375,ok
IoTID20,HHHv2,poly,StandardScaler,-1,default,,7680,5,0.80179874032967,93.62,84.05000000000001,3.9875000000000003,84.82206391349054,84.18660646115141,94.3924375,97.72015625000002,1.7215790748596191,0.24875402450561523,3187.359375,ok
IoTID20,HHHv2,poly,StandardScaler,-1,heuristic,140.0860958088938,7680,5,0.74136536116987,91.62,79.05,5.2375,80.06535857755355,78.85368249405754,87.461140625,89.83921875,2.891796112060547,0.31319093704223633,3187.359375,ok
IoTID20,HHHv2,rbf,QuantileTransformer,-1,default,,7680,5,0.8165935519312487,94.12,85.3,3.675,85.34796046022765,85.25299801334377,94.1080625,98.24578125000001,1.6491122245788574,0.1665630340576172,3187.359375,ok
IoTID20,HHHv2,rbf,QuantileTransformer,-1,heuristic,7.171790033915653,7680,5,0.7673173133646221,92.52,81.3,4.675,81.10628443895479,80.99370996425795,93.169578125,98.1421875,1.4396159648895264,0.15186095237731934,3187.359375,ok
IoTID20,HHHv2,sigmoid,StandardScaler,-1,default,,7680,5,0.5175435071742546,84.48,61.19999999999999,9.700000000000001,63.971485575616626,62.00001178950646,80.28109375000001,90.44609375000002,31.42300295829773,0.13486814498901367,6599.84375,ok
IoTID20,HHHv2,sigmoid,StandardScaler,-1,heuristic,140.0860958088938,7680,5,0.1546055530762301,72.58,31.45,17.1375,33.074302651791356,28.21777066020255,60.839265624999996,60.99281249999999,30.84247326850891,0.14313292503356934,6599.84375,ok
N_BaIoT,HHH,poly,MinMaxScaler,-1,default,,6917,9,0.903842395772366,98.24444444444444,82.10000000000001,0.9753086419753085,84.51166579045707,82.49623540101653,98.57249999999999,95.025625,0.997894287109375,0.2182168960571289,3187.359375,ok
N_BaIoT,HHH,poly,MinMaxScaler,-1,heuristic,151.21514249733522,6917,9,0.8504142639443877,97.25555555555555,77.64999999999999,1.5246913580246915,82.39818398219114,78.9940496691869,96.58005208333333,90.93125,1.5740060806274414,0.2236649990081787,3187.359375,ok
N_BaIoT,HHH,rbf,QuantileTransformer,-1,default,,6880,9,0.9551876335096794,99.2,86.4,0.4444444444444444,86.96806655060115,86.63532134897392,99.34628472222222,99.53812500000001,0.9443838596343994,0.1382288932800293,3187.359375,ok
N_BaIoT,HHH,rbf,QuantileTransformer,-1,heuristic,0.42454797581911774,6880,9,0.7122528848345291,94.78888888888889,66.55,2.8950617283950617,69.41504956983904,66.1311934659954,91.88895833333332,99.875,0.9971950054168701,0.15288424491882324,3187.359375,ok
N_BaIoT,HHH,sigmoid,MinMaxScaler,-1,default,,6917,9,0.0006729578718301243,80.25925925925927,11.166666666666664,11.104166666666666,15.64828817952479,6.846057010018111,66.404375,99.9446875,21.380213975906372,0.11544203758239746,7471.5625,ok
N_BaIoT,HHH,sigmoid,MinMaxScaler,-1,heuristic,151.21514249733522,6917,9,0.0,80.24691358024691,11.11111111111111,11.11111111111111,1.2345679012345678,2.2222222222222223,50.0,50.0,0.901724100112915,0.11269283294677734,3187.359375,ok
N_BaIoT,HHHv2,poly,QuantileTransformer,-1,default,,6880,9,0.9837684458312906,99.67901234567901,98.55555555555556,0.18055555555555555,98.56570590172414,98.55317321643979,99.44836805555555,99.85,1.003364086151123,0.21712708473205566,3187.359375,ok
N_BaIoT,HHHv2,poly,QuantileTransformer,-1,heuristic,0.42454797581911774,6880,9,0.9726215852977184,99.4567901234568,97.55555555555556,0.3055555555555556,97.59013577311788,97.52201149459988,99.49381944444444,99.33437499999998,2.029252052307129,0.21975016593933105,3187.359375,ok
N_BaIoT,HHHv2,rbf,QuantileTransformer,-1,default,,6880,9,0.9931353452137276,99.8641975308642,99.3888888888889,0.0763888888888889,99.39601521728528,99.38829846938285,99.86947916666666,99.9846875,0.9177100658416748,0.1384127140045166,3187.359375,ok
N_BaIoT,HHHv2,rbf,QuantileTransformer,-1,heuristic,0.42454797581911774,6880,9,0.9881407829302171,99.76543209876543,98.94444444444446,0.13194444444444445,98.95408280838438,98.94294325765723,99.9160763888889,99.93015625000001,0.9537768363952637,0.14874005317687988,3187.359375,ok
N_BaIoT,HHHv2,sigmoid,StandardScaler,-1,default,,6880,9,0.572498861701692,91.46913580246914,61.61111111111111,4.798611111111111,63.69178152476418,60.821814253243154,87.77333333333333,96.525625,19.712217807769775,0.11465907096862793,7471.5625,ok
N_BaIoT,HHHv2,sigmoid,StandardScaler,-1,heuristic,5.708405036443104,6880,9,0.11334379339975396,82.24691358024691,20.11111111111111,9.98611111111111,17.73870064967913,14.167623653124048,50.07187500000001,54.58531249999999,20.06245708465576,0.11118912696838379,7471.5625,ok
ToN_IoT,HHH,poly,StandardScaler,-1,default,,7335,8,0.5969495892804156,92.10648148148148,53.30555555555555,4.440104166666667,54.71354979101609,52.316344812045344,88.80025730002494,93.35363372093023,1.0955848693847656,0.22138381004333496,3187.359375,ok
ToN_IoT,HHH,poly,StandardScaler,-1,heuristic,532.7413248010687,7335,8,0.5715587992996257,91.63194444444444,51.33333333333333,4.70703125,53.10524084502127,50.392859598617044,88.18606777916611,94.65755813953488,25.022552967071533,0.26580023765563965,7250.21875,ok
ToN_IoT,HHH,rbf,QuantileTransformer,-1,default,,7333,8,0.8240016039065293,96.51620370370371,73.98148148148148,1.9596354166666667,80.58042737142866,76.55543058897595,92.93589037850197,91.92063953488372,0.9935328960418701,0.14912796020507812,3187.359375,ok
ToN_IoT,HHH,rbf,QuantileTransformer,-1,heuristic,19.670725409898726,7333,8,0.6154140490651371,92.25694444444444,60.07407407407407,4.35546875,58.95392231000171,55.084557966782,83.81171306567047,98.33299418604652,0.974402904510498,0.1368401050567627,3187.359375,ok
ToN_IoT,HHH,sigmoid,MinMaxScaler,-1,default,,7333,8,0.1735453059196892,81.84895833333333,24.96875,10.37202380952381,29.757954938846677,18.368624566332105,66.51846936057846,83.08139534883722,24.5958468914032,0.12498188018798828,7250.21875,ok
ToN_IoT,HHH,sigmoid,MinMaxScaler,-1,heuristic,9937.351026743694,7333,8,0.001050206510857934,80.0925925925926,11.11111111111111,11.197916666666668,1.159218686605228,2.0994069175457932,53.505538157257234,48.56627906976745,24.59714102745056,0.11983418464660645,7250.21875,ok
ToN_IoT,HHHv2,poly,QuantileTransformer,-1,default,,7333,8,0.9416658298825819,98.75,94.58333333333333,0.7142857142857143,94.43101686795717,94.45752193160841,97.68568462702298,97.60406976744187,1.0982909202575684,0.22641992568969727,3187.359375,ok
ToN_IoT,HHHv2,poly,QuantileTransformer,-1,heuristic,19.670725409898726,7333,8,0.9241972964552301,98.37239583333334,93.36458333333333,0.9300595238095238,92.521645328576,92.87741071222638,96.11711510891246,93.37296511627908,1.7223286628723145,0.2278153896331787,3187.359375,ok
ToN_IoT,HHHv2,rbf,QuantileTransformer,0,default,,3499,8,0.9610600892529458,99.16666666666667,96.23958333333333,0.4761904761904762,96.51700023588458,96.35148424588044,98.65085470357904,99.22936046511627,0.18138599395751953,0.07151222229003906,3187.359375,ok
ToN_IoT,HHHv2,rbf,QuantileTransformer,0,heuristic,4.284861686610451,3499,8,0.9624221766428929,99.19270833333333,96.33333333333334,0.46130952380952384,96.47115383769969,96.33360340360282,99.86946289638017,99.80377906976744,0.20286083221435547,0.07721114158630371,3187.359375,ok
ToN_IoT,HHHv2,sigmoid,StandardScaler,-1,default,,7335,8,0.0629336318517691,79.23177083333334,17.614583333333332,11.867559523809524,17.734667494784706,15.249151253832288,54.097104356498484,44.175581395348836,24.790290117263794,0.1321859359741211,7416.640625,ok
ToN_IoT,HHHv2,sigmoid,StandardScaler,-1,heuristic,532.7413248010687,7335,8,0.30589561358472933,84.98697916666667,35.739583333333336,8.578869047619047,34.040096162614205,33.59842904988306,61.747463336959974,52.311627906976746,25.197288036346436,0.11954307556152344,7471.5625,ok
