"Seed","Input Model","Data Type","Poly","Kernel","SCALER","Model","MCC","NDR","AUC_N","ACC","TPR Macro","FPR","PPV Macro","F1 Macro","AUC","CLS Report","CFS Matrix","Training time","Test time"
"42","NuSVC","5G_NIDD_1000","-1","l05_exponential_kernel","QuantileTransformer","NuSVC","0.9443295633819168","-1","-1","98.88888888888889","94.99999999999999","0.625","95.46881470145172","95.01164040066288","-1.0","","[[177   1   3   0   0   0   0   5  14]
 [  0 200   0   0   0   0   0   0   0]
 [  0   0 200   0   0   0   0   0   0]
 [  0   2   0 176   0   0  22   0   0]
 [  0   0   0   0 200   0   0   0   0]
 [  0  12   0   0   0 187   1   0   0]
 [  0   0   2   0   0   0 198   0   0]
 [  0   0   0   0   0   0   0 175  25]
 [  2   0   0   0   0   0   0   1 197]]","0.43422436714172363","0.24555611610412598"
"43","NuSVC","5G_NIDD_1000","-1","l05_exponential_kernel","QuantileTransformer","NuSVC","0.9498949459251151","-1","-1","99.0","95.5","0.5625","95.90425876799677","95.5012684468698","-1.0","","[[177   1   6   0   0   1   0   1  14]
 [  0 196   0   0   0   4   0   0   0]
 [  0   0 200   0   0   0   0   0   0]
 [  0   0   0 175   0   0  25   0   0]
 [  0   0   1   0 199   0   0   0   0]
 [  0   2   0   0   0 198   0   0   0]
 [  1   0   0   0   0   0 199   0   0]
 [  2   0   0   0   0   0   0 177  21]
 [  1   0   0   0   0   0   0   1 198]]","0.4343607425689697","0.2376089096069336"
"44","NuSVC","5G_NIDD_1000","-1","l05_exponential_kernel","QuantileTransformer","NuSVC","0.9376991047520268","-1","-1","98.75308641975309","94.38888888888887","0.7013888888888888","95.0368858054467","94.40140916761955","-1.0","","[[172   2   5   0   0   3   0   0  18]
 [  0 197   0   0   0   3   0   0   0]
 [  0   0 200   0   0   0   0   0   0]
 [  3   0   0 174   0   0  23   0   0]
 [  0   0   0   0 200   0   0   0   0]
 [  0   9   0   0   0 191   0   0   0]
 [  0   0   0   0   0   0 200   0   0]
 [  0   0   0   0   0   0   0 168  32]
 [  1   0   1   0   0   0   0   1 197]]","0.4373128414154053","0.2362682819366455"
"42","NuSVC","BoT_IoT_1000","-1","l05_exponential_kernel","QuantileTransformer","NuSVC","0.9236512395537774","-1","-1","97.89196310935442","93.76488095238096","1.2648221343873518","93.46800341235414","93.50070569779496","-1.0","","[[187   4   1   8   0   0]
 [ 12 359  22   0   0   7]
 [  0   2 395   0   2   1]
 [  8   0  10 382   0   0]
 [  5  20  15   0 360   0]
 [  6   4   1   0   0 213]]","0.5791916847229004","0.24368643760681152"
"43","NuSVC","BoT_IoT_1000","-1","l05_exponential_kernel","QuantileTransformer","NuSVC","0.9080874383099437","-1","-1","97.46376811594203","92.38988095238095","1.5217391304347827","92.07760590885488","92.11217177552096","-1.0","","[[180   7   8   5   0   0]
 [ 11 357  20   0   0  12]
 [  0   3 390   0   6   1]
 [ 12   0   5 383   0   0]
 [  7  27  19   0 347   0]
 [  5   6   0   0   0 213]]","0.5670044422149658","0.2474079132080078"
"44","NuSVC","BoT_IoT_1000","-1","l05_exponential_kernel","QuantileTransformer","NuSVC","0.9205429028915664","-1","-1","97.80961791831358","93.44940476190476","1.3142292490118577","93.10863056248814","93.17677214821914","-1.0","","[[186   3   6   5   0   0]
 [ 17 358  17   0   0   8]
 [  0   2 390   0   8   0]
 [  8   0  10 382   0   0]
 [  5  16  15   0 364   0]
 [  5   7   1   0   0 211]]","0.5786237716674805","0.24678444862365723"
"42","NuSVC","CIC_IoT2023_1000","-1","l05_exponential_kernel","QuantileTransformer","NuSVC","0.8735126727606864","-1","-1","97.06666666666666","85.39999999999999","1.76","92.29756680202907","88.2600048489393","-1.0","","[[168  22   0   0   5   5]
 [  0 999   0   1   0   0]
 [  0   0 199   1   0   0]
 [  3  36   0 160   0   1]
 [ 20  36   2   0 128  14]
 [  2  18   0   2   8 170]]","0.9228692054748535","0.3312242031097412"
"43","NuSVC","CIC_IoT2023_1000","-1","l05_exponential_kernel","QuantileTransformer","NuSVC","0.8668490686798942","-1","-1","96.91666666666666","84.71666666666667","1.8499999999999999","91.00390290592108","87.24302317177369","-1.0","","[[165  17   0   1   7  10]
 [  0 998   0   2   0   0]
 [  0   2 198   0   0   0]
 [  3  40   0 157   0   0]
 [ 23  30   5   0 126  16]
 [  8  14   0   0   7 171]]","0.9046580791473389","0.3325767517089844"
"44","NuSVC","CIC_IoT2023_1000","-1","l05_exponential_kernel","QuantileTransformer","NuSVC","0.8779457858919765","-1","-1","97.16666666666667","85.83333333333334","1.7000000000000002","91.92451732512615","88.21291558801246","-1.0","","[[ 171   19    0    1    4    5]
 [   0 1000    0    0    0    0]
 [   0    5  195    0    0    0]
 [   1   27    0  172    0    0]
 [  24   30    7    0  120   19]
 [   5   16    0    0    7  172]]","0.8965671062469482","0.3347938060760498"
"42","NuSVC","Edge_IIoTset_1000","-1","l05_exponential_kernel","QuantileTransformer","NuSVC","0.675790989825103","-1","-1","95.92444444444445","69.43333333333332","2.183333333333333","70.4631204771972","67.69517108406836","-1.0","","[[167   0   0   0   0   0   0   0  16   1  10   0   5   0   1]
 [  1 173   0   0  10   0   3   6   0   2   5   0   0   0   0]
 [  6   0 151   0   0   0   0   0  18   0   0  14   7   1   3]
 [  0   0   0 200   0   0   0   0   0   0   0   0   0   0   0]
 [  0   0   0   0 200   0   0   0   0   0   0   0   0   0   0]
 [  0   0   0   0   0 200   0   0   0   0   0   0   0   0   0]
 [  0   0   0  31   9   0 114  16   0  30   0   0   0   0   0]
 [  0   0   0   0   0   0   0 200   0   0   0   0   0   0   0]
 [ 20   0  34   0   0   0   0   0  93   0   0  20  24   0   9]
 [  0   0   0   0   0   0   4   5   0 191   0   0   0   0   0]
 [  1  78   0   0  14   0   6  18   0   4  79   0   0   0   0]
 [ 16   0  39   0   0   0   0   0  56   0   0  82   7   0   0]
 [  8   5  12   0  27   0   0   0  55   0  26   9  49   0   9]
 [  4   6   8   0   0   0   0   0  16   0  10   6   0 150   0]
 [ 27   1  17   0   0   0   0  12  81   0   1   2  25   0  34]]","2.077688694000244","1.0650055408477783"
"43","NuSVC","Edge_IIoTset_1000","-1","l05_exponential_kernel","QuantileTransformer","NuSVC","0.660191975244072","-1","-1","95.72888888888889","67.96666666666667","2.288095238095238","70.1996720570733","66.70995936874996","-1.0","","[[181   0   0   0   0   0   0   1   8   0   3   3   2   0   2]
 [  5  96   0   0   1   0   1   4   2   8  83   0   0   0   0]
 [  6   4  90   0   0   0   0   0  33   0   0  59   1   0   7]
 [  0   0   0 200   0   0   0   0   0   0   0   0   0   0   0]
 [  0   0   0   0 200   0   0   0   0   0   0   0   0   0   0]
 [  0   0   0   0   0 200   0   0   0   0   0   0   0   0   0]
 [  0   0   0  31   1   0 116  17   0  35   0   0   0   0   0]
 [  0   0   0   0   0   0   0 200   0   0   0   0   0   0   0]
 [ 24   0   9   0   0   0   0   0  69   0   0  62  11   1  24]
 [  0   0   0   0   0   0  17   6   0 177   0   0   0   0   0]
 [  9   0   3   0   0   0   9  18   9   8 144   0   0   0   0]
 [ 26   0  18   0   0   0   0   0  26   0   0 119   4   0   7]
 [ 39   4   2   0   0   0   0   0  40  27   5  22  32   0  29]
 [ 12   4   8   0   0   0   0   0   2   0   4  14   0 155   1]
 [ 34   2   1   0   0   0   1  10  43   0   1  42   6   0  60]]","1.927839994430542","1.0619609355926514"
"44","NuSVC","Edge_IIoTset_1000","-1","l05_exponential_kernel","QuantileTransformer","NuSVC","0.6788093061782048","-1","-1","95.97333333333333","69.80000000000001","2.157142857142857","70.24069597409624","68.24792807611816","-1.0","","[[173   1   0   0   0   0   0   1   5   0   1   0  15   0   4]
 [  0  97   0   0   5   0   1   6   0   2  81   0   8   0   0]
 [  9   3 134   0   0   0   0   0  12   0   0  37   1   0   4]
 [  0   0   0 200   0   0   0   0   0   0   0   0   0   0   0]
 [  0   0   0   0 200   0   0   0   0   0   0   0   0   0   0]
 [  0   0   0   0   0 200   0   0   0   0   0   0   0   0   0]
 [  0   0   0  31   8   0 108  19   0  34   0   0   0   0   0]
 [  0   0   0   0   0   0   0 200   0   0   0   0   0   0   0]
 [ 37   0  18   0   0   0   0   0  68   2   0  48  11   0  16]
 [  0   0   0   0   0   0   2   7   0 191   0   0   0   0   0]
 [  0   0   1   0  13   0   3  12   0   2 155   0  14   0   0]
 [ 23   0  24   0   0   0   0   0  21   0   0 116   3   0  13]
 [  9   6  19   0  32   0   0   0  23   3  21  31  46   0  10]
 [  5   8   9   0   0   0   0   0   6   0  12   5   0 152   3]
 [ 23   1  18   0   0   0   1  13  35   0   1  33  21   0  54]]","2.0277109146118164","1.0645077228546143"
"42","NuSVC","IoTID20_2000","-1","l05_exponential_kernel","QuantileTransformer","NuSVC","0.7366084793514712","-1","-1","91.3","78.25","5.4375","80.74470677804324","78.09540761179574","-1.0","","[[375   0  14   4   7]
 [ 10 389   1   0   0]
 [ 11   0 336  14  39]
 [ 22   0  71 279  28]
 [  7   0 191  16 186]]","1.2533068656921387","0.3721768856048584"
"43","NuSVC","IoTID20_2000","-1","l05_exponential_kernel","QuantileTransformer","NuSVC","0.7245603758226369","-1","-1","91.16","77.9","5.525","78.63221680336147","78.12290729802524","-1.0","","[[365   1  15   7  12]
 [ 10 389   0   1   0]
 [ 15   0 260  41  84]
 [ 15   0  72 288  25]
 [  7   0 119  18 256]]","1.1904933452606201","0.366466760635376"
"44","NuSVC","IoTID20_2000","-1","l05_exponential_kernel","QuantileTransformer","NuSVC","0.7331899231283965","-1","-1","91.38","78.45","5.3875","79.89747696113866","78.71092392687157","-1.0","","[[365   1   9   9  16]
 [ 12 385   1   2   0]
 [ 15   0 299  12  74]
 [ 18   0  70 280  32]
 [  5   0 139  16 240]]","1.2873597145080566","0.37103843688964844"
"42","NuSVC","N_BaIoT_1000","-1","l05_exponential_kernel","QuantileTransformer","NuSVC","0.9762923747205964","-1","-1","99.53086419753086","97.88888888888887","0.2638888888888889","97.92232346299348","97.88874366493717","-1.0","","[[190   0   1   2   1   0   0   4   2]
 [  0 199   0   0   0   0   0   0   1]
 [  0   0 193   2   0   0   0   0   5]
 [  1   0   6 192   0   0   0   0   1]
 [  1   0   0   0 198   0   0   0   1]
 [  0   0   2   0   4 194   0   0   0]
 [  0   0   0   0   0   0 198   2   0]
 [  0   2   0   0   0   0   0 198   0]
 [  0   0   0   0   0   0   0   0 200]]","0.7730753421783447","1.3976852893829346"
"43","NuSVC","N_BaIoT_1000","-1","l05_exponential_kernel","QuantileTransformer","NuSVC","0.9769296146057467","-1","-1","99.54320987654322","97.94444444444443","0.2569444444444445","97.98084163520868","97.94077329756392","-1.0","","[[188   0   0   1   2   0   0   6   3]
 [  0 200   0   0   0   0   0   0   0]
 [  0   0 193   3   0   0   0   0   4]
 [  1   0   6 191   0   0   0   0   2]
 [  0   0   0   0 199   1   0   0   0]
 [  0   0   0   0   2 198   0   0   0]
 [  0   0   0   0   0   0 196   4   0]
 [  0   2   0   0   0   0   0 198   0]
 [  0   0   0   0   0   0   0   0 200]]","0.7726926803588867","0.39357852935791016"
"44","NuSVC","N_BaIoT_1000","-1","l05_exponential_kernel","QuantileTransformer","NuSVC","0.95945762351958","-1","-1","99.19753086419753","96.38888888888889","0.45138888888888884","96.46773051673082","96.39763688839477","-1.0","","[[193   0   1   1   1   0   0   2   2]
 [  1 192   0   0   0   2   0   0   5]
 [  0   0 189   9   0   0   0   0   2]
 [  1   0   5 188   0   0   0   0   6]
 [  1   0   0   0 194   1   0   0   4]
 [  1   0   2   0   7 190   0   0   0]
 [  0   0   0   0   0   0 196   3   1]
 [  0   7   0   0   0   0   0 193   0]
 [  0   0   0   0   0   0   0   0 200]]","0.7732217311859131","0.3907926082611084"
"42","NuSVC","ToN_IoT_1000","-1","l05_exponential_kernel","QuantileTransformer","NuSVC","0.8961009115391897","-1","-1","97.7734375","87.89583333333333","1.2723214285714286","92.13063027005106","89.40759897276584","-1.0","","[[163   0   2   0   6   0   4  25]
 [  1  74  14   0   0  13   0  18]
 [  3   3 178   0   0   5   0  11]
 [  6   0   0 191   0   0   0   3]
 [  5   0   4   0 180  10   0   1]
 [  1   0   0   0   0 399   0   0]
 [  0   0   4  14   0   0 179   3]
 [  0   0  13   0   0   2   0 385]]","0.737464189529419","0.3363916873931885"
"43","NuSVC","ToN_IoT_1000","-1","l05_exponential_kernel","QuantileTransformer","NuSVC","0.9086892549231853","-1","-1","98.046875","89.6875","1.1160714285714286","92.47242568176178","90.87058529444366","-1.0","","[[173   0   1   0   5   0   3  18]
 [  0  87  18   0   0  10   0   5]
 [  4   7 166   0   0   5   1  17]
 [  2   0   0 194   0   0   0   4]
 [  5   0   3   0 184   8   0   0]
 [  0   0   0   0   0 400   0   0]
 [  1   0   0  12   0   0 180   7]
 [  0   2  10   0   0   2   0 386]]","0.656069278717041","0.3407106399536133"
"44","NuSVC","ToN_IoT_1000","-1","l05_exponential_kernel","QuantileTransformer","NuSVC","0.9099090894787145","-1","-1","98.07291666666667","90.42708333333334","1.1011904761904763","92.73252677896618","91.38137814444165","-1.0","","[[171   0   0   0   3   0   1  25]
 [  1  92  17   0   0   5   0   5]
 [  3   2 179   0   0   3   0  13]
 [  3   0   1 193   0   0   0   3]
 [  6   0   5   1 181   7   0   0]
 [  0   0   1   0   0 399   0   0]
 [  0   0   2  13   0   0 183   2]
 [  4   4  13   0   0   5   0 374]]","0.6835780143737793","0.331714391708374"
"42","NuSVC","UNSW_NB15_1000","-1","l05_exponential_kernel","QuantileTransformer","NuSVC","0.541319775254639","-1","-1","89.98257839721255","60.526785714285715","5.724240915878546","60.983359816143356","59.67298916853166","-1.0","","[[197   1   0   0   0   0   2   0]
 [  0 110  58   6  26   0   0   0]
 [  2  80  60   6  27   4  18   3]
 [  2  45  12  80  35   8   8  10]
 [  0  96  30  19  39   5   9   2]
 [  0  14   6   3  11 160   6   0]
 [  0   0   0   0   0   9 191   0]
 [  0   0   0   3   3   2   4  23]]","0.721092939376831","0.24415349960327148"
"43","NuSVC","UNSW_NB15_1000","-1","l05_exponential_kernel","QuantileTransformer","NuSVC","0.5547397444510295","-1","-1","90.1567944250871","60.5625","5.624688899950224","60.21560630608259","58.69176928908468","-1.0","","[[199   0   0   0   0   0   1   0]
 [  2 147  37  10   4   0   0   0]
 [  1 105  48   8  18   4  14   2]
 [  1  46  22  75  25   6  17   8]
 [  3 101  44  23  18   2   8   1]
 [  0  12   6   7   5 170   0   0]
 [  0   0   0   0   0   8 192   0]
 [  0   0   0   6   3   1   4  21]]","0.7208731174468994","0.25307440757751465"
"44","NuSVC","UNSW_NB15_1000","-1","l05_exponential_kernel","QuantileTransformer","NuSVC","0.5427711407798202","-1","-1","90.01742160278746","59.17857142857144","5.704330512692882","60.15489561706248","58.44787108863149","-1.0","","[[194   0   2   0   0   3   1   0]
 [  1 112  69  10   8   0   0   0]
 [  3  75  80  17  11   2  11   1]
 [  2  34  34  85  19   5  11  10]
 [  1  60  73  30  20   2  14   0]
 [  0  10  14   4   5 162   5   0]
 [  0   0   1   0   0   8 191   0]
 [  0   1   1   8   3   0   4  18]]","0.7152004241943359","0.24749755859375"
