Seed,Input Model,Data Type,Poly,Kernel,SCALER,Model,Q,Gamma,MCC,ACC,TPR Macro,FPR,PPV Macro,F1 Macro,Training time,Test time,CFS Matrix,Source
42,SpectralNFST-Tuned,BoT_IoT_1000,-1,l05_exponential_kernel,QuantileTransformer,SpectralNFST-Tuned,1,0.01,0.9951916608340916,99.86824769433466,99.47619047619048,0.07905138339920949,99.462562652774,99.4685865608095,199.57338790001813,2.9507034000125714,"[[197   0   1   0   2   0]
 [  1 399   0   0   0   0]
 [  0   0 400   0   0   0]
 [  0   0   0 400   0   0]
 [  2   0   0   0 398   0]
 [  2   0   0   0   0 222]]",final-best-config
42,SpectralNFST-Tuned,CIC_IoT2023_1000,-1,l05_exponential_kernel,QuantileTransformer,SpectralNFST-Tuned,1,0.1,0.9588845399496769,99.03333333333333,95.23333333333333,0.58,95.49529833359138,95.19272111395986,197.77399509999668,9.963368900003843,"[[192   0   0   0   2   6]
 [  0 999   0   1   0   0]
 [  0   0 199   1   0   0]
 [  0   0   0 200   0   0]
 [ 25   0   0   0 165  10]
 [ 11   0   0   0   2 187]]",final-best-config
42,SpectralNFST-Tuned,ToN_IoT_1000,0,l05_exponential_kernel,QuantileTransformer,SpectralNFST-Tuned,2,0.001,0.9847869119670684,99.67447916666666,98.5,0.1860119047619047,98.49063701395715,98.488708460104,134.81249620000017,4.802266700004111,,reused-gamma-grid
42,SpectralNFST-Tuned,UNSW_NB15_1000,0,l05_exponential_kernel,QuantileTransformer,SpectralNFST-Tuned,2,0.1,0.5214718492332461,89.65156794425087,59.92857142857143,5.913389746142359,59.43503523418483,59.38642506307983,55.00038089999725,2.788119999997434,,reused-gamma-grid
42,SpectralNFST-Tuned,IoTID20_2000,-1,l05_exponential_kernel,QuantileTransformer,SpectralNFST-Tuned,2,0.01,0.902156121817036,96.86,92.15,1.9625,92.30359454871986,92.1745965927114,158.44003280000106,7.396638600002916,,reused-gamma-grid
42,SpectralNFST-Tuned,N_BaIoT_1000,-1,l05_exponential_kernel,QuantileTransformer,SpectralNFST-Tuned,1,0.01,0.9981274260071088,99.96296296296296,99.83333333333333,0.020833333333333336,99.83579638752053,99.83360488859118,173.83282279997366,10.270240399986506,"[[200   0   0   0   0   0   0   0   0]
 [  0 200   0   0   0   0   0   0   0]
 [  0   0 200   0   0   0   0   0   0]
 [  1   0   0 199   0   0   0   0   0]
 [  2   0   0   0 198   0   0   0   0]
 [  0   0   0   0   0 200   0   0   0]
 [  0   0   0   0   0   0 200   0   0]
 [  0   0   0   0   0   0   0 200   0]
 [  0   0   0   0   0   0   0   0 200]]",final-best-config
42,SpectralNFST-Tuned,Edge_IIoTset_1000,0,l05_exponential_kernel,QuantileTransformer,SpectralNFST-Tuned,5,0.1,0.7710117716452033,97.08,78.10000000000001,1.5642857142857143,83.44060254714744,77.23006522635477,469.70787849999033,18.219399199995678,"[[ 55  22   0   0   0   0  44   0   1  77   0   0   1   0   0]
 [  0 192   0   0   0   0   1   0   0   3   4   0   0   0   0]
 [  1   0 160   0   0   0   2   0   4   0   0  14   1   1  17]
 [  0   0   0 199   0   0   0   0   0   1   0   0   0   0   0]
 [  0   0   0   0 200   0   0   0   0   0   0   0   0   0   0]
 [  0   0   0   0   0 200   0   0   0   0   0   0   0   0   0]
 [  6  36   0   0   0   0  79   0   0  76   0   0   3   0   0]
 [  0 137   0   0   0   0   0  63   0   0   0   0   0   0   0]
 [  0   0  15   0   0   0   2   0 158   0   0  16   2   0   7]
 [  0   5   0   0   0   0   0   0   0 195   0   0   0   0   0]
 [  0  23   0   0   0   0   0   0   0  10 167   0   0   0   0]
 [  0   0  18   0   0   0   0   0   8   0   0 163   1   0  10]
 [  0   0   7   0   0   0   0   0   6   0   2   6 166   0  13]
 [  0   0   2   0   0   0   0   0   0   0   0   7   1 188   2]
 [  0  12  11   0   0   0   0   0   9   0   0   8   2   0 158]]",final-best-config
42,SpectralNFST-Tuned,5G_NIDD_1000,-1,l05_exponential_kernel,QuantileTransformer,SpectralNFST-Tuned,1,0.01,0.9950079462757454,99.90123456790123,99.55555555555554,0.05555555555555555,99.56046286778084,99.55482691820158,169.47134180000285,7.811324700014666,"[[200   0   0   0   0   0   0   0   0]
 [  0 200   0   0   0   0   0   0   0]
 [  0   0 200   0   0   0   0   0   0]
 [  0   0   0 200   0   0   0   0   0]
 [  0   0   0   0 200   0   0   0   0]
 [  0   4   0   0   0 195   1   0   0]
 [  1   0   1   0   0   0 198   0   0]
 [  0   0   0   0   0   0   0 200   0]
 [  0   0   0   0   0   0   0   1 199]]",final-best-config
