Data Type,Drop Cls,Kernel,SCALER,Model,MCC,NDR,AUC_N,ACC,TPR Macro,FPR,PPV Macro,F1 Macro,AUC,CLS Report,CFS Matrix,Training time,Test time
BoT_IoT,*,rbf,QuantileTransformer,LDA,0.9495989644447458,-1,-1,98.61660079051383,95.28869047619048,0.8300395256916997,95.27386471418285,95.25918571693613,-1,"{'0Normal': {'precision': 0.9128205128205128, 'recall': 0.89, 'f1-score': 0.9012658227848102, 'support': 200.0}, 'HTTP': {'precision': 0.9693877551020408, 'recall': 0.95, 'f1-score': 0.9595959595959594, 'support': 400.0}, 'TCP': {'precision': 0.9589371980676329, 'recall': 0.9925, 'f1-score': 0.9754299754299756, 'support': 400.0}, 'UDP': {'precision': 0.9706601466992665, 'recall': 0.9925, 'f1-score': 0.9814585908529048, 'support': 400.0}, 'scan': {'precision': 0.9738903394255874, 'recall': 0.9325, 'f1-score': 0.9527458492975734, 'support': 400.0}, 'theft': {'precision': 0.9307359307359307, 'recall': 0.9598214285714286, 'f1-score': 0.9450549450549451, 'support': 224.0}, 'accuracy': 0.958498023715415, 'macro avg': {'precision': 0.9527386471418285, 'recall': 0.9528869047619049, 'f1-score': 0.9525918571693613, 'support': 2024.0}, 'weighted avg': {'precision': 0.9585964065053172, 'recall': 0.958498023715415, 'f1-score': 0.9583189833596022, 'support': 2024.0}}","[[178   4   1   9   8   0]
 [ 11 380   5   0   1   3]
 [  0   2 397   0   1   0]
 [  0   0   3 397   0   0]
 [  2   2   7   3 373  13]
 [  4   4   1   0   0 215]]",0.005240440368652344,0.00021696090698242188
BoT_IoT,*,rbf,QuantileTransformer,MLP,0.9897907966020854,-1,-1,99.72002635046113,99.05357142857144,0.16798418972332016,98.94806538131479,98.99545364681,-1,"{'0Normal': {'precision': 0.9660194174757282, 'recall': 0.995, 'f1-score': 0.9802955665024631, 'support': 200.0}, 'HTTP': {'precision': 0.9950124688279302, 'recall': 0.9975, 'f1-score': 0.9962546816479401, 'support': 400.0}, 'TCP': {'precision': 0.9925187032418953, 'recall': 0.995, 'f1-score': 0.9937578027465668, 'support': 400.0}, 'UDP': {'precision': 1.0, 'recall': 1.0, 'f1-score': 1.0, 'support': 400.0}, 'scan': {'precision': 0.9924242424242424, 'recall': 0.9825, 'f1-score': 0.9874371859296482, 'support': 400.0}, 'theft': {'precision': 0.990909090909091, 'recall': 0.9732142857142857, 'f1-score': 0.9819819819819819, 'support': 224.0}, 'accuracy': 0.991600790513834, 'macro avg': {'precision': 0.9894806538131479, 'recall': 0.9905357142857144, 'f1-score': 0.9899545364681, 'support': 2024.0}, 'weighted avg': {'precision': 0.9916747458776725, 'recall': 0.991600790513834, 'f1-score': 0.9916022457480824, 'support': 2024.0}}","[[199   0   0   0   1   0]
 [  1 399   0   0   0   0]
 [  0   2 398   0   0   0]
 [  0   0   0 400   0   0]
 [  2   0   3   0 393   2]
 [  4   0   0   0   2 218]]",2.3007495403289795,0.0008113384246826172
BoT_IoT,*,rbf,QuantileTransformer,LGBM,0.9957972726114468,-1,-1,99.88471673254283,99.5684523809524,0.0691699604743083,99.47042402754855,99.5161369754455,-1,"{'0Normal': {'precision': 0.9707317073170731, 'recall': 0.995, 'f1-score': 0.982716049382716, 'support': 200.0}, 'HTTP': {'precision': 1.0, 'recall': 0.9975, 'f1-score': 0.9987484355444306, 'support': 400.0}, 'TCP': {'precision': 1.0, 'recall': 1.0, 'f1-score': 1.0, 'support': 400.0}, 'UDP': {'precision': 1.0, 'recall': 1.0, 'f1-score': 1.0, 'support': 400.0}, 'scan': {'precision': 0.9974937343358395, 'recall': 0.995, 'f1-score': 0.9962453066332916, 'support': 400.0}, 'theft': {'precision': 1.0, 'recall': 0.9866071428571429, 'f1-score': 0.9932584269662922, 'support': 224.0}, 'accuracy': 0.9965415019762845, 'macro avg': {'precision': 0.9947042402754854, 'recall': 0.9956845238095239, 'f1-score': 0.995161369754455, 'support': 2024.0}, 'weighted avg': {'precision': 0.9966125667973075, 'recall': 0.9965415019762845, 'f1-score': 0.9965566177806726, 'support': 2024.0}}","[[199   0   0   0   1   0]
 [  1 399   0   0   0   0]
 [  0   0 400   0   0   0]
 [  0   0   0 400   0   0]
 [  2   0   0   0 398   0]
 [  3   0   0   0   0 221]]",0.9606978893280029,0.01001739501953125
BoT_IoT,*,rbf,QuantileTransformer,NuSVC,0.9159367828150311,-1,-1,97.67786561264822,93.02380952380952,1.3932806324110671,92.61316161176238,92.68259306742964,-1,"{'0Normal': {'precision': 0.8243243243243243, 'recall': 0.915, 'f1-score': 0.8672985781990522, 'support': 200.0}, 'HTTP': {'precision': 0.9226804123711341, 'recall': 0.895, 'f1-score': 0.9086294416243655, 'support': 400.0}, 'TCP': {'precision': 0.8853932584269663, 'recall': 0.985, 'f1-score': 0.9325443786982248, 'support': 400.0}, 'UDP': {'precision': 0.9792746113989638, 'recall': 0.945, 'f1-score': 0.9618320610687023, 'support': 400.0}, 'scan': {'precision': 0.9944444444444445, 'recall': 0.895, 'f1-score': 0.9421052631578948, 'support': 400.0}, 'theft': {'precision': 0.9506726457399103, 'recall': 0.9464285714285714, 'f1-score': 0.9485458612975392, 'support': 224.0}, 'accuracy': 0.9303359683794467, 'macro avg': {'precision': 0.9261316161176238, 'recall': 0.9302380952380952, 'f1-score': 0.9268259306742964, 'support': 2024.0}, 'weighted avg': {'precision': 0.934057622612257, 'recall': 0.9303359683794467, 'f1-score': 0.9308193905089596, 'support': 2024.0}}","[[183   4   5   8   0   0]
 [ 12 358  23   0   0   7]
 [  0   3 394   0   2   1]
 [ 16   0   6 378   0   0]
 [  5  19  15   0 358   3]
 [  6   4   2   0   0 212]]",0.6294453144073486,0.18432235717773438
BoT_IoT,*,rbf,QuantileTransformer,SGD,0.9759815405676723,-1,-1,99.34123847167325,97.7470238095238,0.3952569169960474,97.65482743431015,97.69127139032862,-1,"{'0Normal': {'precision': 0.9323671497584541, 'recall': 0.965, 'f1-score': 0.9484029484029484, 'support': 200.0}, 'HTTP': {'precision': 0.9898477157360406, 'recall': 0.975, 'f1-score': 0.982367758186398, 'support': 400.0}, 'TCP': {'precision': 0.972972972972973, 'recall': 0.99, 'f1-score': 0.9814126394052045, 'support': 400.0}, 'UDP': {'precision': 0.9950248756218906, 'recall': 1.0, 'f1-score': 0.9975062344139651, 'support': 400.0}, 'scan': {'precision': 0.9873417721518988, 'recall': 0.975, 'f1-score': 0.9811320754716981, 'support': 400.0}, 'theft': {'precision': 0.9817351598173516, 'recall': 0.9598214285714286, 'f1-score': 0.9706546275395034, 'support': 224.0}, 'accuracy': 0.9802371541501976, 'macro avg': {'precision': 0.9765482743431014, 'recall': 0.977470238095238, 'f1-score': 0.9769127139032863, 'support': 2024.0}, 'weighted avg': {'precision': 0.980462964596788, 'recall': 0.9802371541501976, 'f1-score': 0.9802740658302098, 'support': 2024.0}}","[[193   1   2   2   2   0]
 [  7 390   2   0   0   1]
 [  1   2 396   0   1   0]
 [  0   0   0 400   0   0]
 [  2   1   4   0 390   3]
 [  4   0   3   0   2 215]]",0.07249140739440918,0.00047469139099121094
BoT_IoT,['*'],None,QuantileTransformer,LDA_FTSP,0.9495989644447458,-1,-1,98.61660079051383,95.28869047619048,0.8300395256916997,95.27386471418285,95.25918571693613,-1,"{'0Normal': {'precision': 0.9128205128205128, 'recall': 0.89, 'f1-score': 0.9012658227848102, 'support': 200.0}, 'HTTP': {'precision': 0.9693877551020408, 'recall': 0.95, 'f1-score': 0.9595959595959594, 'support': 400.0}, 'TCP': {'precision': 0.9589371980676329, 'recall': 0.9925, 'f1-score': 0.9754299754299756, 'support': 400.0}, 'UDP': {'precision': 0.9706601466992665, 'recall': 0.9925, 'f1-score': 0.9814585908529048, 'support': 400.0}, 'scan': {'precision': 0.9738903394255874, 'recall': 0.9325, 'f1-score': 0.9527458492975734, 'support': 400.0}, 'theft': {'precision': 0.9307359307359307, 'recall': 0.9598214285714286, 'f1-score': 0.9450549450549451, 'support': 224.0}, 'accuracy': 0.958498023715415, 'macro avg': {'precision': 0.9527386471418285, 'recall': 0.9528869047619049, 'f1-score': 0.9525918571693613, 'support': 2024.0}, 'weighted avg': {'precision': 0.9585964065053172, 'recall': 0.958498023715415, 'f1-score': 0.9583189833596022, 'support': 2024.0}}","[[178   4   1   9   8   0]
 [ 11 380   5   0   1   3]
 [  0   2 397   0   1   0]
 [  0   0   3 397   0   0]
 [  2   2   7   3 373  13]
 [  4   4   1   0   0 215]]",0.006068706512451172,0.0002186298370361328
BoT_IoT,['*'],None,QuantileTransformer,MLP_FTSP,0.9861920274204582,-1,-1,99.62121212121212,98.6875,0.22727272727272727,98.54961529208552,98.61102869536612,-1,"{'0Normal': {'precision': 0.9516908212560387, 'recall': 0.985, 'f1-score': 0.968058968058968, 'support': 200.0}, 'HTTP': {'precision': 0.9950124688279302, 'recall': 0.9975, 'f1-score': 0.9962546816479401, 'support': 400.0}, 'TCP': {'precision': 0.9925187032418953, 'recall': 0.995, 'f1-score': 0.9937578027465668, 'support': 400.0}, 'UDP': {'precision': 0.9950248756218906, 'recall': 1.0, 'f1-score': 0.9975062344139651, 'support': 400.0}, 'scan': {'precision': 0.9923664122137404, 'recall': 0.975, 'f1-score': 0.9836065573770492, 'support': 400.0}, 'theft': {'precision': 0.9863636363636363, 'recall': 0.96875, 'f1-score': 0.9774774774774775, 'support': 224.0}, 'accuracy': 0.9886363636363636, 'macro avg': {'precision': 0.9854961529208551, 'recall': 0.986875, 'f1-score': 0.9861102869536612, 'support': 2024.0}, 'weighted avg': {'precision': 0.9887611673709708, 'recall': 0.9886363636363636, 'f1-score': 0.9886446932020538, 'support': 2024.0}}","[[197   0   0   1   1   1]
 [  1 399   0   0   0   0]
 [  0   2 398   0   0   0]
 [  0   0   0 400   0   0]
 [  4   0   3   1 390   2]
 [  5   0   0   0   2 217]]",2.384442090988159,0.0006721019744873047
BoT_IoT,['*'],None,QuantileTransformer,LGBM_FTSP,0.9933923108717471,-1,-1,99.81884057971014,99.36011904761905,0.10869565217391304,99.26784705060315,99.31168573141447,-1,"{'0Normal': {'precision': 0.9705882352941176, 'recall': 0.99, 'f1-score': 0.9801980198019802, 'support': 200.0}, 'HTTP': {'precision': 1.0, 'recall': 0.9975, 'f1-score': 0.9987484355444306, 'support': 400.0}, 'TCP': {'precision': 0.9950248756218906, 'recall': 1.0, 'f1-score': 0.9975062344139651, 'support': 400.0}, 'UDP': {'precision': 1.0, 'recall': 1.0, 'f1-score': 1.0, 'support': 400.0}, 'scan': {'precision': 0.9949622166246851, 'recall': 0.9875, 'f1-score': 0.9912170639899623, 'support': 400.0}, 'theft': {'precision': 0.9954954954954955, 'recall': 0.9866071428571429, 'f1-score': 0.9910313901345291, 'support': 224.0}, 'accuracy': 0.9945652173913043, 'macro avg': {'precision': 0.9926784705060315, 'recall': 0.9936011904761904, 'f1-score': 0.9931168573141447, 'support': 2024.0}, 'weighted avg': {'precision': 0.9946163413776903, 'recall': 0.9945652173913043, 'f1-score': 0.9945747672578428, 'support': 2024.0}}","[[198   0   0   0   2   0]
 [  1 399   0   0   0   0]
 [  0   0 400   0   0   0]
 [  0   0   0 400   0   0]
 [  2   0   2   0 395   1]
 [  3   0   0   0   0 221]]",0.9126391410827637,0.009481430053710938
BoT_IoT,['*'],None,QuantileTransformer,NuSVC_FTSP,0.9211010965051541,-1,-1,97.82608695652173,93.11904761904762,1.3043478260869565,93.26767286700927,93.10873637062525,-1,"{'0Normal': {'precision': 0.8872549019607843, 'recall': 0.905, 'f1-score': 0.8960396039603961, 'support': 200.0}, 'HTTP': {'precision': 0.9073170731707317, 'recall': 0.93, 'f1-score': 0.9185185185185186, 'support': 400.0}, 'TCP': {'precision': 0.8952164009111617, 'recall': 0.9825, 'f1-score': 0.9368295589988082, 'support': 400.0}, 'UDP': {'precision': 0.9769230769230769, 'recall': 0.9525, 'f1-score': 0.9645569620253164, 'support': 400.0}, 'scan': {'precision': 0.9972222222222222, 'recall': 0.8975, 'f1-score': 0.9447368421052631, 'support': 400.0}, 'theft': {'precision': 0.9321266968325792, 'recall': 0.9196428571428571, 'f1-score': 0.9258426966292135, 'support': 224.0}, 'accuracy': 0.9347826086956522, 'macro avg': {'precision': 0.9326767286700927, 'recall': 0.9311904761904762, 'f1-score': 0.9310873637062526, 'support': 2024.0}, 'weighted avg': {'precision': 0.9372128803228911, 'recall': 0.9347826086956522, 'f1-score': 0.935006639079143, 'support': 2024.0}}","[[181   4   5   9   0   1]
 [ 13 372   8   0   0   7]
 [  0   4 393   0   1   2]
 [  4   0  15 381   0   0]
 [  0  18  18   0 359   5]
 [  6  12   0   0   0 206]]",0.6405148506164551,0.22220110893249512
BoT_IoT,['*'],None,QuantileTransformer,SGD_FTSP,0.9567458883877041,-1,-1,98.81422924901186,95.83928571428572,0.7114624505928854,96.18731535882473,95.98405042282839,-1,"{'0Normal': {'precision': 0.9317073170731708, 'recall': 0.955, 'f1-score': 0.9432098765432099, 'support': 200.0}, 'HTTP': {'precision': 0.9723618090452262, 'recall': 0.9675, 'f1-score': 0.9699248120300752, 'support': 400.0}, 'TCP': {'precision': 0.9657701711491442, 'recall': 0.9875, 'f1-score': 0.9765142150803461, 'support': 400.0}, 'UDP': {'precision': 0.9827160493827161, 'recall': 0.995, 'f1-score': 0.9888198757763975, 'support': 400.0}, 'scan': {'precision': 0.9525, 'recall': 0.9525, 'f1-score': 0.9525, 'support': 400.0}, 'theft': {'precision': 0.966183574879227, 'recall': 0.8928571428571429, 'f1-score': 0.9280742459396752, 'support': 224.0}, 'accuracy': 0.9644268774703557, 'macro avg': {'precision': 0.9618731535882473, 'recall': 0.9583928571428572, 'f1-score': 0.9598405042282839, 'support': 2024.0}, 'weighted avg': {'precision': 0.9644791482304425, 'recall': 0.9644268774703557, 'f1-score': 0.9642461302143561, 'support': 2024.0}}","[[191   2   0   4   2   1]
 [ 10 387   1   0   0   2]
 [  0   4 395   0   0   1]
 [  0   0   2 398   0   0]
 [  0   4   9   3 381   3]
 [  4   1   2   0  17 200]]",0.04799389839172363,0.0004050731658935547
BoT_IoT,['*'],rbf,QuantileTransformer,LDA_FTSP,0.9844019456905956,-1,-1,99.57180500658761,98.5386904761905,0.25691699604743085,98.2934437064022,98.3992181053147,-1,"{'0Normal': {'precision': 0.9339622641509434, 'recall': 0.99, 'f1-score': 0.9611650485436893, 'support': 200.0}, 'HTTP': {'precision': 0.9924812030075187, 'recall': 0.99, 'f1-score': 0.9912390488110137, 'support': 400.0}, 'TCP': {'precision': 0.9974874371859297, 'recall': 0.9925, 'f1-score': 0.9949874686716792, 'support': 400.0}, 'UDP': {'precision': 1.0, 'recall': 0.9975, 'f1-score': 0.9987484355444306, 'support': 400.0}, 'scan': {'precision': 0.9874371859296482, 'recall': 0.9825, 'f1-score': 0.9849624060150376, 'support': 400.0}, 'theft': {'precision': 0.9862385321100917, 'recall': 0.9598214285714286, 'f1-score': 0.9728506787330317, 'support': 224.0}, 'accuracy': 0.9871541501976284, 'macro avg': {'precision': 0.982934437064022, 'recall': 0.9853869047619049, 'f1-score': 0.983992181053147, 'support': 2024.0}, 'weighted avg': {'precision': 0.9874862719723756, 'recall': 0.9871541501976284, 'f1-score': 0.9872166528467398, 'support': 2024.0}}","[[198   1   0   0   1   0]
 [  3 396   0   0   1   0]
 [  0   2 397   0   0   1]
 [  1   0   0 399   0   0]
 [  4   0   1   0 393   2]
 [  6   0   0   0   3 215]]",106.25809264183044,0.01983642578125
BoT_IoT,['*'],rbf,QuantileTransformer,MLP_FTSP,0.9765823753002868,-1,-1,99.35770750988142,97.78571428571428,0.38537549407114624,97.73275078189724,97.75058051547161,-1,"{'0Normal': {'precision': 0.9642857142857143, 'recall': 0.945, 'f1-score': 0.9545454545454546, 'support': 200.0}, 'HTTP': {'precision': 0.9875621890547264, 'recall': 0.9925, 'f1-score': 0.9900249376558605, 'support': 400.0}, 'TCP': {'precision': 0.9949748743718593, 'recall': 0.99, 'f1-score': 0.9924812030075189, 'support': 400.0}, 'UDP': {'precision': 0.9852216748768473, 'recall': 1.0, 'f1-score': 0.9925558312655086, 'support': 400.0}, 'scan': {'precision': 0.979539641943734, 'recall': 0.9575, 'f1-score': 0.9683944374209861, 'support': 400.0}, 'theft': {'precision': 0.9523809523809523, 'recall': 0.9821428571428571, 'f1-score': 0.967032967032967, 'support': 224.0}, 'accuracy': 0.9807312252964426, 'macro avg': {'precision': 0.9773275078189724, 'recall': 0.9778571428571428, 'f1-score': 0.9775058051547161, 'support': 2024.0}, 'weighted avg': {'precision': 0.9807854882852485, 'recall': 0.9807312252964426, 'f1-score': 0.9806852960792614, 'support': 2024.0}}","[[189   2   0   5   3   1]
 [  1 397   0   0   2   0]
 [  0   2 396   0   2   0]
 [  0   0   0 400   0   0]
 [  3   1   2   1 383  10]
 [  3   0   0   0   1 220]]",13.099804639816284,0.024039268493652344
BoT_IoT,['*'],rbf,QuantileTransformer,LGBM_FTSP,0.9813920869885658,-1,-1,99.48945981554678,98.20535714285715,0.30632411067193677,98.10661134579914,98.1405923080255,-1,"{'0Normal': {'precision': 0.9285714285714286, 'recall': 0.975, 'f1-score': 0.951219512195122, 'support': 200.0}, 'HTTP': {'precision': 0.9924812030075187, 'recall': 0.99, 'f1-score': 0.9912390488110137, 'support': 400.0}, 'TCP': {'precision': 0.9900249376558603, 'recall': 0.9925, 'f1-score': 0.9912609238451936, 'support': 400.0}, 'UDP': {'precision': 0.9900497512437811, 'recall': 0.995, 'f1-score': 0.9925187032418954, 'support': 400.0}, 'scan': {'precision': 0.98989898989899, 'recall': 0.98, 'f1-score': 0.9849246231155778, 'support': 400.0}, 'theft': {'precision': 0.9953703703703703, 'recall': 0.9598214285714286, 'f1-score': 0.9772727272727272, 'support': 224.0}, 'accuracy': 0.9846837944664032, 'macro avg': {'precision': 0.9810661134579913, 'recall': 0.9820535714285715, 'f1-score': 0.981405923080255, 'support': 2024.0}, 'weighted avg': {'precision': 0.9850094868575636, 'recall': 0.9846837944664032, 'f1-score': 0.9847481783367528, 'support': 2024.0}}","[[195   1   0   2   2   0]
 [  3 396   1   0   0   0]
 [  1   2 397   0   0   0]
 [  2   0   0 398   0   0]
 [  2   0   3   2 392   1]
 [  7   0   0   0   2 215]]",90.2567765712738,0.018236160278320312
BoT_IoT,['*'],rbf,QuantileTransformer,NuSVC_FTSP,0.9193688444255502,-1,-1,97.76021080368906,93.50892857142857,1.3438735177865613,92.3815361002755,92.67983042759235,-1,"{'0Normal': {'precision': 0.7836734693877551, 'recall': 0.96, 'f1-score': 0.8629213483146067, 'support': 200.0}, 'HTTP': {'precision': 0.9613259668508287, 'recall': 0.87, 'f1-score': 0.9133858267716535, 'support': 400.0}, 'TCP': {'precision': 0.906392694063927, 'recall': 0.9925, 'f1-score': 0.9474940334128878, 'support': 400.0}, 'UDP': {'precision': 0.987146529562982, 'recall': 0.96, 'f1-score': 0.973384030418251, 'support': 400.0}, 'scan': {'precision': 0.9916897506925207, 'recall': 0.895, 'f1-score': 0.9408672798948752, 'support': 400.0}, 'theft': {'precision': 0.9126637554585153, 'recall': 0.9330357142857143, 'f1-score': 0.9227373068432672, 'support': 224.0}, 'accuracy': 0.932806324110672, 'macro avg': {'precision': 0.923815361002755, 'recall': 0.9350892857142857, 'f1-score': 0.9267983042759235, 'support': 2024.0}, 'weighted avg': {'precision': 0.9386330788381235, 'recall': 0.932806324110672, 'f1-score': 0.9334633866575495, 'support': 2024.0}}","[[192   2   0   5   0   1]
 [ 23 348  22   0   0   7]
 [  0   2 397   0   1   0]
 [ 10   0   6 384   0   0]
 [  7  10  13   0 358  12]
 [ 13   0   0   0   2 209]]",226.67968034744263,60.67755675315857
BoT_IoT,['*'],rbf,QuantileTransformer,SGD_FTSP,0.9115121008716264,-1,-1,97.5296442687747,92.20535714285715,1.4822134387351777,93.46402158327787,92.46840621587197,-1,"{'0Normal': {'precision': 0.9770114942528736, 'recall': 0.85, 'f1-score': 0.9090909090909092, 'support': 200.0}, 'HTTP': {'precision': 0.8045738045738046, 'recall': 0.9675, 'f1-score': 0.8785471055618614, 'support': 400.0}, 'TCP': {'precision': 0.992462311557789, 'recall': 0.9875, 'f1-score': 0.9899749373433584, 'support': 400.0}, 'UDP': {'precision': 0.9658536585365853, 'recall': 0.99, 'f1-score': 0.9777777777777777, 'support': 400.0}, 'scan': {'precision': 0.9569230769230769, 'recall': 0.7775, 'f1-score': 0.8579310344827586, 'support': 400.0}, 'theft': {'precision': 0.9110169491525424, 'recall': 0.9598214285714286, 'f1-score': 0.9347826086956522, 'support': 224.0}, 'accuracy': 0.9258893280632411, 'macro avg': {'precision': 0.9346402158327787, 'recall': 0.9220535714285715, 'f1-score': 0.9246840621587197, 'support': 2024.0}, 'weighted avg': {'precision': 0.9325075277160308, 'recall': 0.9258893280632411, 'f1-score': 0.9253467530792048, 'support': 2024.0}}","[[170   3   0   7  13   7]
 [  1 387   0   2   1   9]
 [  0   5 395   0   0   0]
 [  0   4   0 396   0   0]
 [  0  78   3   3 311   5]
 [  3   4   0   2   0 215]]",6.386174917221069,0.011160850524902344
