dataset,model,kernel,scaler,poly,ridge,n_train,n_test,n_classes,MCC,ACC,TPR_macro,FPR,PPV_macro,F1_macro,AUROC_OvR_macro,AUROC_binary,t_preprocess_s,t_fit_s,t_predict_s,peak_rss_mb,status
5G_NIDD,HHH,laplacian,StandardScaler,-1,0.001,6880,1800,9,0.966376845285712,99.33333333333333,97.00000000000001,0.375,97.06740461119543,96.98347276598957,99.3634027777778,99.23234375,0.0511171817779541,1.233747959136963,0.34755682945251465,7165.3125,ok
5G_NIDD,HHH,laplacian,StandardScaler,-1,0.1,6880,1800,9,0.9576945514669073,99.1604938271605,96.22222222222221,0.4722222222222222,96.33936508691957,96.20657695921379,99.26541666666667,98.69859375000001,0.05502605438232422,1.3792130947113037,0.345186710357666,7165.3125,ok
5G_NIDD,HHH,laplacian,StandardScaler,-1,1e-05,6880,1800,9,0.966376845285712,99.33333333333333,97.00000000000001,0.375,97.06740461119543,96.98347276598957,99.37032986111112,99.24796875,0.053739070892333984,1.3628058433532715,0.3461952209472656,7165.3125,ok
5G_NIDD,HHH,laplacian,StandardScaler,-1,1e-07,6880,1800,9,0.966376845285712,99.33333333333333,97.00000000000001,0.375,97.06740461119543,96.98347276598957,99.3704861111111,99.24843749999998,0.05642509460449219,1.3391718864440918,0.34592390060424805,7165.3125,ok
5G_NIDD,HHH,laplacian,StandardScaler,-1,1e-09,6880,1800,9,0.966376845285712,99.33333333333333,97.00000000000001,0.375,97.06740461119543,96.98347276598957,99.3704861111111,99.24843749999998,0.051441192626953125,1.2967469692230225,0.35071420669555664,7165.3125,ok
5G_NIDD,HHHv2,laplacian,MinMaxScaler,-1,0.001,6880,1800,9,0.9968767306902709,99.93827160493827,99.72222222222223,0.034722222222222224,99.7235959501848,99.72221944960954,99.82638888888889,100.0,0.0521237850189209,1.450117826461792,0.34700798988342285,7165.3125,ok
5G_NIDD,HHHv2,laplacian,MinMaxScaler,-1,0.1,6880,1800,9,0.993130862248086,99.8641975308642,99.38888888888887,0.0763888888888889,99.39271737875211,99.38845166954184,99.8275,99.99812499999999,0.05945014953613281,1.175278902053833,0.34610986709594727,7165.3125,ok
5G_NIDD,HHHv2,laplacian,MinMaxScaler,-1,1e-05,6880,1800,9,0.9962534592194057,99.92592592592592,99.66666666666666,0.04166666666666667,99.66968251245143,99.66679759081107,99.83194444444443,100.0,0.05922698974609375,1.266502857208252,0.3486959934234619,7165.3125,ok
5G_NIDD,HHHv2,laplacian,MinMaxScaler,-1,1e-07,6880,1800,9,0.9962534592194057,99.92592592592592,99.66666666666666,0.04166666666666667,99.66968251245143,99.66679759081107,99.83204861111112,100.0,0.050950050354003906,1.4124557971954346,0.3478970527648926,7165.3125,ok
5G_NIDD,HHHv2,laplacian,MinMaxScaler,-1,1e-09,6880,1800,9,0.9962534592194057,99.92592592592592,99.66666666666666,0.04166666666666667,99.66968251245143,99.66679759081107,99.83204861111112,100.0,0.051093101501464844,1.2795560359954834,0.35146284103393555,7165.3125,ok
BoT_IoT,HHH,laplacian,MinMaxScaler,-1,0.001,7729,2024,6,0.9993990310952776,99.98353096179183,99.92559523809524,0.009881422924901186,99.95843724023275,99.94190706806648,99.98352832512315,100.0,0.05743074417114258,1.2595219612121582,0.24521827697753906,2028.40625,ok
BoT_IoT,HHH,laplacian,MinMaxScaler,-1,0.1,7729,2024,6,0.9993990310952776,99.98353096179183,99.92559523809524,0.009881422924901186,99.95843724023275,99.94190706806648,99.98352832512315,100.0,0.055838823318481445,1.2074689865112305,0.24331378936767578,2029.0,ok
BoT_IoT,HHH,laplacian,MinMaxScaler,-1,1e-05,7729,2024,6,0.9993990310952776,99.98353096179183,99.92559523809524,0.009881422924901186,99.95843724023275,99.94190706806648,99.98354400428754,100.0,0.05448603630065918,1.262298822402954,0.24404096603393555,2027.953125,ok
BoT_IoT,HHH,laplacian,MinMaxScaler,-1,1e-07,7729,2024,6,0.9993990310952776,99.98353096179183,99.92559523809524,0.009881422924901186,99.95843724023275,99.94190706806648,99.98354400428754,100.0,0.05702090263366699,1.3192758560180664,0.24333786964416504,2027.859375,ok
BoT_IoT,HHH,laplacian,MinMaxScaler,-1,1e-09,7729,2024,6,0.9993990310952776,99.98353096179183,99.92559523809524,0.009881422924901186,99.95843724023275,99.94190706806648,99.98354400428754,100.0,0.08102130889892578,1.2980380058288574,0.25806593894958496,2012.546875,ok
BoT_IoT,HHHv2,laplacian,MinMaxScaler,-1,0.001,7729,2024,6,1.0,100.0,100.0,0.0,100.0,100.0,100.0,100.0,0.052487850189208984,1.3603038787841797,0.250441312789917,2029.1875,ok
BoT_IoT,HHHv2,laplacian,MinMaxScaler,-1,0.1,7729,2024,6,1.0,100.0,100.0,0.0,100.0,100.0,100.0,100.0,0.05490922927856445,1.307332992553711,0.2516627311706543,2029.21875,ok
BoT_IoT,HHHv2,laplacian,MinMaxScaler,-1,1e-05,7729,2024,6,1.0,100.0,100.0,0.0,100.0,100.0,100.0,100.0,0.053344011306762695,1.3136510848999023,0.25081872940063477,2029.15625,ok
BoT_IoT,HHHv2,laplacian,MinMaxScaler,-1,1e-07,7729,2024,6,1.0,100.0,100.0,0.0,100.0,100.0,100.0,100.0,0.05587291717529297,1.2618992328643799,0.24723601341247559,2029.109375,ok
BoT_IoT,HHHv2,laplacian,MinMaxScaler,-1,1e-09,7729,2024,6,1.0,100.0,100.0,0.0,100.0,100.0,100.0,100.0,0.05452537536621094,1.2226600646972656,0.25029516220092773,2029.046875,ok
CIC_IoT2023,HHH,laplacian,MinMaxScaler,-1,0.001,7640,2000,6,0.9957186717165477,99.9,99.63333333333333,0.06,99.50371902861929,99.5678942774741,99.9177148148148,100.0,0.11708498001098633,1.7257909774780273,0.4222540855407715,3033.9375,ok
CIC_IoT2023,HHH,laplacian,MinMaxScaler,-1,0.1,7640,2000,6,0.9935804866104967,99.85000000000001,99.45,0.09,99.25660066006601,99.35234557811854,99.91081666666666,100.0,0.12020707130432129,1.4497582912445068,0.42321205139160156,3033.9375,ok
CIC_IoT2023,HHH,laplacian,MinMaxScaler,-1,1e-05,7640,2000,6,0.9957186717165477,99.9,99.63333333333333,0.06,99.50371902861929,99.5678942774741,99.91831111111111,100.0,0.12128996849060059,1.4781110286712646,0.42446112632751465,3033.9375,ok
CIC_IoT2023,HHH,laplacian,MinMaxScaler,-1,1e-07,7640,2000,6,0.9957186717165477,99.9,99.63333333333333,0.06,99.50371902861929,99.5678942774741,99.91832777777778,100.0,0.12047386169433594,1.827491044998169,0.4297170639038086,3033.640625,ok
CIC_IoT2023,HHH,laplacian,MinMaxScaler,-1,1e-09,7640,2000,6,0.9957186717165477,99.9,99.63333333333333,0.06,99.50371902861929,99.5678942774741,99.91832777777778,100.0,0.11725616455078125,1.5940611362457275,0.4353210926055908,3025.265625,ok
CIC_IoT2023,HHHv2,laplacian,MinMaxScaler,-1,0.001,7640,2000,6,0.9992860711736605,99.98333333333333,99.91666666666667,0.01,99.91708126036484,99.91666614583008,100.0,100.0,0.11307501792907715,1.5434849262237549,0.4270949363708496,3033.9375,ok
CIC_IoT2023,HHHv2,laplacian,MinMaxScaler,-1,0.1,7640,2000,6,0.9985729466420016,99.96666666666667,99.9,0.02,99.83498349834984,99.86697266387779,99.99981481481481,100.0,0.1123208999633789,1.7509090900421143,0.4279482364654541,3033.9375,ok
CIC_IoT2023,HHHv2,laplacian,MinMaxScaler,-1,1e-05,7640,2000,6,0.9992860711736605,99.98333333333333,99.91666666666667,0.01,99.91708126036484,99.91666614583008,100.0,100.0,0.11267614364624023,1.8078300952911377,0.4268910884857178,3033.9375,ok
CIC_IoT2023,HHHv2,laplacian,MinMaxScaler,-1,1e-07,7640,2000,6,0.9992860711736605,99.98333333333333,99.91666666666667,0.01,99.91708126036484,99.91666614583008,100.0,100.0,0.11817216873168945,1.467076063156128,0.42682409286499023,3033.9375,ok
CIC_IoT2023,HHHv2,laplacian,MinMaxScaler,-1,1e-09,7640,2000,6,0.9992860711736605,99.98333333333333,99.91666666666667,0.01,99.91708126036484,99.91666614583008,100.0,100.0,0.11436796188354492,1.696871042251587,0.426440954208374,3033.9375,ok
Edge_IIoTset,HHH,abel,QuantileTransformer,0,0.001,10550,3000,15,0.6109109465002248,95.42500000000001,59.4375,2.44,61.105628957327255,57.494798529086545,89.02061904761904,94.46660714285713,1.8422648906707764,3.419968843460083,0.8651199340820312,4766.453125,ok
Edge_IIoTset,HHH,abel,QuantileTransformer,0,0.1,10550,3000,15,0.4867264802229959,93.95833333333333,48.43750000000001,3.2222222222222223,50.60933356678237,45.13325573669829,86.42228571428572,88.46169642857143,1.841235876083374,3.273776054382324,0.8680577278137207,4766.453125,ok
Edge_IIoTset,HHH,abel,QuantileTransformer,0,1e-05,10550,3000,15,0.6237308313446501,95.57916666666667,60.59375,2.3577777777777778,61.54842252678192,58.90592352398157,89.02484523809522,94.48160714285714,1.8348729610443115,3.683013916015625,0.8887240886688232,4766.453125,ok
Edge_IIoTset,HHH,abel,QuantileTransformer,0,1e-07,10550,3000,15,0.6247094472748567,95.59166666666667,60.68749999999999,2.351111111111111,61.37082876754745,59.04798473387349,89.0165238095238,94.46580357142858,1.8400330543518066,3.386212110519409,0.8687679767608643,4766.453125,ok
Edge_IIoTset,HHH,abel,QuantileTransformer,0,1e-09,10550,3000,15,0.6247094472748567,95.59166666666667,60.68749999999999,2.351111111111111,61.37082876754745,59.04798473387349,88.97044047619048,94.4694642857143,1.849992036819458,3.447544813156128,0.8632171154022217,4766.453125,ok
Edge_IIoTset,HHHv2,laplacian,QuantileTransformer,-1,0.001,11440,3000,15,0.8906721147615283,98.63555555555556,89.76666666666667,0.7309523809523809,90.19956694796147,89.79208787808695,98.81970238095239,99.96482142857143,0.1125497817993164,4.060187339782715,0.8243701457977295,7165.3125,ok
Edge_IIoTset,HHHv2,laplacian,QuantileTransformer,-1,0.1,11440,3000,15,0.8857864314988487,98.57333333333334,89.3,0.7642857142857143,89.93687374191272,89.35993917719428,99.10675,99.93285714285713,0.11448907852172852,4.140621900558472,0.8356192111968994,7165.3125,ok
Edge_IIoTset,HHHv2,laplacian,QuantileTransformer,-1,1e-05,11440,3000,15,0.883479685011523,98.54666666666667,89.1,0.7785714285714286,89.47660933444328,89.12411322883753,98.08429761904762,99.96178571428571,0.11211299896240234,4.1285240650177,0.8239481449127197,7165.3125,ok
Edge_IIoTset,HHHv2,laplacian,QuantileTransformer,-1,1e-07,11440,3000,15,0.8834812636063304,98.54666666666667,89.1,0.7785714285714286,89.47956534946768,89.12459323253022,97.93940476190477,99.96178571428571,0.11353397369384766,3.8571879863739014,0.8255228996276855,7160.375,ok
Edge_IIoTset,HHHv2,laplacian,QuantileTransformer,-1,1e-09,11440,3000,15,0.8834812636063304,98.54666666666667,89.1,0.7785714285714286,89.47956534946768,89.12459323253022,97.91570238095237,99.96196428571427,0.11069607734680176,4.054137706756592,0.8868420124053955,7141.171875,ok
IoTID20,HHH,laplacian,MinMaxScaler,-1,0.001,7680,2000,5,0.8908330110809711,97.06666666666666,75.99999999999999,1.76,76.45345891944112,76.09138951485865,98.2035625,98.85421875,0.07992076873779297,2.408503770828247,0.6963059902191162,2088.6875,ok
IoTID20,HHH,laplacian,MinMaxScaler,-1,0.1,7680,2000,5,0.7973876571968277,93.4,83.5,4.125,85.64056195098807,83.76062005536514,95.822625,98.11796875,0.08208322525024414,2.548456907272339,0.6926679611206055,2088.71875,ok
IoTID20,HHH,laplacian,MinMaxScaler,-1,1e-05,7680,2000,5,0.9135319202841913,97.68333333333334,77.54166666666666,1.39,77.84723963619626,77.6352261034678,98.32581249999998,99.0096875,0.0821530818939209,2.5522520542144775,0.6884050369262695,2088.65625,ok
IoTID20,HHH,laplacian,MinMaxScaler,-1,1e-07,7680,2000,5,0.9154310635863654,97.73333333333333,77.66666666666667,1.3599999999999999,77.97910596318563,77.75932393780704,98.31334375,98.9321875,0.08069705963134766,2.395336866378784,0.6899139881134033,2088.609375,ok
IoTID20,HHH,laplacian,MinMaxScaler,-1,1e-09,7680,2000,5,0.9154190538792099,97.73333333333333,77.66666666666667,1.3599999999999999,77.97569709750049,77.7595256652103,98.31996875,98.9315625,0.07861185073852539,2.5219388008117676,0.686025857925415,2080.0,ok
IoTID20,HHHv2,laplacian,MinMaxScaler,0,0.001,7680,2000,5,0.9376465187162185,98.0,95.0,1.25,95.07124141310246,95.00765101256515,99.0449375,99.94875,5.097325086593628,2.2622158527374268,0.711155891418457,2178.46875,ok
IoTID20,HHHv2,laplacian,MinMaxScaler,0,0.1,7680,2000,5,0.8972138024536267,96.64,91.60000000000001,2.1,92.471768076266,91.64807261862143,98.3279375,99.9225,5.146049976348877,2.2418627738952637,0.7058427333831787,2178.46875,ok
IoTID20,HHHv2,laplacian,MinMaxScaler,0,1e-05,7680,2000,5,0.9475334603661142,98.32,95.8,1.05,95.83087355880178,95.80879346611664,98.94878125,99.95734375,5.1156909465789795,2.479421854019165,0.7020459175109863,2167.65625,ok
IoTID20,HHHv2,laplacian,MinMaxScaler,0,1e-07,7680,2000,5,0.946934777144583,98.3,95.74999999999999,1.0625,95.7912979115022,95.75890497950066,99.0193125,99.95609375,5.095833778381348,2.491670846939087,0.6983528137207031,2164.953125,ok
IoTID20,HHHv2,laplacian,MinMaxScaler,0,1e-09,7680,2000,5,0.9469270824218392,98.3,95.74999999999999,1.0625,95.78650412049235,95.75801243544659,99.02059375,99.955625,5.085184097290039,2.2799770832061768,0.7040479183197021,2164.953125,ok
N_BaIoT,HHH,laplacian,MinMaxScaler,-1,0.001,6917,1800,9,0.9197455563667833,98.53333333333333,83.39999999999999,0.8148148148148148,84.56749112396473,83.23504509553935,99.4962847222222,99.99968750000001,0.10450100898742676,1.9616272449493408,0.9026319980621338,2679.21875,ok
N_BaIoT,HHH,laplacian,MinMaxScaler,-1,0.1,6917,1800,9,0.8817940870668388,97.84444444444445,80.3,1.1975308641975309,81.48067876996997,79.89953131163776,98.63416666666667,99.99875,0.10362005233764648,1.8992669582366943,0.9119610786437988,2679.21875,ok
N_BaIoT,HHH,laplacian,MinMaxScaler,-1,1e-05,6917,1800,9,0.9676299232046651,99.42222222222222,87.4,0.32098765432098764,87.53555815216376,87.42247328969704,99.5951736111111,99.99968750000001,0.10483193397521973,1.8919379711151123,0.9042727947235107,2679.21875,ok
N_BaIoT,HHH,laplacian,MinMaxScaler,-1,1e-07,6917,1800,9,0.9676299232046651,99.42222222222222,87.4,0.32098765432098764,87.53555815216376,87.42247328969704,99.61340277777776,99.99968750000001,0.10336923599243164,1.8771030902862549,0.9068548679351807,2679.21875,ok
N_BaIoT,HHH,laplacian,MinMaxScaler,-1,1e-09,6917,1800,9,0.9676299232046651,99.42222222222222,87.4,0.32098765432098764,87.53555815216376,87.42247328969704,99.61288194444442,99.99968750000001,0.10905289649963379,2.040079116821289,0.9070231914520264,2678.265625,ok
N_BaIoT,HHHv2,laplacian,MinMaxScaler,-1,0.001,6917,1800,9,0.946985820127277,98.91358024691358,95.1111111111111,0.6111111111111112,96.29979027175533,94.94169811429383,99.99357638888888,100.0,0.10483694076538086,1.8547489643096924,0.9118762016296387,2679.21875,ok
N_BaIoT,HHHv2,laplacian,MinMaxScaler,-1,0.1,6917,1800,9,0.9444838598958323,98.86419753086419,94.88888888888887,0.638888888888889,96.07988830823194,94.71928613925465,99.9745138888889,100.0,0.10663127899169922,1.9031879901885986,0.9128990173339844,2679.21875,ok
N_BaIoT,HHHv2,laplacian,MinMaxScaler,-1,1e-05,6917,1800,9,0.9937593165372639,99.87654320987654,99.44444444444443,0.06944444444444445,99.45235134387809,99.44467804846728,99.99902777777778,100.0,0.10581707954406738,1.8647046089172363,0.9097540378570557,2679.21875,ok
N_BaIoT,HHHv2,laplacian,MinMaxScaler,-1,1e-07,6917,1800,9,0.9937593165372639,99.87654320987654,99.44444444444443,0.06944444444444445,99.45235134387809,99.44467804846728,99.99902777777778,100.0,0.10384583473205566,1.9005367755889893,0.9102561473846436,2679.21875,ok
N_BaIoT,HHHv2,laplacian,MinMaxScaler,-1,1e-09,6917,1800,9,0.9937593165372639,99.87654320987654,99.44444444444443,0.06944444444444445,99.45235134387809,99.44467804846728,99.99902777777778,100.0,0.10373210906982422,1.9012608528137207,0.9078950881958008,2679.21875,ok
ToN_IoT,HHH,laplacian,StandardScaler,0,0.001,7247,1920,8,0.959276927409231,99.22453703703704,85.5,0.4361979166666667,85.61981770644962,85.53874090664598,99.04701446971758,99.21366279069768,2.5973939895629883,1.2043569087982178,0.3384711742401123,2178.46875,ok
ToN_IoT,HHH,laplacian,StandardScaler,0,0.1,7247,1920,8,0.9340868075414853,98.73842592592592,82.99074074074073,0.7096354166666666,83.04033488094564,82.89106541786366,98.62240559054693,98.71468023255814,2.607950210571289,1.1986112594604492,0.33470630645751953,2178.46875,ok
ToN_IoT,HHH,laplacian,StandardScaler,0,1e-05,7247,1920,8,0.9580532148993144,99.20138888888889,85.46296296296298,0.44921874999999994,85.64704603718995,85.52716919101829,99.05014762433983,99.29651162790698,2.617554187774658,1.2662389278411865,0.3329143524169922,2178.46875,ok
ToN_IoT,HHH,laplacian,StandardScaler,0,1e-07,7247,1920,8,0.9580532148993144,99.20138888888889,85.46296296296298,0.44921874999999994,85.64704603718995,85.52716919101829,99.05006042034998,99.29709302325583,2.5848402976989746,1.2180800437927246,0.34014105796813965,2178.46875,ok
ToN_IoT,HHH,laplacian,StandardScaler,0,1e-09,7247,1920,8,0.9580532148993144,99.20138888888889,85.46296296296298,0.44921874999999994,85.64704603718995,85.52716919101829,99.05006042034998,99.29709302325583,2.5849616527557373,1.3075499534606934,0.3317549228668213,2178.46875,ok
ToN_IoT,HHHv2,laplacian,MinMaxScaler,-1,0.001,7333,1920,8,0.9908708032577159,99.8046875,99.0625,0.11160714285714285,99.06991976723222,99.0622877193076,99.90585029069767,99.41337209302326,0.0705718994140625,1.3708009719848633,0.3391239643096924,2620.0625,ok
ToN_IoT,HHHv2,laplacian,MinMaxScaler,-1,0.1,7333,1920,8,0.9890442833419048,99.765625,98.875,0.13392857142857142,98.84094355640369,98.85361767630101,99.95628499138674,99.76656976744185,0.07163190841674805,1.3659110069274902,0.34213900566101074,2620.3125,ok
ToN_IoT,HHHv2,laplacian,MinMaxScaler,-1,1e-05,7333,1920,8,0.9920887722782941,99.83072916666667,99.1875,0.09672619047619048,99.19338038869691,99.18666737383721,99.87292877906977,99.3049418604651,0.0704488754272461,1.4356260299682617,0.34065818786621094,2617.640625,ok
ToN_IoT,HHHv2,laplacian,MinMaxScaler,-1,1e-07,7333,1920,8,0.9920887722782941,99.83072916666667,99.1875,0.09672619047619048,99.19338038869691,99.18666737383721,99.86438953488373,99.28023255813953,0.07166004180908203,1.2876789569854736,0.34053683280944824,2615.46875,ok
ToN_IoT,HHHv2,laplacian,MinMaxScaler,-1,1e-09,7333,1920,8,0.9920887722782941,99.83072916666667,99.1875,0.09672619047619048,99.19338038869691,99.18666737383721,99.86428052325581,99.27994186046512,0.06924080848693848,1.2229359149932861,0.3461008071899414,2612.953125,ok
