Column1,Data Type,Poly,Kernel,SCALER,Model,MCC,NDR,AUC_N,ACC,TPR Macro,FPR,PPV Macro,F1 Macro,AUC,CLS Report,CFS Matrix,Training time,Test time
0,N_BaIoT,-1,rbf,QuantileTransformer,HHH,0.969444886,-1,-1,99.45555556,87.68124592,0.302469136,87.55,87.59192603,-1,"{'0Normal': {'precision': 0.97, 'recall': 0.9651741293532339, 'f1-score': 0.9675810473815462, 'support': 201.0}, 'ack': {'precision': 0.92, 'recall': 0.968421052631579, 'f1-score': 0.9435897435897436, 'support': 190.0}, 'combo': {'precision': 0.98, 'recall': 0.9468599033816425, 'f1-score': 0.9631449631449631, 'support': 207.0}, 'junk': {'precision': 0.995, 'recall': 0.9707317073170731, 'f1-score': 0.9827160493827161, 'support': 205.0}, 'scan': {'precision': 0.985, 'recall': 1.0, 'f1-score': 0.9924433249370277, 'support': 197.0}, 'syn': {'precision': 1.0, 'recall': 1.0, 'f1-score': 1.0, 'support': 200.0}, 'tcp': {'precision': 1.0, 'recall': 0.9569377990430622, 'f1-score': 0.9779951100244498, 'support': 209.0}, 'udp': {'precision': 0.96, 'recall': 0.96, 'f1-score': 0.96, 'support': 200.0}, 'udpplain': {'precision': 0.945, 'recall': 1.0, 'f1-score': 0.9717223650385605, 'support': 189.0}, 'micro avg': {'precision': 0.9727777777777777, 'recall': 0.9738598442714127, 'f1-score': 0.9733185102834908, 'support': 1798.0}, 'macro avg': {'precision': 0.9727777777777779, 'recall': 0.9742360657473991, 'f1-score': 0.9732436226110008, 'support': 1798.0}, 'weighted avg': {'precision': 0.9734454949944383, 'recall': 0.9738598442714127, 'f1-score': 0.9733934812570626, 'support': 1798.0}}","[[  0   0   1   0   0   0   0   0   0   1]
 [  0 194   4   0   1   1   0   0   1   0]
 [  0   5 184   1   0   0   0   0   0   0]
 [  0   1   9 196   0   1   0   0   0   0]
 [  0   0   2   3 199   1   0   0   0   0]
 [  0   0   0   0   0 197   0   0   0   0]
 [  0   0   0   0   0   0 200   0   0   0]
 [  0   0   0   0   0   0   0 200   7   2]
 [  0   0   0   0   0   0   0   0 192   8]
 [  0   0   0   0   0   0   0   0   0 189]]",10.80531096,0.145345211
20,N_BaIoT,2,rbf,QuantileTransformer,HHH,0.956995642,-1,-1,99.23333333,86.92483388,0.425925926,86.55,86.70264445,-1,"{'0Normal': {'precision': 0.975, 'recall': 0.9653465346534653, 'f1-score': 0.9701492537313433, 'support': 202.0}, 'ack': {'precision': 0.925, 'recall': 0.9736842105263158, 'f1-score': 0.9487179487179487, 'support': 190.0}, 'combo': {'precision': 1.0, 'recall': 0.970873786407767, 'f1-score': 0.9852216748768473, 'support': 206.0}, 'junk': {'precision': 0.99, 'recall': 0.9949748743718593, 'f1-score': 0.9924812030075187, 'support': 199.0}, 'scan': {'precision': 0.99, 'recall': 0.99, 'f1-score': 0.99, 'support': 200.0}, 'syn': {'precision': 0.99, 'recall': 0.9801980198019802, 'f1-score': 0.9850746268656716, 'support': 202.0}, 'tcp': {'precision': 0.93, 'recall': 0.9489795918367347, 'f1-score': 0.9393939393939394, 'support': 196.0}, 'udp': {'precision': 0.935, 'recall': 0.8738317757009346, 'f1-score': 0.9033816425120773, 'support': 214.0}, 'udpplain': {'precision': 0.92, 'recall': 0.9945945945945946, 'f1-score': 0.9558441558441558, 'support': 185.0}, 'micro avg': {'precision': 0.9616666666666667, 'recall': 0.9648829431438127, 'f1-score': 0.9632721202003339, 'support': 1794.0}, 'macro avg': {'precision': 0.9616666666666666, 'recall': 0.9658314875437392, 'f1-score': 0.9633627161055003, 'support': 1794.0}, 'weighted avg': {'precision': 0.9622408026755853, 'recall': 0.9648829431438127, 'f1-score': 0.9631812212988291, 'support': 1794.0}}","[[  0   0   6   0   0   0   0   0   0   0]
 [  0 195   3   0   1   2   0   0   1   0]
 [  0   5 185   0   0   0   0   0   0   0]
 [  0   0   5 200   1   0   0   0   0   0]
 [  0   0   1   0 198   0   0   0   0   0]
 [  0   0   0   0   0 198   2   0   0   0]
 [  0   0   0   0   0   0 198   0   2   2]
 [  0   0   0   0   0   0   0 186   9   1]
 [  0   0   0   0   0   0   0  14 187  13]
 [  0   0   0   0   0   0   0   0   1 184]]",8.432138443,1.02141428
15,N_BaIoT,0,rbf,QuantileTransformer,HHH,0.956341405,-1,-1,99.22222222,86.64747008,0.432098765,86.5,86.54347335,-1,"{'0Normal': {'precision': 0.97, 'recall': 0.9748743718592965, 'f1-score': 0.9724310776942355, 'support': 199.0}, 'ack': {'precision': 0.89, 'recall': 0.956989247311828, 'f1-score': 0.9222797927461139, 'support': 186.0}, 'combo': {'precision': 0.975, 'recall': 0.9241706161137441, 'f1-score': 0.948905109489051, 'support': 211.0}, 'junk': {'precision': 0.995, 'recall': 0.9707317073170731, 'f1-score': 0.9827160493827161, 'support': 205.0}, 'scan': {'precision': 0.98, 'recall': 0.9849246231155779, 'f1-score': 0.9824561403508771, 'support': 199.0}, 'syn': {'precision': 0.985, 'recall': 0.9899497487437185, 'f1-score': 0.9874686716791979, 'support': 199.0}, 'tcp': {'precision': 0.94, 'recall': 0.9591836734693877, 'f1-score': 0.9494949494949495, 'support': 196.0}, 'udp': {'precision': 0.96, 'recall': 0.9142857142857143, 'f1-score': 0.9365853658536586, 'support': 210.0}, 'udpplain': {'precision': 0.955, 'recall': 0.9896373056994818, 'f1-score': 0.9720101781170484, 'support': 193.0}, 'micro avg': {'precision': 0.9611111111111111, 'recall': 0.9621802002224694, 'f1-score': 0.9616453585325181, 'support': 1798.0}, 'macro avg': {'precision': 0.9611111111111111, 'recall': 0.9627496675462024, 'f1-score': 0.9615941483119832, 'support': 1798.0}, 'weighted avg': {'precision': 0.9618798665183538, 'recall': 0.9621802002224694, 'f1-score': 0.9616966257165908, 'support': 1798.0}}","[[  0   0   1   0   0   0   0   0   0   1]
 [  0 194   3   0   1   1   0   0   0   0]
 [  0   6 178   1   0   0   0   0   1   0]
 [  0   0  15 195   0   1   0   0   0   0]
 [  0   0   1   4 199   1   0   0   0   0]
 [  0   0   2   0   0 196   1   0   0   0]
 [  0   0   0   0   0   1 197   0   0   1]
 [  0   0   0   0   0   0   2 188   5   1]
 [  0   0   0   0   0   0   0  12 192   6]
 [  0   0   0   0   0   0   0   0   2 191]]",6.236404657,0.119487286
5,N_BaIoT,-1,rbf,StandardScaler,HHH,0.929046213,-1,-1,98.7,85.5984903,0.722222222,84.15,84.12189333,-1,"{'0Normal': {'precision': 0.98, 'recall': 0.98989898989899, 'f1-score': 0.9849246231155779, 'support': 198.0}, 'ack': {'precision': 0.96, 'recall': 0.9846153846153847, 'f1-score': 0.9721518987341772, 'support': 195.0}, 'combo': {'precision': 0.965, 'recall': 0.9747474747474747, 'f1-score': 0.9698492462311558, 'support': 198.0}, 'junk': {'precision': 0.99, 'recall': 0.9658536585365853, 'f1-score': 0.9777777777777777, 'support': 205.0}, 'scan': {'precision': 0.97, 'recall': 0.9797979797979798, 'f1-score': 0.9748743718592965, 'support': 198.0}, 'syn': {'precision': 0.985, 'recall': 0.9800995024875622, 'f1-score': 0.9825436408977556, 'support': 201.0}, 'tcp': {'precision': 1.0, 'recall': 0.7117437722419929, 'f1-score': 0.8316008316008316, 'support': 281.0}, 'udp': {'precision': 0.585, 'recall': 0.9831932773109243, 'f1-score': 0.7335423197492164, 'support': 119.0}, 'udpplain': {'precision': 0.98, 'recall': 0.98989898989899, 'f1-score': 0.9849246231155779, 'support': 198.0}, 'micro avg': {'precision': 0.935, 'recall': 0.9386503067484663, 'f1-score': 0.9368215975507932, 'support': 1793.0}, 'macro avg': {'precision': 0.935, 'recall': 0.9510943366150981, 'f1-score': 0.9346877036757074, 'support': 1793.0}, 'weighted avg': {'precision': 0.9536865588399331, 'recall': 0.9386503067484663, 'f1-score': 0.9389638222999033, 'support': 1793.0}}","[[  0   0   4   0   0   0   0   0   1   2]
 [  0 196   0   0   1   1   0   0   0   0]
 [  0   3 192   0   0   0   0   0   0   0]
 [  0   1   3 193   0   0   1   0   0   0]
 [  0   0   0   7 198   0   0   0   0   0]
 [  0   0   1   0   1 194   2   0   0   0]
 [  0   0   0   0   0   4 197   0   0   0]
 [  0   0   0   0   0   0   0 200  81   0]
 [  0   0   0   0   0   0   0   0 117   2]
 [  0   0   0   0   0   1   0   0   1 196]]",11.88575172,0.137253284
30,N_BaIoT,2,rbf,StandardScaler,HHH,0.924979387,-1,-1,98.62222222,85.4979092,0.765432099,83.8,83.79246209,-1,"{'0Normal': {'precision': 0.985, 'recall': 0.9800995024875622, 'f1-score': 0.9825436408977556, 'support': 201.0}, 'ack': {'precision': 0.92, 'recall': 0.9945945945945946, 'f1-score': 0.9558441558441558, 'support': 185.0}, 'combo': {'precision': 0.995, 'recall': 0.943127962085308, 'f1-score': 0.9683698296836983, 'support': 211.0}, 'junk': {'precision': 0.995, 'recall': 0.9802955665024631, 'f1-score': 0.9875930521091811, 'support': 203.0}, 'scan': {'precision': 0.965, 'recall': 1.0, 'f1-score': 0.9821882951653944, 'support': 193.0}, 'syn': {'precision': 0.995, 'recall': 0.9851485148514851, 'f1-score': 0.9900497512437811, 'support': 202.0}, 'tcp': {'precision': 1.0, 'recall': 0.6993006993006993, 'f1-score': 0.823045267489712, 'support': 286.0}, 'udp': {'precision': 0.565, 'recall': 0.9826086956521739, 'f1-score': 0.7174603174603175, 'support': 115.0}, 'udpplain': {'precision': 0.96, 'recall': 0.9846153846153847, 'f1-score': 0.9721518987341772, 'support': 195.0}, 'micro avg': {'precision': 0.9311111111111111, 'recall': 0.9357900614182021, 'f1-score': 0.9334447229184071, 'support': 1791.0}, 'macro avg': {'precision': 0.931111111111111, 'recall': 0.9499767688988522, 'f1-score': 0.9310273565142414, 'support': 1791.0}, 'weighted avg': {'precision': 0.9522752652149638, 'recall': 0.9357900614182021, 'f1-score': 0.9358742368924431, 'support': 1791.0}}","[[  0   3   3   0   0   0   0   0   1   2]
 [  0 197   2   0   1   1   0   0   0   0]
 [  0   0 184   0   0   1   0   0   0   0]
 [  0   0   8 199   0   2   0   0   2   0]
 [  0   0   2   1 199   1   0   0   0   0]
 [  0   0   0   0   0 193   0   0   0   0]
 [  0   0   0   0   0   2 199   0   1   0]
 [  0   0   0   0   0   0   1 200  81   4]
 [  0   0   0   0   0   0   0   0 113   2]
 [  0   0   1   0   0   0   0   0   2 192]]",3.779084206,0.802149296
21,N_BaIoT,2,poly,QuantileTransformer,HHH,0.922174529,-1,-1,98.58888889,86.24344588,0.783950617,83.65,84.58845037,-1,"{'0Normal': {'precision': 0.63, 'recall': 0.9545454545454546, 'f1-score': 0.7590361445783133, 'support': 132.0}, 'ack': {'precision': 0.92, 'recall': 0.8975609756097561, 'f1-score': 0.908641975308642, 'support': 205.0}, 'combo': {'precision': 0.98, 'recall': 0.92018779342723, 'f1-score': 0.9491525423728814, 'support': 213.0}, 'junk': {'precision': 0.99, 'recall': 0.9565217391304348, 'f1-score': 0.972972972972973, 'support': 207.0}, 'scan': {'precision': 0.94, 'recall': 0.9842931937172775, 'f1-score': 0.9616368286445013, 'support': 191.0}, 'syn': {'precision': 0.98, 'recall': 0.98, 'f1-score': 0.98, 'support': 200.0}, 'tcp': {'precision': 1.0, 'recall': 0.9615384615384616, 'f1-score': 0.9803921568627451, 'support': 208.0}, 'udp': {'precision': 0.96, 'recall': 0.9696969696969697, 'f1-score': 0.964824120603015, 'support': 198.0}, 'udpplain': {'precision': 0.965, 'recall': 1.0, 'f1-score': 0.9821882951653944, 'support': 193.0}, 'micro avg': {'precision': 0.9294444444444444, 'recall': 0.9576416714367487, 'f1-score': 0.9433323935720327, 'support': 1747.0}, 'macro avg': {'precision': 0.9294444444444445, 'recall': 0.9582605097406205, 'f1-score': 0.9398716707231629, 'support': 1747.0}, 'weighted avg': {'precision': 0.9417830566685748, 'recall': 0.9576416714367487, 'f1-score': 0.946898106867949, 'support': 1747.0}}","[[  0  41   6   0   0   3   0   0   1   2]
 [  0 126   6   0   0   0   0   0   0   0]
 [  0  19 184   1   1   0   0   0   0   0]
 [  0  12   3 196   1   0   1   0   0   0]
 [  0   1   0   3 198   5   0   0   0   0]
 [  0   0   1   0   0 188   2   0   0   0]
 [  0   1   0   0   0   3 196   0   0   0]
 [  0   0   0   0   0   1   0 200   7   0]
 [  0   0   0   0   0   0   1   0 192   5]
 [  0   0   0   0   0   0   0   0   0 193]]",8.896068573,1.050968885
31,N_BaIoT,2,poly,StandardScaler,HHH,0.910902212,-1,-1,98.36666667,85.34272836,0.907407407,82.65,83.14331738,-1,"{'0Normal': {'precision': 0.845, 'recall': 0.9883040935672515, 'f1-score': 0.9110512129380054, 'support': 171.0}, 'ack': {'precision': 0.94, 'recall': 0.9740932642487047, 'f1-score': 0.9567430025445293, 'support': 193.0}, 'combo': {'precision': 1.0, 'recall': 0.970873786407767, 'f1-score': 0.9852216748768473, 'support': 206.0}, 'junk': {'precision': 0.995, 'recall': 0.9660194174757282, 'f1-score': 0.9802955665024631, 'support': 206.0}, 'scan': {'precision': 0.97, 'recall': 0.9897959183673469, 'f1-score': 0.9797979797979798, 'support': 196.0}, 'syn': {'precision': 0.985, 'recall': 0.9949494949494949, 'f1-score': 0.9899497487437185, 'support': 198.0}, 'tcp': {'precision': 1.0, 'recall': 0.6944444444444444, 'f1-score': 0.819672131147541, 'support': 288.0}, 'udp': {'precision': 0.57, 'recall': 0.9661016949152542, 'f1-score': 0.7169811320754716, 'support': 118.0}, 'udpplain': {'precision': 0.96, 'recall': 0.9896907216494846, 'f1-score': 0.9746192893401016, 'support': 194.0}, 'micro avg': {'precision': 0.9183333333333333, 'recall': 0.9338983050847458, 'f1-score': 0.9260504201680673, 'support': 1770.0}, 'macro avg': {'precision': 0.9183333333333334, 'recall': 0.948252537336164, 'f1-score': 0.9238146375518509, 'support': 1770.0}, 'weighted avg': {'precision': 0.9398502824858758, 'recall': 0.9338983050847458, 'f1-score': 0.9283240974048974, 'support': 1770.0}}","[[  0  18   4   0   1   1   0   0   3   3]
 [  0 169   2   0   0   0   0   0   0   0]
 [  0   5 188   0   0   0   0   0   0   0]
 [  0   2   4 200   0   0   0   0   0   0]
 [  0   2   2   0 199   3   0   0   0   0]
 [  0   2   0   0   0 194   0   0   0   0]
 [  0   0   0   0   0   1 197   0   0   0]
 [  0   1   0   0   0   1   3 200  81   2]
 [  0   1   0   0   0   0   0   0 114   3]
 [  0   0   0   0   0   0   0   0   2 192]]",3.525327682,0.754493952
6,N_BaIoT,-1,poly,StandardScaler,HHH,0.903496065,-1,-1,98.23333333,85.206625,0.981481481,82.05,82.77737114,-1,"{'0Normal': {'precision': 0.79, 'recall': 0.9937106918238994, 'f1-score': 0.8802228412256268, 'support': 159.0}, 'ack': {'precision': 0.95, 'recall': 0.979381443298969, 'f1-score': 0.9644670050761421, 'support': 194.0}, 'combo': {'precision': 0.96, 'recall': 0.9746192893401016, 'f1-score': 0.9672544080604534, 'support': 197.0}, 'junk': {'precision': 0.995, 'recall': 0.9386792452830188, 'f1-score': 0.9660194174757282, 'support': 212.0}, 'scan': {'precision': 0.97, 'recall': 0.97, 'f1-score': 0.97, 'support': 200.0}, 'syn': {'precision': 0.985, 'recall': 0.985, 'f1-score': 0.985, 'support': 200.0}, 'tcp': {'precision': 1.0, 'recall': 0.7092198581560284, 'f1-score': 0.8298755186721992, 'support': 282.0}, 'udp': {'precision': 0.59, 'recall': 0.9752066115702479, 'f1-score': 0.735202492211838, 'support': 121.0}, 'udpplain': {'precision': 0.965, 'recall': 0.9948453608247423, 'f1-score': 0.9796954314720813, 'support': 194.0}, 'micro avg': {'precision': 0.9116666666666666, 'recall': 0.9329164297896532, 'f1-score': 0.9221691486372576, 'support': 1759.0}, 'macro avg': {'precision': 0.9116666666666666, 'recall': 0.9467402778107785, 'f1-score': 0.9197485682437855, 'support': 1759.0}, 'weighted avg': {'precision': 0.9332404775440593, 'recall': 0.9329164297896532, 'f1-score': 0.9246461496084061, 'support': 1759.0}}","[[  0  27   4   0   1   3   0   0   1   5]
 [  0 158   0   0   0   1   0   0   0   0]
 [  0   4 190   0   0   0   0   0   0   0]
 [  0   0   5 192   0   0   0   0   0   0]
 [  0   4   1   8 199   0   0   0   0   0]
 [  0   3   0   0   0 194   3   0   0   0]
 [  0   2   0   0   0   1 197   0   0   0]
 [  0   1   0   0   0   1   0 200  80   0]
 [  0   1   0   0   0   0   0   0 118   2]
 [  0   0   0   0   0   0   0   0   1 193]]",12.04313374,0.176767826
41,N_BaIoT,2,poly,MinMaxScaler,HHH,0.83518004,-1,-1,97.02222222,78.76485931,1.654320988,76.6,76.9739513,-1,"{'0Normal': {'precision': 0.92, 'recall': 0.989247311827957, 'f1-score': 0.9533678756476683, 'support': 186.0}, 'ack': {'precision': 0.86, 'recall': 0.9555555555555556, 'f1-score': 0.9052631578947369, 'support': 180.0}, 'combo': {'precision': 0.82, 'recall': 0.8078817733990148, 'f1-score': 0.8138957816377171, 'support': 203.0}, 'junk': {'precision': 0.885, 'recall': 0.7901785714285714, 'f1-score': 0.8349056603773585, 'support': 224.0}, 'scan': {'precision': 0.91, 'recall': 0.9381443298969072, 'f1-score': 0.9238578680203046, 'support': 194.0}, 'syn': {'precision': 0.915, 'recall': 0.973404255319149, 'f1-score': 0.9432989690721649, 'support': 188.0}, 'tcp': {'precision': 1.0, 'recall': 0.6622516556291391, 'f1-score': 0.796812749003984, 'support': 302.0}, 'udp': {'precision': 0.54, 'recall': 0.7659574468085106, 'f1-score': 0.6334310850439883, 'support': 141.0}, 'udpplain': {'precision': 0.81, 'recall': 0.9938650306748467, 'f1-score': 0.8925619834710744, 'support': 163.0}, 'micro avg': {'precision': 0.8511111111111112, 'recall': 0.8601909039865244, 'f1-score': 0.8556269198547891, 'support': 1781.0}, 'macro avg': {'precision': 0.8511111111111112, 'recall': 0.8751651033932946, 'f1-score': 0.855266125574333, 'support': 1781.0}, 'weighted avg': {'precision': 0.8699326221224032, 'recall': 0.8601909039865244, 'f1-score': 0.8559915631477826, 'support': 1781.0}}","[[  0   7   2   0   1   1   0   0   1   7]
 [  0 184   2   0   0   0   0   0   0   0]
 [  0   8 172   0   0   0   0   0   0   0]
 [  0   0  18 164  21   0   0   0   0   0]
 [  0   0   3  36 177   8   0   0   0   0]
 [  0   0   0   0   1 182  11   0   0   0]
 [  0   0   0   0   0   5 183   0   0   0]
 [  0   0   1   0   0   4   6 200  90   1]
 [  0   1   2   0   0   0   0   0 108  30]
 [  0   0   0   0   0   0   0   0   1 162]]",1.908315897,0.681602955
25,N_BaIoT,0,rbf,StandardScaler,HHH,0.820828003,-1,-1,96.5,72.86614519,1.944444444,74.25,71.87754097,-1,"{'0Normal': {'precision': 0.975, 'recall': 0.9898477157360406, 'f1-score': 0.982367758186398, 'support': 197.0}, 'ack': {'precision': 0.955, 'recall': 0.9896373056994818, 'f1-score': 0.9720101781170484, 'support': 193.0}, 'combo': {'precision': 0.965, 'recall': 0.9698492462311558, 'f1-score': 0.9674185463659147, 'support': 199.0}, 'junk': {'precision': 0.99, 'recall': 0.9611650485436893, 'f1-score': 0.9753694581280788, 'support': 206.0}, 'scan': {'precision': 0.985, 'recall': 0.9949494949494949, 'f1-score': 0.9899497487437185, 'support': 198.0}, 'syn': {'precision': 0.995, 'recall': 0.41631799163179917, 'f1-score': 0.5870206489675516, 'support': 478.0}, 'tcp': {'precision': 0.0, 'recall': 0.0, 'f1-score': 0.0, 'support': 4.0}, 'udp': {'precision': 0.585, 'recall': 0.975, 'f1-score': 0.73125, 'support': 120.0}, 'udpplain': {'precision': 0.975, 'recall': 0.9898477157360406, 'f1-score': 0.982367758186398, 'support': 197.0}, 'micro avg': {'precision': 0.825, 'recall': 0.8286830357142857, 'f1-score': 0.826837416481069, 'support': 1792.0}, 'macro avg': {'precision': 0.8249999999999998, 'recall': 0.8096238353919669, 'f1-score': 0.7986393440772342, 'support': 1792.0}, 'weighted avg': {'precision': 0.9516071428571429, 'recall': 0.8286830357142857, 'f1-score': 0.8551613731367066, 'support': 1792.0}}","[[  0   2   2   0   0   1   0   0   1   2]
 [  0 195   0   0   1   1   0   0   0   0]
 [  0   2 191   0   0   0   0   0   0   0]
 [  0   1   4 193   1   0   0   0   0   0]
 [  0   0   1   7 198   0   0   0   0   0]
 [  0   0   0   0   0 197   1   0   0   0]
 [  0   0   0   0   0   1 199 200  78   0]
 [  0   0   0   0   0   0   0   0   3   1]
 [  0   0   1   0   0   0   0   0 117   2]
 [  0   0   1   0   0   0   0   0   1 195]]",2.983138323,0.095274925
44,N_BaIoT,2,None,MinMaxScaler,HHH,0.797120119,-1,-1,96.28888889,78.06830158,2.061728395,73.3,74.21756356,-1,"{'0Normal': {'precision': 0.495, 'recall': 0.8839285714285714, 'f1-score': 0.6346153846153846, 'support': 112.0}, 'ack': {'precision': 0.755, 'recall': 0.8628571428571429, 'f1-score': 0.8053333333333333, 'support': 175.0}, 'combo': {'precision': 0.935, 'recall': 0.8423423423423423, 'f1-score': 0.8862559241706162, 'support': 222.0}, 'junk': {'precision': 0.97, 'recall': 0.8584070796460177, 'f1-score': 0.9107981220657277, 'support': 226.0}, 'scan': {'precision': 0.86, 'recall': 0.9347826086956522, 'f1-score': 0.8958333333333334, 'support': 184.0}, 'syn': {'precision': 0.95, 'recall': 0.95, 'f1-score': 0.95, 'support': 200.0}, 'tcp': {'precision': 1.0, 'recall': 0.6734006734006734, 'f1-score': 0.8048289738430584, 'support': 297.0}, 'udp': {'precision': 0.49, 'recall': 0.8448275862068966, 'f1-score': 0.620253164556962, 'support': 116.0}, 'udpplain': {'precision': 0.875, 'recall': 0.9562841530054644, 'f1-score': 0.9138381201044387, 'support': 183.0}, 'micro avg': {'precision': 0.8144444444444444, 'recall': 0.8548104956268222, 'f1-score': 0.8341394025604552, 'support': 1715.0}, 'macro avg': {'precision': 0.8144444444444444, 'recall': 0.8674255730647512, 'f1-score': 0.8246395951136505, 'support': 1715.0}, 'weighted avg': {'precision': 0.8609679300291545, 'recall': 0.8548104956268222, 'f1-score': 0.8441100459448566, 'support': 1715.0}}","[[  0  58   8   0   1   4   0   0   3  11]
 [  0  99  13   0   0   0   0   0   0   0]
 [  0  19 151   5   0   0   0   0   0   0]
 [  0   9  23 187   3   0   0   0   0   0]
 [  0   5   2   8 194  17   0   0   0   0]
 [  0   3   1   0   2 172   6   0   0   0]
 [  0   3   1   0   0   4 190   0   2   0]
 [  0   0   0   0   0   3   4 200  90   0]
 [  0   4   0   0   0   0   0   0  98  14]
 [  0   0   1   0   0   0   0   0   7 175]]",0.920994282,0.014406443
26,N_BaIoT,0,poly,StandardScaler,HHH,0.792040009,-1,-1,95.97777778,72.11284016,2.234567901,71.9,70.17193383,-1,"{'0Normal': {'precision': 0.75, 'recall': 1.0, 'f1-score': 0.8571428571428571, 'support': 150.0}, 'ack': {'precision': 0.955, 'recall': 0.955, 'f1-score': 0.955, 'support': 200.0}, 'combo': {'precision': 0.965, 'recall': 0.946078431372549, 'f1-score': 0.9554455445544554, 'support': 204.0}, 'junk': {'precision': 0.995, 'recall': 0.9567307692307693, 'f1-score': 0.9754901960784313, 'support': 208.0}, 'scan': {'precision': 0.965, 'recall': 0.9796954314720813, 'f1-score': 0.9722921914357683, 'support': 197.0}, 'syn': {'precision': 0.99, 'recall': 0.41164241164241167, 'f1-score': 0.5814977973568282, 'support': 481.0}, 'tcp': {'precision': 0.0, 'recall': 0.0, 'f1-score': 0.0, 'support': 3.0}, 'udp': {'precision': 0.59, 'recall': 0.9672131147540983, 'f1-score': 0.7329192546583851, 'support': 122.0}, 'udpplain': {'precision': 0.98, 'recall': 0.9949238578680203, 'f1-score': 0.9874055415617129, 'support': 197.0}, 'micro avg': {'precision': 0.7988888888888889, 'recall': 0.8161180476730987, 'f1-score': 0.8074115665356542, 'support': 1762.0}, 'macro avg': {'precision': 0.7988888888888889, 'recall': 0.8012537795933254, 'f1-score': 0.7796881536431598, 'support': 1762.0}, 'weighted avg': {'precision': 0.9299971623155504, 'recall': 0.8161180476730987, 'f1-score': 0.8357328736903021, 'support': 1762.0}}","[[  0  29   4   0   1   1   0   0   1   2]
 [  0 150   0   0   0   0   0   0   0   0]
 [  0   7 191   1   0   1   0   0   0   0]
 [  0   7   4 193   0   0   0   0   0   0]
 [  0   2   1   6 199   0   0   0   0   0]
 [  0   2   0   0   0 193   2   0   0   0]
 [  0   3   0   0   0   2 198 200  78   0]
 [  0   0   0   0   0   0   0   0   3   0]
 [  0   0   0   0   0   2   0   0 118   2]
 [  0   0   0   0   0   1   0   0   0 196]]",2.585440159,0.118942738
1,N_BaIoT,-1,poly,QuantileTransformer,HHH,0.78142293,-1,-1,95.95555556,77.45280181,2.24691358,71.8,72.9735253,-1,"{'0Normal': {'precision': 0.19, 'recall': 0.7037037037037037, 'f1-score': 0.2992125984251969, 'support': 54.0}, 'ack': {'precision': 0.755, 'recall': 0.8628571428571429, 'f1-score': 0.8053333333333333, 'support': 175.0}, 'combo': {'precision': 0.855, 'recall': 0.8260869565217391, 'f1-score': 0.8402948402948403, 'support': 207.0}, 'junk': {'precision': 0.945, 'recall': 0.8513513513513513, 'f1-score': 0.8957345971563981, 'support': 222.0}, 'scan': {'precision': 0.835, 'recall': 0.893048128342246, 'f1-score': 0.8630490956072352, 'support': 187.0}, 'syn': {'precision': 0.92, 'recall': 0.92, 'f1-score': 0.92, 'support': 200.0}, 'tcp': {'precision': 1.0, 'recall': 0.8928571428571429, 'f1-score': 0.9433962264150944, 'support': 224.0}, 'udp': {'precision': 0.9, 'recall': 0.861244019138756, 'f1-score': 0.8801955990220048, 'support': 209.0}, 'udpplain': {'precision': 0.78, 'recall': 0.9341317365269461, 'f1-score': 0.8501362397820164, 'support': 167.0}, 'micro avg': {'precision': 0.7977777777777778, 'recall': 0.8729483282674773, 'f1-score': 0.8336719883889695, 'support': 1645.0}, 'macro avg': {'precision': 0.7977777777777778, 'recall': 0.860586686811003, 'f1-score': 0.810816947781791, 'support': 1645.0}, 'weighted avg': {'precision': 0.8581550151975683, 'recall': 0.8729483282674773, 'f1-score': 0.8586805434606543, 'support': 1645.0}}","[[  0 110  10   3   1   6   3   0   3  19]
 [  0  38  15   0   0   1   0   0   0   0]
 [  0  14 151   8   0   1   1   0   0   0]
 [  0  10  18 171   5   2   1   0   0   0]
 [  0   3   5  14 189  11   0   0   0   0]
 [  0   8   0   2   4 167   4   0   1   1]
 [  0   4   1   1   1   7 184   0   0   2]
 [  0   4   0   0   0   3   6 200   9   2]
 [  0   8   0   1   0   0   0   0 180  20]
 [  0   1   0   0   0   2   1   0   7 156]]",11.47570419,0.180981159
34,N_BaIoT,2,None,StandardScaler,HHH,0.775485188,-1,-1,95.81111111,78.79673939,2.327160494,71.15,72.24246841,-1,"{'0Normal': {'precision': 0.21, 'recall': 0.8571428571428571, 'f1-score': 0.3373493975903614, 'support': 49.0}, 'ack': {'precision': 0.785, 'recall': 0.9345238095238095, 'f1-score': 0.8532608695652174, 'support': 168.0}, 'combo': {'precision': 0.985, 'recall': 0.8491379310344828, 'f1-score': 0.9120370370370371, 'support': 232.0}, 'junk': {'precision': 0.995, 'recall': 0.9255813953488372, 'f1-score': 0.9590361445783132, 'support': 215.0}, 'scan': {'precision': 0.885, 'recall': 0.9779005524861878, 'f1-score': 0.9291338582677166, 'support': 181.0}, 'syn': {'precision': 0.965, 'recall': 0.965, 'f1-score': 0.965, 'support': 200.0}, 'tcp': {'precision': 1.0, 'recall': 0.6711409395973155, 'f1-score': 0.8032128514056225, 'support': 298.0}, 'udp': {'precision': 0.515, 'recall': 0.7304964539007093, 'f1-score': 0.6041055718475073, 'support': 141.0}, 'udpplain': {'precision': 0.775, 'recall': 0.96875, 'f1-score': 0.8611111111111112, 'support': 160.0}, 'micro avg': {'precision': 0.7905555555555556, 'recall': 0.8655717761557178, 'f1-score': 0.8263646922183507, 'support': 1644.0}, 'macro avg': {'precision': 0.7905555555555556, 'recall': 0.8755193265593555, 'f1-score': 0.8026940934892095, 'support': 1644.0}, 'weighted avg': {'precision': 0.8712986618004867, 'recall': 0.8655717761557178, 'f1-score': 0.8522814061553665, 'support': 1644.0}}","[[  0 128   9   0   1   4   0   0   3  11]
 [  0  42   6   0   0   1   0   0   0   0]
 [  0  11 157   0   0   0   0   0   0   0]
 [  0   8  26 197   0   1   0   0   0   0]
 [  0   1   0   3 199  11   0   0   1   0]
 [  0   3   0   0   0 177   1   0   0   0]
 [  0   3   0   0   0   3 193   0   0   1]
 [  0   0   1   0   0   2   6 200  89   0]
 [  0   3   1   0   0   1   0   0 103  33]
 [  0   1   0   0   0   0   0   0   4 155]]",1.047581196,0.014489889
42,N_BaIoT,2,linear,MinMaxScaler,HHH,0.739863043,-1,-1,95.15555556,68.30521689,2.691358025,68.2,66.85455886,-1,"{'0Normal': {'precision': 0.525, 'recall': 0.9459459459459459, 'f1-score': 0.6752411575562701, 'support': 111.0}, 'ack': {'precision': 0.815, 'recall': 0.8716577540106952, 'f1-score': 0.8423772609819121, 'support': 187.0}, 'combo': {'precision': 0.95, 'recall': 0.8837209302325582, 'f1-score': 0.9156626506024096, 'support': 215.0}, 'junk': {'precision': 0.965, 'recall': 0.8616071428571429, 'f1-score': 0.910377358490566, 'support': 224.0}, 'scan': {'precision': 0.845, 'recall': 0.9285714285714286, 'f1-score': 0.8848167539267016, 'support': 182.0}, 'syn': {'precision': 0.945, 'recall': 0.9310344827586207, 'f1-score': 0.9379652605459057, 'support': 203.0}, 'tcp': {'precision': 0.0, 'recall': 0.0, 'f1-score': 0.0, 'support': 21.0}, 'udp': {'precision': 0.895, 'recall': 0.45663265306122447, 'f1-score': 0.6047297297297297, 'support': 392.0}, 'udpplain': {'precision': 0.88, 'recall': 0.9513513513513514, 'f1-score': 0.9142857142857143, 'support': 185.0}, 'micro avg': {'precision': 0.7577777777777778, 'recall': 0.7930232558139535, 'f1-score': 0.775, 'support': 1720.0}, 'macro avg': {'precision': 0.7577777777777777, 'recall': 0.7589468543098853, 'f1-score': 0.7428284317910232, 'support': 1720.0}, 'weighted avg': {'precision': 0.866485465116279, 'recall': 0.7930232558139535, 'f1-score': 0.8086679202186966, 'support': 1720.0}}","[[  0  54   8   0   1   4   0   0   2  11]
 [  0 105   6   0   0   0   0   0   0   0]
 [  0  22 163   2   0   0   0   0   0   0]
 [  0   4  18 190   3   0   0   0   0   0]
 [  0   4   2   8 193  17   0   0   0   0]
 [  0   3   1   0   3 169   6   0   0   0]
 [  0   4   1   0   0   7 189   0   2   0]
 [  0   2   0   0   0   3   5   0  11   0]
 [  0   0   0   0   0   0   0 200 179  13]
 [  0   2   1   0   0   0   0   0   6 176]]",1.568917751,0.474893332
32,N_BaIoT,2,linear,StandardScaler,HHH,0.71733531,-1,-1,94.63333333,69.51539817,2.981481481,65.85,64.45003159,-1,"{'0Normal': {'precision': 0.18, 'recall': 0.8571428571428571, 'f1-score': 0.2975206611570248, 'support': 42.0}, 'ack': {'precision': 0.865, 'recall': 0.9558011049723757, 'f1-score': 0.9081364829396326, 'support': 181.0}, 'combo': {'precision': 0.96, 'recall': 0.8888888888888888, 'f1-score': 0.9230769230769231, 'support': 216.0}, 'junk': {'precision': 0.995, 'recall': 0.9004524886877828, 'f1-score': 0.9453681710213777, 'support': 221.0}, 'scan': {'precision': 0.905, 'recall': 0.9679144385026738, 'f1-score': 0.9354005167958657, 'support': 187.0}, 'syn': {'precision': 0.955, 'recall': 0.9646464646464646, 'f1-score': 0.9597989949748744, 'support': 198.0}, 'tcp': {'precision': 0.0, 'recall': 0.0, 'f1-score': 0.0, 'support': 22.0}, 'udp': {'precision': 0.935, 'recall': 0.4473684210526316, 'f1-score': 0.6051779935275081, 'support': 418.0}, 'udpplain': {'precision': 0.79, 'recall': 0.9693251533742331, 'f1-score': 0.8705234159779615, 'support': 163.0}, 'micro avg': {'precision': 0.7316666666666667, 'recall': 0.7991504854368932, 'f1-score': 0.7639211136890951, 'support': 1648.0}, 'macro avg': {'precision': 0.7316666666666667, 'recall': 0.7723933130297674, 'f1-score': 0.7161114621634631, 'support': 1648.0}, 'weighted avg': {'precision': 0.8915685679611651, 'recall': 0.7991504854368932, 'f1-score': 0.8161403932680622, 'support': 1648.0}}","[[  0 125   9   0   1   5   0   0   2  10]
 [  0  36   6   0   0   0   0   0   0   0]
 [  0   7 173   1   0   0   0   0   0   0]
 [  0  14   9 192   0   1   0   0   0   0]
 [  0   8   1   7 199   6   0   0   0   0]
 [  0   4   0   0   0 181   1   0   1   0]
 [  0   1   1   0   0   4 191   0   1   0]
 [  0   0   1   0   0   3   8   0   6   4]
 [  0   3   0   0   0   0   0 200 187  28]
 [  0   2   0   0   0   0   0   0   3 158]]",2.238437891,0.586103201
40,N_BaIoT,2,rbf,MinMaxScaler,HHH,0.716268413,-1,-1,94.71111111,65.75193441,2.938271605,66.2,64.59769777,-1,"{'0Normal': {'precision': 0.92, 'recall': 0.989247311827957, 'f1-score': 0.9533678756476683, 'support': 186.0}, 'ack': {'precision': 0.835, 'recall': 0.9597701149425287, 'f1-score': 0.893048128342246, 'support': 174.0}, 'combo': {'precision': 0.825, 'recall': 0.7932692307692307, 'f1-score': 0.8088235294117647, 'support': 208.0}, 'junk': {'precision': 0.895, 'recall': 0.7955555555555556, 'f1-score': 0.8423529411764706, 'support': 225.0}, 'scan': {'precision': 0.925, 'recall': 0.8980582524271845, 'f1-score': 0.9113300492610837, 'support': 206.0}, 'syn': {'precision': 0.88, 'recall': 0.38177874186550975, 'f1-score': 0.5325264750378215, 'support': 461.0}, 'tcp': {'precision': 0.0, 'recall': 0.0, 'f1-score': 0.0, 'support': 21.0}, 'udp': {'precision': 0.535, 'recall': 0.7697841726618705, 'f1-score': 0.6312684365781711, 'support': 139.0}, 'udpplain': {'precision': 0.805, 'recall': 0.9877300613496932, 'f1-score': 0.8870523415977961, 'support': 163.0}, 'micro avg': {'precision': 0.7355555555555555, 'recall': 0.7425687044307347, 'f1-score': 0.7390454926039631, 'support': 1783.0}, 'macro avg': {'precision': 0.7355555555555555, 'recall': 0.7305770490443922, 'f1-score': 0.7177521974503358, 'support': 1783.0}, 'weighted avg': {'precision': 0.8363404374649467, 'recall': 0.7425687044307347, 'f1-score': 0.7605418085190103, 'support': 1783.0}}","[[  0   8   0   0   1   1   0   0   1   6]
 [  0 184   2   0   0   0   0   0   0   0]
 [  0   7 167   0   0   0   0   0   0   0]
 [  0   0  24 165  19   0   0   0   0   0]
 [  0   0   4  35 179   7   0   0   0   0]
 [  0   1   1   0   1 185  18   0   0   0]
 [  0   0   1   0   0   5 176 200  78   1]
 [  0   0   0   0   0   2   6   0  13   0]
 [  0   0   0   0   0   0   0   0 107  32]
 [  0   0   1   0   0   0   0   0   1 161]]",1.600085497,0.626486301
11,N_BaIoT,-1,poly,MinMaxScaler,HHH,0.707446485,-1,-1,94.7,69.89536744,2.944444444,66.15,66.33801497,-1,"{'0Normal': {'precision': 0.795, 'recall': 0.99375, 'f1-score': 0.8833333333333333, 'support': 160.0}, 'ack': {'precision': 0.62, 'recall': 0.8671328671328671, 'f1-score': 0.7230320699708455, 'support': 143.0}, 'combo': {'precision': 0.635, 'recall': 0.625615763546798, 'f1-score': 0.630272952853598, 'support': 203.0}, 'junk': {'precision': 0.91, 'recall': 0.6642335766423357, 'f1-score': 0.7679324894514767, 'support': 274.0}, 'scan': {'precision': 0.91, 'recall': 0.8272727272727273, 'f1-score': 0.8666666666666667, 'support': 220.0}, 'syn': {'precision': 0.765, 'recall': 0.9329268292682927, 'f1-score': 0.8406593406593407, 'support': 164.0}, 'tcp': {'precision': 1.0, 'recall': 0.5899705014749262, 'f1-score': 0.7421150278293135, 'support': 339.0}, 'udp': {'precision': 0.395, 'recall': 0.5374149659863946, 'f1-score': 0.4553314121037464, 'support': 147.0}, 'udpplain': {'precision': 0.585, 'recall': 0.9512195121951219, 'f1-score': 0.7244582043343654, 'support': 123.0}, 'micro avg': {'precision': 0.735, 'recall': 0.7461928934010152, 'f1-score': 0.7405541561712846, 'support': 1773.0}, 'macro avg': {'precision': 0.735, 'recall': 0.7766151937243849, 'f1-score': 0.737089055244743, 'support': 1773.0}, 'weighted avg': {'precision': 0.7832966723068245, 'recall': 0.7461928934010152, 'f1-score': 0.7440720251322407, 'support': 1773.0}}","[[  0  17   1   0   1   1   0   0   1   6]
 [  0 159   1   0   0   0   0   0   0   0]
 [  0  19 124   0   0   0   0   0   0   0]
 [  0   3  55 127  17   1   0   0   0   0]
 [  0   0  11  72 182   7   2   0   0   0]
 [  0   1   5   1   0 182  28   0   2   1]
 [  0   0   2   0   0   6 153   0   2   1]
 [  0   0   1   0   0   2  16 200 111   9]
 [  0   0   0   0   0   1   1   0  79  66]
 [  0   1   0   0   0   0   0   0   5 117]]",12.61677313,0.177596807
10,N_BaIoT,-1,rbf,MinMaxScaler,HHH,0.702527354,-1,-1,94.61111111,69.28464376,2.99382716,65.75,65.77044244,-1,"{'0Normal': {'precision': 0.83, 'recall': 0.9880952380952381, 'f1-score': 0.9021739130434783, 'support': 168.0}, 'ack': {'precision': 0.59, 'recall': 0.8676470588235294, 'f1-score': 0.7023809523809523, 'support': 136.0}, 'combo': {'precision': 0.615, 'recall': 0.6275510204081632, 'f1-score': 0.6212121212121212, 'support': 196.0}, 'junk': {'precision': 0.905, 'recall': 0.6373239436619719, 'f1-score': 0.7479338842975206, 'support': 284.0}, 'scan': {'precision': 0.9, 'recall': 0.8372093023255814, 'f1-score': 0.8674698795180723, 'support': 215.0}, 'syn': {'precision': 0.78, 'recall': 0.9122807017543859, 'f1-score': 0.8409703504043127, 'support': 171.0}, 'tcp': {'precision': 1.0, 'recall': 0.5865102639296188, 'f1-score': 0.7393715341959335, 'support': 341.0}, 'udp': {'precision': 0.38, 'recall': 0.5135135135135135, 'f1-score': 0.4367816091954023, 'support': 148.0}, 'udpplain': {'precision': 0.575, 'recall': 0.9583333333333334, 'f1-score': 0.71875, 'support': 120.0}, 'micro avg': {'precision': 0.7305555555555555, 'recall': 0.7391793142214728, 'f1-score': 0.7348421346744901, 'support': 1779.0}, 'macro avg': {'precision': 0.7305555555555556, 'recall': 0.7698293750939261, 'f1-score': 0.7307826938053104, 'support': 1779.0}, 'weighted avg': {'precision': 0.7815401911186061, 'recall': 0.7391793142214728, 'f1-score': 0.7389494947444865, 'support': 1779.0}}","[[  0  13   1   0   1   1   0   0   0   5]
 [  0 166   2   0   0   0   0   0   0   0]
 [  0  18 118   0   0   0   0   0   0   0]
 [  0   1  54 123  18   0   0   0   0   0]
 [  0   1  14  77 181   9   2   0   0   0]
 [  0   1   6   0   0 180  25   0   2   1]
 [  0   0   4   0   0   7 156   0   2   2]
 [  0   0   1   0   0   2  15 200 115   8]
 [  0   0   0   0   0   1   2   0  76  69]
 [  0   0   0   0   0   0   0   0   5 115]]",11.74018526,0.136978626
16,N_BaIoT,0,poly,QuantileTransformer,HHH,0.672585423,-1,-1,93.97777778,68.32565069,3.345679012,62.9,64.45877786,-1,"{'0Normal': {'precision': 0.14, 'recall': 0.45161290322580644, 'f1-score': 0.21374045801526717, 'support': 62.0}, 'ack': {'precision': 0.585, 'recall': 0.7267080745341615, 'f1-score': 0.6481994459833795, 'support': 161.0}, 'combo': {'precision': 0.71, 'recall': 0.71, 'f1-score': 0.71, 'support': 200.0}, 'junk': {'precision': 0.86, 'recall': 0.7543859649122807, 'f1-score': 0.8037383177570093, 'support': 228.0}, 'scan': {'precision': 0.785, 'recall': 0.839572192513369, 'f1-score': 0.8113695090439277, 'support': 187.0}, 'syn': {'precision': 0.9, 'recall': 0.8737864077669902, 'f1-score': 0.8866995073891626, 'support': 206.0}, 'tcp': {'precision': 0.82, 'recall': 0.8541666666666666, 'f1-score': 0.8367346938775511, 'support': 192.0}, 'udp': {'precision': 0.825, 'recall': 0.7236842105263158, 'f1-score': 0.7710280373831776, 'support': 228.0}, 'udpplain': {'precision': 0.665, 'recall': 0.8986486486486487, 'f1-score': 0.764367816091954, 'support': 148.0}, 'micro avg': {'precision': 0.6988888888888889, 'recall': 0.7803970223325062, 'f1-score': 0.7373974208675264, 'support': 1612.0}, 'macro avg': {'precision': 0.6988888888888889, 'recall': 0.7591738965326932, 'f1-score': 0.7162086428379365, 'support': 1612.0}, 'weighted avg': {'precision': 0.7550248138957817, 'recall': 0.7803970223325062, 'f1-score': 0.7610573467070189, 'support': 1612.0}}","[[  0 121  13   1   1   3   3   0   5  41]
 [  0  28  30   2   0   2   0   0   0   0]
 [  0  16 117  26   0   2   0   0   0   0]
 [  0  14  32 142   9   1   2   0   0   0]
 [  0   7   6  25 172  15   2   0   1   0]
 [  0   2   1   3  16 157   6   0   2   0]
 [  0   4   1   0   2  15 180   0   2   2]
 [  0   3   0   1   0   3   7 164  14   0]
 [  0   2   0   0   0   1   0  36 165  24]
 [  0   3   0   0   0   1   0   0  11 133]]",6.79673624,0.162681103
22,N_BaIoT,2,linear,QuantileTransformer,HHH,0.503181859,-1,-1,90.76666667,54.46671453,5.12962963,48.45,50.39080978,-1,"{'0Normal': {'precision': 0.01, 'recall': 0.03389830508474576, 'f1-score': 0.015444015444015444, 'support': 59.0}, 'ack': {'precision': 0.47, 'recall': 0.6438356164383562, 'f1-score': 0.5433526011560693, 'support': 146.0}, 'combo': {'precision': 0.41, 'recall': 0.47674418604651164, 'f1-score': 0.44086021505376344, 'support': 172.0}, 'junk': {'precision': 0.46, 'recall': 0.575, 'f1-score': 0.5111111111111111, 'support': 160.0}, 'scan': {'precision': 0.755, 'recall': 0.6239669421487604, 'f1-score': 0.6832579185520362, 'support': 242.0}, 'syn': {'precision': 0.675, 'recall': 0.7894736842105263, 'f1-score': 0.7277628032345014, 'support': 171.0}, 'tcp': {'precision': 0.955, 'recall': 0.7490196078431373, 'f1-score': 0.8395604395604396, 'support': 255.0}, 'udp': {'precision': 0.69, 'recall': 0.7840909090909091, 'f1-score': 0.7340425531914894, 'support': 176.0}, 'udpplain': {'precision': 0.42, 'recall': 0.7706422018348624, 'f1-score': 0.5436893203883495, 'support': 109.0}, 'micro avg': {'precision': 0.5383333333333333, 'recall': 0.6503355704697986, 'f1-score': 0.5890577507598784, 'support': 1490.0}, 'macro avg': {'precision': 0.5383333333333334, 'recall': 0.6051857169664232, 'f1-score': 0.5598978864101972, 'support': 1490.0}, 'weighted avg': {'precision': 0.6189328859060401, 'recall': 0.6503355704697986, 'f1-score': 0.624284432524594, 'support': 1490.0}}","[[  0 181  19  16   7  13   3   0  10  61]
 [  0   2  41   7   3   3   0   0   0   3]
 [  0   2  94  38   7   4   0   0   0   1]
 [  0   2  31  82  38   5   3   0   0  11]
 [  0   2   7  42  92   6   5   0   1   5]
 [  0   3   4  12  41 151  23   0   0   8]
 [  0   4   1   2   9  10 135   0   4   6]
 [  0   1   0   1   3   3  25 191  26   5]
 [  0   2   3   0   0   3   5   9 138  16]
 [  0   1   0   0   0   2   1   0  21  84]]",13.44348383,1.099840641
35,N_BaIoT,0,rbf,MinMaxScaler,HHH,0.475828245,-1,-1,90.47777778,53.53642048,5.290123457,47.15,47.45833896,-1,"{'0Normal': {'precision': 0.715, 'recall': 0.9794520547945206, 'f1-score': 0.8265895953757225, 'support': 146.0}, 'ack': {'precision': 0.365, 'recall': 0.7373737373737373, 'f1-score': 0.4882943143812709, 'support': 99.0}, 'combo': {'precision': 0.695, 'recall': 0.486013986013986, 'f1-score': 0.5720164609053497, 'support': 286.0}, 'junk': {'precision': 0.72, 'recall': 0.4982698961937716, 'f1-score': 0.588957055214724, 'support': 289.0}, 'scan': {'precision': 0.66, 'recall': 0.2894736842105263, 'f1-score': 0.4024390243902439, 'support': 456.0}, 'syn': {'precision': 0.705, 'recall': 0.9215686274509803, 'f1-score': 0.7988668555240793, 'support': 153.0}, 'tcp': {'precision': 0.0, 'recall': 0.0, 'f1-score': 0.0, 'support': 87.0}, 'udp': {'precision': 0.34, 'recall': 0.4788732394366197, 'f1-score': 0.39766081871345027, 'support': 142.0}, 'udpplain': {'precision': 0.515, 'recall': 0.9626168224299065, 'f1-score': 0.6710097719869706, 'support': 107.0}, 'micro avg': {'precision': 0.5238888888888888, 'recall': 0.5342776203966005, 'f1-score': 0.5290322580645161, 'support': 1765.0}, 'macro avg': {'precision': 0.5238888888888888, 'recall': 0.594849116433783, 'f1-score': 0.5273148773879791, 'support': 1765.0}, 'weighted avg': {'precision': 0.6003314447592069, 'recall': 0.5342776203966005, 'f1-score': 0.5307836944485199, 'support': 1765.0}}","[[  0  25   1   0   1   1   0   0   0   7]
 [  0 143   3   0   0   0   0   0   0   0]
 [  0  26  73   0   0   0   0   0   0   0]
 [  0   3  91 139  53   0   0   0   0   0]
 [  0   2  19  60 144  62   1   0   0   1]
 [  0   1  10   1   2 132  30 200  80   0]
 [  0   0   3   0   0   4 141   0   2   3]
 [  0   0   0   0   0   1  26   0  46  14]
 [  0   0   0   0   0   0   2   0  68  72]
 [  0   0   0   0   0   0   0   0   4 103]]",0.590642214,0.043470383
8,N_BaIoT,-1,sigmoid,StandardScaler,HHH,0.47258123,-1,-1,90.23333333,52.40698387,5.425925926,46.05,46.38527217,-1,"{'0Normal': {'precision': 0.175, 'recall': 0.47297297297297297, 'f1-score': 0.25547445255474455, 'support': 74.0}, 'ack': {'precision': 0.35, 'recall': 0.6140350877192983, 'f1-score': 0.445859872611465, 'support': 114.0}, 'combo': {'precision': 0.67, 'recall': 0.5955555555555555, 'f1-score': 0.6305882352941177, 'support': 225.0}, 'junk': {'precision': 0.745, 'recall': 0.6535087719298246, 'f1-score': 0.6962616822429907, 'support': 228.0}, 'scan': {'precision': 0.69, 'recall': 0.6634615384615384, 'f1-score': 0.6764705882352942, 'support': 208.0}, 'syn': {'precision': 0.52, 'recall': 0.7323943661971831, 'f1-score': 0.6081871345029239, 'support': 142.0}, 'tcp': {'precision': 1.0, 'recall': 0.5509641873278237, 'f1-score': 0.7104795737122558, 'support': 363.0}, 'udp': {'precision': 0.115, 'recall': 0.2911392405063291, 'f1-score': 0.16487455197132617, 'support': 79.0}, 'udpplain': {'precision': 0.34, 'recall': 0.6666666666666666, 'f1-score': 0.4503311258278146, 'support': 102.0}, 'micro avg': {'precision': 0.5116666666666667, 'recall': 0.6, 'f1-score': 0.5523238380809595, 'support': 1535.0}, 'macro avg': {'precision': 0.5116666666666667, 'recall': 0.5822998208152437, 'f1-score': 0.5153919129947702, 'support': 1535.0}, 'weighted avg': {'precision': 0.6498925081433224, 'recall': 0.6, 'f1-score': 0.595631632970302, 'support': 1535.0}}","[[  0 115  32   6   1   9   7   0  25  70]
 [  0  35  34   2   0   1   0   0   2   0]
 [  0  24  70  15   2   0   1   0   1   1]
 [  0   8  41 134  28  10   4   0   0   0]
 [  0   2  10  41 149  17   7   0   2   0]
 [  0   5   6   1  17 138  36   0   4   1]
 [  0   5   1   0   2  17 104   0   8   5]
 [  0   4   4   1   1   4  31 200 106  12]
 [  0   0   0   0   0   3  10   0  23  43]
 [  0   2   2   0   0   1   0   0  29  68]]",11.00373554,0.14233017
36,N_BaIoT,0,poly,MinMaxScaler,HHH,0.47206638,-1,-1,90.4,54.85525002,5.333333333,46.8,47.60704768,-1,"{'0Normal': {'precision': 0.6, 'recall': 0.975609756097561, 'f1-score': 0.7430340557275542, 'support': 123.0}, 'ack': {'precision': 0.415, 'recall': 0.7410714285714286, 'f1-score': 0.532051282051282, 'support': 112.0}, 'combo': {'precision': 0.715, 'recall': 0.5257352941176471, 'f1-score': 0.6059322033898306, 'support': 272.0}, 'junk': {'precision': 0.825, 'recall': 0.5374592833876222, 'f1-score': 0.650887573964497, 'support': 307.0}, 'scan': {'precision': 0.63, 'recall': 0.2850678733031674, 'f1-score': 0.3925233644859813, 'support': 442.0}, 'syn': {'precision': 0.655, 'recall': 0.9225352112676056, 'f1-score': 0.7660818713450293, 'support': 142.0}, 'tcp': {'precision': 0.0, 'recall': 0.0, 'f1-score': 0.0, 'support': 105.0}, 'udp': {'precision': 0.355, 'recall': 0.5182481751824818, 'f1-score': 0.42136498516320475, 'support': 137.0}, 'udpplain': {'precision': 0.485, 'recall': 0.9797979797979798, 'f1-score': 0.6488294314381271, 'support': 99.0}, 'micro avg': {'precision': 0.52, 'recall': 0.5382403680276021, 'f1-score': 0.5289629838937553, 'support': 1739.0}, 'macro avg': {'precision': 0.52, 'recall': 0.6095027779694993, 'f1-score': 0.5289671963961674, 'support': 1739.0}, 'weighted avg': {'precision': 0.5958338125359401, 'recall': 0.5382403680276021, 'f1-score': 0.5289586236267388, 'support': 1739.0}}","[[  0  46   0   0   1   1   0   0   1  12]
 [  0 120   3   0   0   0   0   0   0   0]
 [  0  29  83   0   0   0   0   0   0   0]
 [  0   2  94 143  33   0   0   0   0   0]
 [  0   3  13  56 165  68   1   0   0   1]
 [  0   0   4   1   1 126  31 200  79   0]
 [  0   0   3   0   0   4 131   0   2   2]
 [  0   0   0   0   0   1  35   0  45  24]
 [  0   0   0   0   0   0   2   0  71  64]
 [  0   0   0   0   0   0   0   0   2  97]]",0.560424566,0.061157703
24,N_BaIoT,2,None,QuantileTransformer,HHH,0.460397425,-1,-1,89.86666667,52.37996101,5.62962963,44.4,46.94238643,-1,"{'0Normal': {'precision': 0.01, 'recall': 0.03389830508474576, 'f1-score': 0.015444015444015444, 'support': 59.0}, 'ack': {'precision': 0.395, 'recall': 0.632, 'f1-score': 0.48615384615384616, 'support': 125.0}, 'combo': {'precision': 0.275, 'recall': 0.3873239436619718, 'f1-score': 0.3216374269005848, 'support': 142.0}, 'junk': {'precision': 0.43, 'recall': 0.5477707006369427, 'f1-score': 0.48179271708683474, 'support': 157.0}, 'scan': {'precision': 0.68, 'recall': 0.5887445887445888, 'f1-score': 0.6310904872389791, 'support': 231.0}, 'syn': {'precision': 0.605, 'recall': 0.7245508982035929, 'f1-score': 0.659400544959128, 'support': 167.0}, 'tcp': {'precision': 1.0, 'recall': 0.7575757575757576, 'f1-score': 0.8620689655172413, 'support': 264.0}, 'udp': {'precision': 0.645, 'recall': 0.7818181818181819, 'f1-score': 0.7068493150684931, 'support': 165.0}, 'udpplain': {'precision': 0.4, 'recall': 0.7843137254901961, 'f1-score': 0.5298013245033113, 'support': 102.0}, 'micro avg': {'precision': 0.49333333333333335, 'recall': 0.6288951841359773, 'f1-score': 0.5529265255292652, 'support': 1412.0}, 'macro avg': {'precision': 0.4933333333333334, 'recall': 0.5819995668017753, 'f1-score': 0.5215820714302705, 'support': 1412.0}, 'weighted avg': {'precision': 0.5848902266288951, 'recall': 0.6288951841359773, 'f1-score': 0.5928840449189188, 'support': 1412.0}}","[[  0 189  30  40  10  11   5   0  23  80]
 [  0   2  31  20   3   1   0   0   0   2]
 [  0   0  79  24  14   5   0   0   0   3]
 [  0   2  32  55  38   7   5   0   0   3]
 [  0   2  15  33  86   4  10   0   1   6]
 [  0   1   4  19  40 136  27   0   1   3]
 [  0   3   3   6   2  17 121   0   8   7]
 [  0   0   1   1   4   9  19 200  25   5]
 [  0   1   3   0   3   8  10   0 129  11]
 [  0   0   2   2   0   2   3   0  13  80]]",2.987470627,0.014512777
33,N_BaIoT,2,sigmoid,StandardScaler,HHH,0.455808771,-1,-1,89.96666667,51.48774463,5.574074074,44.85,45.52221384,-1,"{'0Normal': {'precision': 0.19, 'recall': 0.48717948717948717, 'f1-score': 0.2733812949640288, 'support': 78.0}, 'ack': {'precision': 0.425, 'recall': 0.648854961832061, 'f1-score': 0.513595166163142, 'support': 131.0}, 'combo': {'precision': 0.67, 'recall': 0.5630252100840336, 'f1-score': 0.6118721461187214, 'support': 238.0}, 'junk': {'precision': 0.66, 'recall': 0.5919282511210763, 'f1-score': 0.624113475177305, 'support': 223.0}, 'scan': {'precision': 0.57, 'recall': 0.6, 'f1-score': 0.5846153846153846, 'support': 190.0}, 'syn': {'precision': 0.5, 'recall': 0.6451612903225806, 'f1-score': 0.5633802816901409, 'support': 155.0}, 'tcp': {'precision': 1.0, 'recall': 0.5830903790087464, 'f1-score': 0.7366482504604052, 'support': 343.0}, 'udp': {'precision': 0.195, 'recall': 0.39, 'f1-score': 0.26, 'support': 100.0}, 'udpplain': {'precision': 0.275, 'recall': 0.6395348837209303, 'f1-score': 0.38461538461538464, 'support': 86.0}, 'micro avg': {'precision': 0.49833333333333335, 'recall': 0.5809585492227979, 'f1-score': 0.5364832535885168, 'support': 1544.0}, 'macro avg': {'precision': 0.49833333333333335, 'recall': 0.5720860514743239, 'f1-score': 0.5058023759782793, 'support': 1544.0}, 'weighted avg': {'precision': 0.6146923575129534, 'recall': 0.5809585492227979, 'f1-score': 0.5722511160874985, 'support': 1544.0}}","[[  0 103  31   2   1  26   1   0  18  74]
 [  0  38  29   1   1   6   0   0   1   2]
 [  0  28  85  13   5   0   0   0   0   0]
 [  0  13  35 134  45   5   4   0   1   1]
 [  0   4  11  49 132  19   4   0   1   3]
 [  0   2   3   1  12 114  55   0   3   0]
 [  0   5   5   0   3  22 100   0  12   8]
 [  0   2   0   0   1   2  28 200 101   9]
 [  0   1   1   0   0   4   7   0  39  48]
 [  0   4   0   0   0   2   1   0  24  55]]",2.850957632,0.732092142
28,N_BaIoT,0,sigmoid,StandardScaler,HHH,0.410997316,-1,-1,89.11111111,47.504407,6.049382716,41,41.62790289,-1,"{'0Normal': {'precision': 0.13, 'recall': 0.36619718309859156, 'f1-score': 0.1918819188191882, 'support': 71.0}, 'ack': {'precision': 0.445, 'recall': 0.7416666666666667, 'f1-score': 0.55625, 'support': 120.0}, 'combo': {'precision': 0.795, 'recall': 0.6597510373443983, 'f1-score': 0.7210884353741497, 'support': 241.0}, 'junk': {'precision': 0.765, 'recall': 0.7251184834123223, 'f1-score': 0.7445255474452555, 'support': 211.0}, 'scan': {'precision': 0.66, 'recall': 0.28509719222462204, 'f1-score': 0.39819004524886875, 'support': 463.0}, 'syn': {'precision': 0.665, 'recall': 0.7823529411764706, 'f1-score': 0.7189189189189189, 'support': 170.0}, 'tcp': {'precision': 0.0, 'recall': 0.0, 'f1-score': 0.0, 'support': 64.0}, 'udp': {'precision': 0.28, 'recall': 0.49122807017543857, 'f1-score': 0.35668789808917195, 'support': 114.0}, 'udpplain': {'precision': 0.36, 'recall': 0.6990291262135923, 'f1-score': 0.4752475247524752, 'support': 103.0}, 'micro avg': {'precision': 0.45555555555555555, 'recall': 0.5266538214515093, 'f1-score': 0.48853142686922846, 'support': 1557.0}, 'macro avg': {'precision': 0.4555555555555556, 'recall': 0.5278267444791225, 'f1-score': 0.4625322542942253, 'support': 1557.0}, 'weighted avg': {'precision': 0.5801348747591523, 'recall': 0.5266538214515093, 'f1-score': 0.5185882737767465, 'support': 1557.0}}","[[  0 134  22   2   2   5   5   0  13  60]
 [  0  26  40   1   0   2   0   0   0   2]
 [  0  11  89  19   0   0   0   0   1   0]
 [  0  11  34 159  31   6   0   0   0   0]
 [  0   3   6  18 153  25   3   0   1   2]
 [  0   5   5   1  12 132  27 200  80   1]
 [  0   7   3   0   0  21 133   0   4   2]
 [  0   1   0   0   1   8  28   0  16  10]
 [  0   2   0   0   1   1   3   0  56  51]
 [  0   0   1   0   0   0   1   0  29  72]]",2.273910522,0.09738183
4,N_BaIoT,-1,None,QuantileTransformer,HHH,0.312866782,-1,-1,87.54444444,40.03235684,6.919753086,33.95,30.40945457,-1,"{'0Normal': {'precision': 0.205, 'recall': 0.9318181818181818, 'f1-score': 0.3360655737704918, 'support': 44.0}, 'ack': {'precision': 0.03, 'recall': 0.08333333333333333, 'f1-score': 0.04411764705882353, 'support': 72.0}, 'combo': {'precision': 0.53, 'recall': 0.49765258215962443, 'f1-score': 0.513317191283293, 'support': 213.0}, 'junk': {'precision': 0.58, 'recall': 0.3741935483870968, 'f1-score': 0.4549019607843137, 'support': 310.0}, 'scan': {'precision': 0.26, 'recall': 0.22413793103448276, 'f1-score': 0.24074074074074073, 'support': 232.0}, 'syn': {'precision': 0.61, 'recall': 0.30730478589420657, 'f1-score': 0.40871021775544386, 'support': 397.0}, 'tcp': {'precision': 1.0, 'recall': 0.5847953216374269, 'f1-score': 0.7380073800738007, 'support': 342.0}, 'udp': {'precision': 0.0, 'recall': 0.0, 'f1-score': 0.0, 'support': 63.0}, 'udpplain': {'precision': 0.18, 'recall': 1.0, 'f1-score': 0.3050847457627119, 'support': 36.0}, 'micro avg': {'precision': 0.37722222222222224, 'recall': 0.3973083674663546, 'f1-score': 0.3870048446850955, 'support': 1709.0}, 'macro avg': {'precision': 0.37722222222222224, 'recall': 0.44480396491826135, 'f1-score': 0.33788282858106883, 'support': 1709.0}, 'weighted avg': {'precision': 0.5587126974839087, 'recall': 0.3973083674663546, 'f1-score': 0.4387424859883418, 'support': 1709.0}}","[[  0  89   0   0   1   0   0   0   0   1]
 [  0  41   0   1   0   2   0   0   0   0]
 [  0  34   6  25   6   1   0   0   0   0]
 [  0  15  30 106  54   6   0   0   2   0]
 [  0  11  64  61 116  36   1   0  21   0]
 [  0   5  43   3  22  52  67   0  40   0]
 [  0   5  45   3   1  99 122   0  59  63]
 [  0   0  11   1   0   4  10 200  78  38]
 [  0   0   1   0   0   0   0   0   0  62]
 [  0   0   0   0   0   0   0   0   0  36]]",11.89745784,0.007001162
2,N_BaIoT,-1,linear,QuantileTransformer,HHH,0.312238247,-1,-1,87.53333333,39.99662926,6.925925926,33.9,30.36446785,-1,"{'0Normal': {'precision': 0.205, 'recall': 0.9318181818181818, 'f1-score': 0.3360655737704918, 'support': 44.0}, 'ack': {'precision': 0.03, 'recall': 0.08333333333333333, 'f1-score': 0.04411764705882353, 'support': 72.0}, 'combo': {'precision': 0.525, 'recall': 0.49528301886792453, 'f1-score': 0.5097087378640777, 'support': 212.0}, 'junk': {'precision': 0.58, 'recall': 0.3729903536977492, 'f1-score': 0.45401174168297453, 'support': 311.0}, 'scan': {'precision': 0.26, 'recall': 0.22413793103448276, 'f1-score': 0.24074074074074073, 'support': 232.0}, 'syn': {'precision': 0.61, 'recall': 0.30730478589420657, 'f1-score': 0.40871021775544386, 'support': 397.0}, 'tcp': {'precision': 1.0, 'recall': 0.5847953216374269, 'f1-score': 0.7380073800738007, 'support': 342.0}, 'udp': {'precision': 0.0, 'recall': 0.0, 'f1-score': 0.0, 'support': 63.0}, 'udpplain': {'precision': 0.18, 'recall': 1.0, 'f1-score': 0.3050847457627119, 'support': 36.0}, 'micro avg': {'precision': 0.37666666666666665, 'recall': 0.39672322995904036, 'f1-score': 0.38643488173268736, 'support': 1709.0}, 'macro avg': {'precision': 0.3766666666666667, 'recall': 0.44440699180925614, 'f1-score': 0.337382976078785, 'support': 1709.0}, 'weighted avg': {'precision': 0.5581217086015213, 'recall': 0.39672322995904036, 'f1-score': 0.43809867937869346, 'support': 1709.0}}","[[  0  89   0   0   1   0   0   0   0   1]
 [  0  41   0   1   0   2   0   0   0   0]
 [  0  34   6  25   6   1   0   0   0   0]
 [  0  15  30 105  54   6   0   0   2   0]
 [  0  11  64  62 116  36   1   0  21   0]
 [  0   5  43   3  22  52  67   0  40   0]
 [  0   5  45   3   1  99 122   0  59  63]
 [  0   0  11   1   0   4  10 200  78  38]
 [  0   0   1   0   0   0   0   0   0  62]
 [  0   0   0   0   0   0   0   0   0  36]]",10.76716733,0.06504178
17,N_BaIoT,0,linear,QuantileTransformer,HHH,0.273081128,-1,-1,86.85555556,36.84181753,7.302469136,30.85,27.54122298,-1,"{'0Normal': {'precision': 0.205, 'recall': 0.82, 'f1-score': 0.328, 'support': 50.0}, 'ack': {'precision': 0.0, 'recall': 0.0, 'f1-score': 0.0, 'support': 72.0}, 'combo': {'precision': 0.39, 'recall': 0.4785276073619632, 'f1-score': 0.4297520661157025, 'support': 163.0}, 'junk': {'precision': 0.55, 'recall': 0.36065573770491804, 'f1-score': 0.43564356435643564, 'support': 305.0}, 'scan': {'precision': 0.2, 'recall': 0.14388489208633093, 'f1-score': 0.16736401673640167, 'support': 278.0}, 'syn': {'precision': 0.58, 'recall': 0.28501228501228504, 'f1-score': 0.38220757825370677, 'support': 407.0}, 'tcp': {'precision': 1.0, 'recall': 0.5813953488372093, 'f1-score': 0.7352941176470589, 'support': 344.0}, 'udp': {'precision': 0.005, 'recall': 0.014705882352941176, 'f1-score': 0.007462686567164179, 'support': 68.0}, 'udpplain': {'precision': 0.155, 'recall': 1.0, 'f1-score': 0.2683982683982684, 'support': 31.0}, 'micro avg': {'precision': 0.3427777777777778, 'recall': 0.35913853317811406, 'f1-score': 0.35076748152359294, 'support': 1718.0}, 'macro avg': {'precision': 0.34277777777777774, 'recall': 0.40935352815062753, 'f1-score': 0.30601358867497086, 'support': 1718.0}, 'weighted avg': {'precision': 0.5136059371362048, 'recall': 0.35913853317811406, 'f1-score': 0.3976574740308803, 'support': 1718.0}}","[[  0  78   0   0   0   0   0   0   0   4]
 [  0  41   0   8   1   0   0   0   0   0]
 [  0  25   0  45   0   2   0   0   0   0]
 [  0  27   6  78  45   7   0   0   0   0]
 [  0  17  55  62 110  47   1   0  13   0]
 [  0   8  68   7  38  40  69   0  23  25]
 [  0   4  70   0   6  89 116   0  61  61]
 [  0   0   1   0   0  15  13 200 102  13]
 [  0   0   0   0   0   0   1   0   1  66]
 [  0   0   0   0   0   0   0   0   0  31]]",0.016924143,0.00984025
12,N_BaIoT,-1,linear,MinMaxScaler,HHH,0.270941621,-1,-1,86.83333333,36.42060756,7.314814815,30.75,27.99578656,-1,"{'0Normal': {'precision': 0.29, 'recall': 1.0, 'f1-score': 0.4496124031007752, 'support': 58.0}, 'ack': {'precision': 0.035, 'recall': 0.0875, 'f1-score': 0.05, 'support': 80.0}, 'combo': {'precision': 0.195, 'recall': 0.22941176470588234, 'f1-score': 0.21081081081081082, 'support': 170.0}, 'junk': {'precision': 0.585, 'recall': 0.2772511848341232, 'f1-score': 0.3762057877813505, 'support': 422.0}, 'scan': {'precision': 0.295, 'recall': 0.24180327868852458, 'f1-score': 0.26576576576576577, 'support': 244.0}, 'syn': {'precision': 0.38, 'recall': 0.2835820895522388, 'f1-score': 0.3247863247863248, 'support': 268.0}, 'tcp': {'precision': 1.0, 'recall': 0.4975124378109453, 'f1-score': 0.6644518272425249, 'support': 402.0}, 'udp': {'precision': 0.005, 'recall': 0.025, 'f1-score': 0.008333333333333333, 'support': 40.0}, 'udpplain': {'precision': 0.29, 'recall': 1.0, 'f1-score': 0.4496124031007752, 'support': 58.0}, 'micro avg': {'precision': 0.3416666666666667, 'recall': 0.3530424799081516, 'f1-score': 0.34726143421795597, 'support': 1742.0}, 'macro avg': {'precision': 0.3416666666666667, 'recall': 0.40467341728796824, 'f1-score': 0.31106429510240674, 'support': 1742.0}, 'weighted avg': {'precision': 0.5123306544202066, 'recall': 0.3530424799081516, 'f1-score': 0.38466375936605507, 'support': 1742.0}}","[[  0  37   0   0   1   1   0   0   0  19]
 [  0  58   0   0   0   0   0   0   0   0]
 [  0  72   7   0   0   1   0   0   0   0]
 [  0  15  21  39  82   0   1   0  12   0]
 [  0  14  64 161 117   3  37   0  26   0]
 [  0   2  59   0   0  59  70   0  44  10]
 [  0   0  30   0   0 106  76   0  31  25]
 [  0   1  12   0   0  29  14 200  86  60]
 [  0   1   7   0   0   1   2   0   1  28]
 [  0   0   0   0   0   0   0   0   0  58]]",11.18905497,0.065738916
14,N_BaIoT,-1,None,MinMaxScaler,HHH,0.270941621,-1,-1,86.83333333,36.42060756,7.314814815,30.75,27.99578656,-1,"{'0Normal': {'precision': 0.29, 'recall': 1.0, 'f1-score': 0.4496124031007752, 'support': 58.0}, 'ack': {'precision': 0.035, 'recall': 0.0875, 'f1-score': 0.05, 'support': 80.0}, 'combo': {'precision': 0.195, 'recall': 0.22941176470588234, 'f1-score': 0.21081081081081082, 'support': 170.0}, 'junk': {'precision': 0.585, 'recall': 0.2772511848341232, 'f1-score': 0.3762057877813505, 'support': 422.0}, 'scan': {'precision': 0.295, 'recall': 0.24180327868852458, 'f1-score': 0.26576576576576577, 'support': 244.0}, 'syn': {'precision': 0.38, 'recall': 0.2835820895522388, 'f1-score': 0.3247863247863248, 'support': 268.0}, 'tcp': {'precision': 1.0, 'recall': 0.4975124378109453, 'f1-score': 0.6644518272425249, 'support': 402.0}, 'udp': {'precision': 0.005, 'recall': 0.025, 'f1-score': 0.008333333333333333, 'support': 40.0}, 'udpplain': {'precision': 0.29, 'recall': 1.0, 'f1-score': 0.4496124031007752, 'support': 58.0}, 'micro avg': {'precision': 0.3416666666666667, 'recall': 0.3530424799081516, 'f1-score': 0.34726143421795597, 'support': 1742.0}, 'macro avg': {'precision': 0.3416666666666667, 'recall': 0.40467341728796824, 'f1-score': 0.31106429510240674, 'support': 1742.0}, 'weighted avg': {'precision': 0.5123306544202066, 'recall': 0.3530424799081516, 'f1-score': 0.38466375936605507, 'support': 1742.0}}","[[  0  37   0   0   1   1   0   0   0  19]
 [  0  58   0   0   0   0   0   0   0   0]
 [  0  72   7   0   0   1   0   0   0   0]
 [  0  15  21  39  82   0   1   0  12   0]
 [  0  14  64 161 117   3  37   0  26   0]
 [  0   2  59   0   0  59  70   0  44  10]
 [  0   0  30   0   0 106  76   0  31  25]
 [  0   1  12   0   0  29  14 200  86  60]
 [  0   1   7   0   0   1   2   0   1  28]
 [  0   0   0   0   0   0   0   0   0  58]]",12.26180458,0.006951809
3,N_BaIoT,-1,sigmoid,QuantileTransformer,HHH,0.201556305,-1,-1,84.46666667,27.75597052,8.62962963,20.1,21.47835965,-1,"{'0Normal': {'precision': 0.005, 'recall': 0.019230769230769232, 'f1-score': 0.007936507936507936, 'support': 52.0}, 'ack': {'precision': 0.095, 'recall': 0.3220338983050847, 'f1-score': 0.14671814671814673, 'support': 59.0}, 'combo': {'precision': 0.085, 'recall': 0.22077922077922077, 'f1-score': 0.12274368231046931, 'support': 77.0}, 'junk': {'precision': 0.06, 'recall': 0.1643835616438356, 'f1-score': 0.08791208791208792, 'support': 73.0}, 'scan': {'precision': 0.12, 'recall': 0.21238938053097345, 'f1-score': 0.15335463258785942, 'support': 113.0}, 'syn': {'precision': 0.16, 'recall': 0.3047619047619048, 'f1-score': 0.2098360655737705, 'support': 105.0}, 'tcp': {'precision': 1.0, 'recall': 0.6993006993006993, 'f1-score': 0.823045267489712, 'support': 286.0}, 'udp': {'precision': 0.405, 'recall': 0.5704225352112676, 'f1-score': 0.47368421052631576, 'support': 142.0}, 'udpplain': {'precision': 0.08, 'recall': 0.26229508196721313, 'f1-score': 0.12260536398467432, 'support': 61.0}, 'micro avg': {'precision': 0.22333333333333333, 'recall': 0.4152892561983471, 'f1-score': 0.2904624277456647, 'support': 968.0}, 'macro avg': {'precision': 0.22333333333333336, 'recall': 0.308399672414552, 'f1-score': 0.23864844055994933, 'support': 968.0}, 'weighted avg': {'precision': 0.40861570247933887, 'recall': 0.4152892561983471, 'f1-score': 0.3868107510248877, 'support': 968.0}}","[[  0 198  99 119  87  64  53   0  65 147]
 [  0   1  18  10  15   5   3   0   0   0]
 [  0   0  19   6  13  10   6   0   4   1]
 [  0   0  18  17  10  16  11   0   5   0]
 [  0   0  15   7  12  21  12   0   3   3]
 [  0   0  14  16  22  24  32   0   2   3]
 [  0   0   6   8  11  31  32   0  12   5]
 [  0   0   5   6   6  16  28 200  16   9]
 [  0   1   4   6  12   7  15   0  81  16]
 [  0   0   2   5  12   6   8   0  12  16]]",11.68629503,0.145281553
19,N_BaIoT,0,None,QuantileTransformer,HHH,0.17461207,-1,-1,85.04444444,32.71893487,8.308641975,22.7,21.32161198,-1,"{'0Normal': {'precision': 0.15, 'recall': 0.9090909090909091, 'f1-score': 0.2575107296137339, 'support': 33.0}, 'ack': {'precision': 0.01, 'recall': 0.029411764705882353, 'f1-score': 0.014925373134328358, 'support': 68.0}, 'combo': {'precision': 0.505, 'recall': 0.5674157303370787, 'f1-score': 0.5343915343915344, 'support': 178.0}, 'junk': {'precision': 0.535, 'recall': 0.3905109489051095, 'f1-score': 0.45147679324894513, 'support': 274.0}, 'scan': {'precision': 0.24, 'recall': 0.1875, 'f1-score': 0.21052631578947367, 'support': 256.0}, 'syn': {'precision': 0.58, 'recall': 0.16909620991253643, 'f1-score': 0.2618510158013544, 'support': 686.0}, 'tcp': {'precision': 0.0, 'recall': 0.0, 'f1-score': 0.0, 'support': 116.0}, 'udp': {'precision': 0.005, 'recall': 0.018867924528301886, 'f1-score': 0.007905138339920948, 'support': 53.0}, 'udpplain': {'precision': 0.245, 'recall': 1.0, 'f1-score': 0.39357429718875503, 'support': 49.0}, 'micro avg': {'precision': 0.25222222222222224, 'recall': 0.26503210741389377, 'f1-score': 0.25846854540278963, 'support': 1713.0}, 'macro avg': {'precision': 0.25222222222222224, 'recall': 0.36354372083109093, 'f1-score': 0.2369067997231162, 'support': 1713.0}, 'weighted avg': {'precision': 0.41663747810858137, 'recall': 0.26503210741389377, 'f1-score': 0.2811253709856339, 'support': 1713.0}}","[[  0  83   0   0   1   0   0   0   0   3]
 [  0  30   0   1   0   2   0   0   0   0]
 [  0  33   2  25   8   0   0   0   0   0]
 [  0  23  11 101  36   7   0   0   0   0]
 [  0  11  38  65 107  38   3   0  12   0]
 [  0  11  72   8  45  48  48   0  21   3]
 [  0   7  67   0   3  80 116 200 130  83]
 [  0   0   9   0   0  25  33   0  36  13]
 [  0   2   1   0   0   0   0   0   1  49]
 [  0   0   0   0   0   0   0   0   0  49]]",0.015647411,0.006675482
37,N_BaIoT,0,linear,MinMaxScaler,HHH,0.148311633,-1,-1,84.68888889,28.8719802,8.50617284,21.1,20.22451878,-1,"{'0Normal': {'precision': 0.235, 'recall': 0.9791666666666666, 'f1-score': 0.3790322580645161, 'support': 48.0}, 'ack': {'precision': 0.005, 'recall': 0.013157894736842105, 'f1-score': 0.007246376811594203, 'support': 76.0}, 'combo': {'precision': 0.195, 'recall': 0.33620689655172414, 'f1-score': 0.2468354430379747, 'support': 116.0}, 'junk': {'precision': 0.82, 'recall': 0.4606741573033708, 'f1-score': 0.5899280575539568, 'support': 356.0}, 'scan': {'precision': 0.36, 'recall': 0.140625, 'f1-score': 0.20224719101123595, 'support': 512.0}, 'syn': {'precision': 0.185, 'recall': 0.11858974358974358, 'f1-score': 0.14453125, 'support': 312.0}, 'tcp': {'precision': 0.0, 'recall': 0.0, 'f1-score': 0.0, 'support': 163.0}, 'udp': {'precision': 0.06, 'recall': 0.15384615384615385, 'f1-score': 0.08633093525179857, 'support': 78.0}, 'udpplain': {'precision': 0.25, 'recall': 0.684931506849315, 'f1-score': 0.3663003663003663, 'support': 73.0}, 'micro avg': {'precision': 0.23444444444444446, 'recall': 0.2433679354094579, 'f1-score': 0.2388228636106395, 'support': 1734.0}, 'macro avg': {'precision': 0.23444444444444443, 'recall': 0.32079977994931297, 'f1-score': 0.22471687533682694, 'support': 1734.0}, 'weighted avg': {'precision': 0.34092848904267586, 'recall': 0.2433679354094579, 'f1-score': 0.253465758012521, 'support': 1734.0}}","[[  0  32   0   0   1   1   0   0   0  32]
 [  0  47   0   0   0   1   0   0   0   0]
 [  0  74   1   0   0   1   0   0   0   0]
 [  0  39   1  39  35   2   0   0   0   0]
 [  0   7   7 161 164   1  14   0   1   1]
 [  0   0  58   0   0  72  84 200  95   3]
 [  0   1  71   0   0 122  37   0  47  34]
 [  0   0  48   0   0   0  14   0  43  58]
 [  0   0  14   0   0   0  30   0  12  22]
 [  0   0   0   0   0   0  21   0   2  50]]",0.005179405,0.009511948
7,N_BaIoT,-1,linear,StandardScaler,HHH,0.13574726,-1,-1,84.46666667,29.68849294,8.62962963,20.1,19.90170283,-1,"{'0Normal': {'precision': 0.26, 'recall': 0.9122807017543859, 'f1-score': 0.4046692607003891, 'support': 57.0}, 'ack': {'precision': 0.075, 'recall': 0.1388888888888889, 'f1-score': 0.09740259740259741, 'support': 108.0}, 'combo': {'precision': 0.55, 'recall': 0.3492063492063492, 'f1-score': 0.42718446601941745, 'support': 315.0}, 'junk': {'precision': 0.355, 'recall': 0.2297734627831715, 'f1-score': 0.27897838899803534, 'support': 309.0}, 'scan': {'precision': 0.345, 'recall': 0.2593984962406015, 'f1-score': 0.296137339055794, 'support': 266.0}, 'syn': {'precision': 0.195, 'recall': 0.0783132530120482, 'f1-score': 0.11174785100286533, 'support': 498.0}, 'tcp': {'precision': 0.0, 'recall': 0.0, 'f1-score': 0.0, 'support': 84.0}, 'udp': {'precision': 0.005, 'recall': 0.022727272727272728, 'f1-score': 0.00819672131147541, 'support': 44.0}, 'udpplain': {'precision': 0.225, 'recall': 0.9782608695652174, 'f1-score': 0.36585365853658536, 'support': 46.0}, 'micro avg': {'precision': 0.22333333333333333, 'recall': 0.23277359583092067, 'f1-score': 0.22795576977601362, 'support': 1727.0}, 'macro avg': {'precision': 0.22333333333333336, 'recall': 0.3298721437975483, 'f1-score': 0.22113003144746213, 'support': 1727.0}, 'weighted avg': {'precision': 0.2925969889982629, 'recall': 0.23277359583092067, 'f1-score': 0.23507003091752637, 'support': 1727.0}}","[[  0  48   0   0   1  14   0   0   0  10]
 [  0  52   4   0   1   0   0   0   0   0]
 [  0  70  15  13   5   0   0   0   5   0]
 [  0  19  38 110 120   2  11   0  15   0]
 [  0  10  56  77  71  11  50   0  32   2]
 [  0   0  49   0   0  69  89   0  40  19]
 [  0   1  26   0   2  95  39 200 103  32]
 [  0   0   9   0   0   6  10   0   4  55]
 [  0   0   3   0   0   2   1   0   1  37]
 [  0   0   0   0   0   1   0   0   0  45]]",11.20883107,0.062931299
9,N_BaIoT,-1,None,StandardScaler,HHH,0.13574726,-1,-1,84.46666667,29.68849294,8.62962963,20.1,19.90170283,-1,"{'0Normal': {'precision': 0.26, 'recall': 0.9122807017543859, 'f1-score': 0.4046692607003891, 'support': 57.0}, 'ack': {'precision': 0.075, 'recall': 0.1388888888888889, 'f1-score': 0.09740259740259741, 'support': 108.0}, 'combo': {'precision': 0.55, 'recall': 0.3492063492063492, 'f1-score': 0.42718446601941745, 'support': 315.0}, 'junk': {'precision': 0.355, 'recall': 0.2297734627831715, 'f1-score': 0.27897838899803534, 'support': 309.0}, 'scan': {'precision': 0.345, 'recall': 0.2593984962406015, 'f1-score': 0.296137339055794, 'support': 266.0}, 'syn': {'precision': 0.195, 'recall': 0.0783132530120482, 'f1-score': 0.11174785100286533, 'support': 498.0}, 'tcp': {'precision': 0.0, 'recall': 0.0, 'f1-score': 0.0, 'support': 84.0}, 'udp': {'precision': 0.005, 'recall': 0.022727272727272728, 'f1-score': 0.00819672131147541, 'support': 44.0}, 'udpplain': {'precision': 0.225, 'recall': 0.9782608695652174, 'f1-score': 0.36585365853658536, 'support': 46.0}, 'micro avg': {'precision': 0.22333333333333333, 'recall': 0.23277359583092067, 'f1-score': 0.22795576977601362, 'support': 1727.0}, 'macro avg': {'precision': 0.22333333333333336, 'recall': 0.3298721437975483, 'f1-score': 0.22113003144746213, 'support': 1727.0}, 'weighted avg': {'precision': 0.2925969889982629, 'recall': 0.23277359583092067, 'f1-score': 0.23507003091752637, 'support': 1727.0}}","[[  0  48   0   0   1  14   0   0   0  10]
 [  0  52   4   0   1   0   0   0   0   0]
 [  0  70  15  13   5   0   0   0   5   0]
 [  0  19  38 110 120   2  11   0  15   0]
 [  0  10  56  77  71  11  50   0  32   2]
 [  0   0  49   0   0  69  89   0  40  19]
 [  0   1  26   0   2  95  39 200 103  32]
 [  0   0   9   0   0   6  10   0   4  55]
 [  0   0   3   0   0   2   1   0   1  37]
 [  0   0   0   0   0   1   0   0   0  45]]",11.62971473,0.007124424
43,N_BaIoT,2,sigmoid,MinMaxScaler,HHH,0.135024143,-1,-1,83.91111111,25.1364559,8.938271605,17.6,19.71183813,-1,"{'0Normal': {'precision': 0.35, 'recall': 0.546875, 'f1-score': 0.4268292682926829, 'support': 128.0}, 'ack': {'precision': 0.1, 'recall': 0.10752688172043011, 'f1-score': 0.10362694300518134, 'support': 186.0}, 'combo': {'precision': 0.365, 'recall': 0.25259515570934254, 'f1-score': 0.2985685071574642, 'support': 289.0}, 'junk': {'precision': 0.29, 'recall': 0.29743589743589743, 'f1-score': 0.2936708860759494, 'support': 195.0}, 'scan': {'precision': 0.265, 'recall': 0.36054421768707484, 'f1-score': 0.30547550432276654, 'support': 147.0}, 'syn': {'precision': 0.195, 'recall': 0.3391304347826087, 'f1-score': 0.24761904761904763, 'support': 115.0}, 'tcp': {'precision': 0.0, 'recall': 0.0, 'f1-score': 0.0, 'support': 85.0}, 'udp': {'precision': 0.075, 'recall': 0.2459016393442623, 'f1-score': 0.11494252873563218, 'support': 61.0}, 'udpplain': {'precision': 0.12, 'recall': 0.36363636363636365, 'f1-score': 0.18045112781954886, 'support': 66.0}, 'micro avg': {'precision': 0.19555555555555557, 'recall': 0.27672955974842767, 'f1-score': 0.22916666666666666, 'support': 1272.0}, 'macro avg': {'precision': 0.1955555555555556, 'recall': 0.2792939544795533, 'f1-score': 0.21902042366980812, 'support': 1272.0}, 'weighted avg': {'precision': 0.2353066037735849, 'recall': 0.27672955974842767, 'f1-score': 0.24352455769995704, 'support': 1272.0}}","[[  0  56  81   4   2   9  12 200 115  49]
 [  0  70  24  25   2   0   2   0   4   1]
 [  0  45  20  58   3  42   6   0   4   8]
 [  0  12  21  73 122  31  14   0   6  10]
 [  0  10  14  37  58  18  36   0   5  17]
 [  0   2  13   1  12  53  40   0  12  14]
 [  0   3   7   0   0  25  39   0  16  25]
 [  0   0  10   1   1  13  19   0  12  29]
 [  0   2   3   0   0   5  13   0  15  23]
 [  0   0   7   1   0   4  19   0  11  24]]",1.186946154,0.500495911
39,N_BaIoT,0,None,MinMaxScaler,HHH,0.109921324,-1,-1,83.98888889,28.07469739,8.895061728,17.95,15.76809452,-1,"{'0Normal': {'precision': 0.15, 'recall': 1.0, 'f1-score': 0.2608695652173913, 'support': 30.0}, 'ack': {'precision': 0.005, 'recall': 0.015384615384615385, 'f1-score': 0.007547169811320755, 'support': 65.0}, 'combo': {'precision': 0.07, 'recall': 0.19444444444444445, 'f1-score': 0.10294117647058823, 'support': 72.0}, 'junk': {'precision': 0.945, 'recall': 0.4334862385321101, 'f1-score': 0.5943396226415094, 'support': 436.0}, 'scan': {'precision': 0.32, 'recall': 0.12075471698113208, 'f1-score': 0.17534246575342466, 'support': 530.0}, 'syn': {'precision': 0.07, 'recall': 0.04778156996587031, 'f1-score': 0.056795131845841784, 'support': 293.0}, 'tcp': {'precision': 0.0, 'recall': 0.0, 'f1-score': 0.0, 'support': 177.0}, 'udp': {'precision': 0.03, 'recall': 0.08450704225352113, 'f1-score': 0.04428044280442804, 'support': 71.0}, 'udpplain': {'precision': 0.205, 'recall': 0.9111111111111111, 'f1-score': 0.3346938775510204, 'support': 45.0}, 'micro avg': {'precision': 0.19944444444444445, 'recall': 0.20884235020360675, 'f1-score': 0.20403523728331913, 'support': 1719.0}, 'macro avg': {'precision': 0.19944444444444442, 'recall': 0.31194108207475607, 'f1-score': 0.17520105023283605, 'support': 1719.0}, 'weighted avg': {'precision': 0.3626236183827807, 'recall': 0.20884235020360675, 'f1-score': 0.23422810330476734, 'support': 1719.0}}","[[  0  38   0   0   1   0   0   0   0  42]
 [  0  30   0   0   0   0   0   0   0   0]
 [  0  62   1   0   0   2   0   0   0   0]
 [  0  47   1  14  10   0   0   0   0   0]
 [  0  20  19 186 189   6  14   0   1   1]
 [  0   2  45   0   0  64 111 200 101   7]
 [  0   0  85   0   0  94  14   0  52  48]
 [  0   1  49   0   0  34  17   0  40  36]
 [  0   0   0   0   0   0  40   0   6  25]
 [  0   0   0   0   0   0   4   0   0  41]]",0.008795261,0.006546259
18,N_BaIoT,0,sigmoid,QuantileTransformer,HHH,0.103807727,-1,-1,83,22.11881778,9.444444444,13.5,16.43365684,-1,"{'0Normal': {'precision': 0.0, 'recall': 0.0, 'f1-score': 0.0, 'support': 69.0}, 'ack': {'precision': 0.115, 'recall': 0.21495327102803738, 'f1-score': 0.1498371335504886, 'support': 107.0}, 'combo': {'precision': 0.065, 'recall': 0.10743801652892562, 'f1-score': 0.08099688473520249, 'support': 121.0}, 'junk': {'precision': 0.125, 'recall': 0.1865671641791045, 'f1-score': 0.1497005988023952, 'support': 134.0}, 'scan': {'precision': 0.095, 'recall': 0.16379310344827586, 'f1-score': 0.12025316455696203, 'support': 116.0}, 'syn': {'precision': 0.195, 'recall': 0.3170731707317073, 'f1-score': 0.24148606811145512, 'support': 123.0}, 'tcp': {'precision': 0.14, 'recall': 0.224, 'f1-score': 0.1723076923076923, 'support': 125.0}, 'udp': {'precision': 0.465, 'recall': 0.5502958579881657, 'f1-score': 0.5040650406504065, 'support': 169.0}, 'udpplain': {'precision': 0.15, 'recall': 0.44776119402985076, 'f1-score': 0.2247191011235955, 'support': 67.0}, 'micro avg': {'precision': 0.15, 'recall': 0.2618816682832202, 'f1-score': 0.1907453196750265, 'support': 1031.0}, 'macro avg': {'precision': 0.15, 'recall': 0.24576464199267412, 'f1-score': 0.18259618709313308, 'support': 1031.0}, 'weighted avg': {'precision': 0.17270611057225996, 'recall': 0.2618816682832202, 'f1-score': 0.20497270924574246, 'support': 1031.0}}","[[  0 197  81  95  55  84  27  58  41 131]
 [  0   0  19  13  10   6   4  15   1   1]
 [  0   1  23  14  21  12  14  16   4   2]
 [  0   0  30  13  30  11  18  16   2   1]
 [  0   0  11  19  25  26  27  20   6   0]
 [  0   1  12  14  21  19  28  10  11   0]
 [  0   1   8  13  14  16  39  19  10   3]
 [  0   0   9  11  15  15  18  28  18  11]
 [  0   0   7   2   3   8  17  18  93  21]
 [  0   0   0   6   6   3   8   0  14  30]]",4.928193569,0.117576599
23,N_BaIoT,2,sigmoid,QuantileTransformer,HHH,0.061504876,-1,-1,82.1,17.94330183,9.944444444,9.45,11.99288602,-1,"{'0Normal': {'precision': 0.0, 'recall': 0.0, 'f1-score': 0.0, 'support': 63.0}, 'ack': {'precision': 0.13, 'recall': 0.3466666666666667, 'f1-score': 0.1890909090909091, 'support': 75.0}, 'combo': {'precision': 0.045, 'recall': 0.12162162162162163, 'f1-score': 0.06569343065693431, 'support': 74.0}, 'junk': {'precision': 0.105, 'recall': 0.25925925925925924, 'f1-score': 0.1494661921708185, 'support': 81.0}, 'scan': {'precision': 0.055, 'recall': 0.13924050632911392, 'f1-score': 0.07885304659498207, 'support': 79.0}, 'syn': {'precision': 0.11, 'recall': 0.29333333333333333, 'f1-score': 0.16, 'support': 75.0}, 'tcp': {'precision': 0.16, 'recall': 0.1871345029239766, 'f1-score': 0.1725067385444744, 'support': 171.0}, 'udp': {'precision': 0.255, 'recall': 0.30177514792899407, 'f1-score': 0.2764227642276423, 'support': 169.0}, 'udpplain': {'precision': 0.085, 'recall': 0.1452991452991453, 'f1-score': 0.10725552050473186, 'support': 117.0}, 'micro avg': {'precision': 0.105, 'recall': 0.20907079646017698, 'f1-score': 0.13979289940828402, 'support': 904.0}, 'macro avg': {'precision': 0.10500000000000001, 'recall': 0.19937002037356788, 'f1-score': 0.1332542890878325, 'support': 904.0}, 'weighted avg': {'precision': 0.12674778761061944, 'recall': 0.20907079646017698, 'f1-score': 0.15281225624104147, 'support': 904.0}}","[[  0 199  93 115  67 122  53  66  48 133]
 [  0   0  15  11  17  11   5   0   3   1]
 [  0   0  26   9  19   5  11   0   4   1]
 [  0   0  20   9  19   8  17   0   0   1]
 [  0   1  15  11  21   9  19   0   4   1]
 [  0   0  11  10  12  11  23   0   9   3]
 [  0   0   4   7  14  10  22   0  10   8]
 [  0   0   8  14  15   7  17  32  60  18]
 [  0   0   3   9   8  11  15  55  51  17]
 [  0   0   5   5   8   6  18  47  11  17]]",6.487400293,0.938179493
13,N_BaIoT,-1,sigmoid,MinMaxScaler,HHH,0.041696313,-1,-1,80.97777778,9.816839469,10.56790123,4.4,4.085708378,-1,"{'0Normal': {'precision': 0.0, 'recall': 0.0, 'f1-score': 0.0, 'support': 12.0}, 'ack': {'precision': 0.005, 'recall': 0.05555555555555555, 'f1-score': 0.009174311926605505, 'support': 18.0}, 'combo': {'precision': 0.005, 'recall': 0.08333333333333333, 'f1-score': 0.009433962264150943, 'support': 12.0}, 'junk': {'precision': 0.015, 'recall': 0.23076923076923078, 'f1-score': 0.028169014084507043, 'support': 13.0}, 'scan': {'precision': 0.005, 'recall': 0.07142857142857142, 'f1-score': 0.009345794392523364, 'support': 14.0}, 'syn': {'precision': 0.01, 'recall': 0.14285714285714285, 'f1-score': 0.018691588785046728, 'support': 14.0}, 'tcp': {'precision': 0.0, 'recall': 0.0, 'f1-score': 0.0, 'support': 11.0}, 'udp': {'precision': 0.39, 'recall': 0.26440677966101694, 'f1-score': 0.3151515151515151, 'support': 295.0}, 'udpplain': {'precision': 0.01, 'recall': 0.13333333333333333, 'f1-score': 0.018604651162790697, 'support': 15.0}, 'micro avg': {'precision': 0.04888888888888889, 'recall': 0.21782178217821782, 'f1-score': 0.07985480943738657, 'support': 404.0}, 'macro avg': {'precision': 0.0488888888888889, 'recall': 0.10907599410424268, 'f1-score': 0.04539675975190438, 'support': 404.0}, 'weighted avg': {'precision': 0.2865222772277228, 'recall': 0.21782178217821782, 'f1-score': 0.2333807733826042, 'support': 404.0}}","[[  0 192 177 188 169 186 190   0 112 182]
 [  0   0   3   1   6   1   0   0   0   1]
 [  0   0   1   3   3   3   1   0   3   4]
 [  0   0   3   1   2   0   1   0   3   2]
 [  0   0   2   2   3   1   1   0   0   4]
 [  0   1   3   2   2   1   3   0   1   1]
 [  0   3   3   1   1   2   2   0   1   1]
 [  0   1   5   0   3   1   0   0   0   1]
 [  0   2   2   1   5   4   1 200  78   2]
 [  0   1   1   1   6   1   1   0   2   2]]",11.99878621,0.144040585
29,N_BaIoT,0,None,StandardScaler,HHH,0.023204184,-1,-1,81.95555556,16.57968382,10.02469136,8.8,9.532108569,-1,"{'0Normal': {'precision': 0.245, 'recall': 0.35251798561151076, 'f1-score': 0.2890855457227139, 'support': 139.0}, 'ack': {'precision': 0.17, 'recall': 0.13333333333333333, 'f1-score': 0.14945054945054945, 'support': 255.0}, 'combo': {'precision': 0.235, 'recall': 0.17028985507246377, 'f1-score': 0.19747899159663865, 'support': 276.0}, 'junk': {'precision': 0.025, 'recall': 0.027624309392265192, 'f1-score': 0.026246719160104987, 'support': 181.0}, 'scan': {'precision': 0.06, 'recall': 0.08, 'f1-score': 0.06857142857142857, 'support': 150.0}, 'syn': {'precision': 0.065, 'recall': 0.09420289855072464, 'f1-score': 0.07692307692307693, 'support': 138.0}, 'tcp': {'precision': 0.0, 'recall': 0.0, 'f1-score': 0.0, 'support': 61.0}, 'udp': {'precision': 0.0, 'recall': 0.0, 'f1-score': 0.0, 'support': 40.0}, 'udpplain': {'precision': 0.08, 'recall': 0.8, 'f1-score': 0.14545454545454545, 'support': 20.0}, 'micro avg': {'precision': 0.09777777777777778, 'recall': 0.13968253968253969, 'f1-score': 0.11503267973856209, 'support': 1260.0}, 'macro avg': {'precision': 0.09777777777777778, 'recall': 0.18421870910669974, 'f1-score': 0.10591231743100643, 'support': 1260.0}, 'weighted avg': {'precision': 0.13203174603174606, 'recall': 0.13968253968253969, 'f1-score': 0.1280617687493559, 'support': 1260.0}}","[[  0 110   1   4   1 131   8 200  78   7]
 [  0  49   3  63   0  20   3   0   1   0]
 [  0  19  34  81  85  12  10   0  13   1]
 [  0  16  25  47 107   0  53   0  21   7]
 [  0   4  37   5   5  11  74   0  26  19]
 [  0   0  44   0   2  12  35   0  29  28]
 [  0   0  45   0   0   4  13   0  26  50]
 [  0   1  11   0   0   1   2   0   6  40]
 [  0   0   0   0   0   6   2   0   0  32]
 [  0   1   0   0   0   3   0   0   0  16]]",0.0173769,0.006729364
38,N_BaIoT,0,sigmoid,MinMaxScaler,HHH,0.018744747,-1,-1,81.33333333,12.21693601,10.37037037,6,7.94537757,-1,"{'0Normal': {'precision': 0.075, 'recall': 0.1744186046511628, 'f1-score': 0.1048951048951049, 'support': 86.0}, 'ack': {'precision': 0.12, 'recall': 0.21818181818181817, 'f1-score': 0.15483870967741936, 'support': 110.0}, 'combo': {'precision': 0.155, 'recall': 0.22627737226277372, 'f1-score': 0.18397626112759644, 'support': 137.0}, 'junk': {'precision': 0.055, 'recall': 0.11224489795918367, 'f1-score': 0.0738255033557047, 'support': 98.0}, 'scan': {'precision': 0.01, 'recall': 0.018518518518518517, 'f1-score': 0.012987012987012988, 'support': 108.0}, 'syn': {'precision': 0.075, 'recall': 0.18518518518518517, 'f1-score': 0.10676156583629894, 'support': 81.0}, 'tcp': {'precision': 0.0, 'recall': 0.0, 'f1-score': 0.0, 'support': 70.0}, 'udp': {'precision': 0.04, 'recall': 0.13793103448275862, 'f1-score': 0.06201550387596899, 'support': 58.0}, 'udpplain': {'precision': 0.07, 'recall': 0.14893617021276595, 'f1-score': 0.09523809523809523, 'support': 94.0}, 'micro avg': {'precision': 0.06666666666666667, 'recall': 0.14251781472684086, 'f1-score': 0.09084027252081757, 'support': 842.0}, 'macro avg': {'precision': 0.06666666666666668, 'recall': 0.1357437334949074, 'f1-score': 0.08828197299924462, 'support': 842.0}, 'weighted avg': {'precision': 0.07402612826603325, 'recall': 0.14251781472684086, 'f1-score': 0.09630932137928705, 'support': 842.0}}","[[  0  80  69  55  79 134 108 200 122 111]
 [  0  15  14   8  17   2  10   0  11   9]
 [  0  21  24  22  19   3   7   0   3  11]
 [  0  41  22  31  16   2   6   0   7  12]
 [  0  17  13  20  11   5   9   0  12  11]
 [  0  13  17  22  17   2  22   0   9   6]
 [  0   6  12  12  15   3  15   0  12   6]
 [  0   4  17  13   9   5   6   0   7   9]
 [  0   2   8  10   4   9   6   0   8  11]
 [  0   1   4   7  13  35  11   0   9  14]]",0.275856733,0.037669897
27,N_BaIoT,0,linear,StandardScaler,HHH,-0.032618531,-1,-1,80.96666667,10.13318469,10.57407407,4.35,4.750553734,-1,"{'0Normal': {'precision': 0.25, 'recall': 0.27624309392265195, 'f1-score': 0.26246719160104987, 'support': 181.0}, 'ack': {'precision': 0.065, 'recall': 0.04234527687296417, 'f1-score': 0.05128205128205128, 'support': 307.0}, 'combo': {'precision': 0.025, 'recall': 0.029069767441860465, 'f1-score': 0.026881720430107527, 'support': 172.0}, 'junk': {'precision': 0.0, 'recall': 0.0, 'f1-score': 0.0, 'support': 200.0}, 'scan': {'precision': 0.04, 'recall': 0.0449438202247191, 'f1-score': 0.042328042328042326, 'support': 178.0}, 'syn': {'precision': 0.02, 'recall': 0.037383177570093455, 'f1-score': 0.026058631921824105, 'support': 107.0}, 'tcp': {'precision': 0.0, 'recall': 0.0, 'f1-score': 0.0, 'support': 48.0}, 'udp': {'precision': 0.0, 'recall': 0.0, 'f1-score': 0.0, 'support': 31.0}, 'udpplain': {'precision': 0.035, 'recall': 0.5833333333333334, 'f1-score': 0.0660377358490566, 'support': 12.0}, 'micro avg': {'precision': 0.04833333333333333, 'recall': 0.0703883495145631, 'f1-score': 0.05731225296442688, 'support': 1236.0}, 'macro avg': {'precision': 0.04833333333333334, 'recall': 0.11259094104062473, 'f1-score': 0.05278393037912574, 'support': 1236.0}, 'weighted avg': {'precision': 0.06406553398058253, 'recall': 0.0703883495145631, 'f1-score': 0.06390689750612755, 'support': 1236.0}}","[[  0 119   2   4   1 152   3 200  78   5]
 [  0  50   2 101   5  12   9   0   1   1]
 [  0  23  13  90 165   1   7   0   7   1]
 [  0   6  49   5  27   0  54   0  26   5]
 [  0   1  42   0   0  11  91   0  32  23]
 [  0   0  60   0   2   8  31   0  44  33]
 [  0   0  26   0   0   6   4   0  12  59]
 [  0   0   5   0   0   2   1   0   0  40]
 [  0   1   1   0   0   3   0   0   0  26]
 [  0   0   0   0   0   5   0   0   0   7]]",0.006463528,0.011254072
