Rank,Comparison Model,Datasets,MCC_Mean,F1_Mean,ACC_Mean,FPR_Mean,Train_s_Mean,Test_s_Mean
1,LGBM,8,0.9146801556522705,92.76870286234116,98.1907501381572,1.044380121435042,1.7385038137435913,0.0053162574768066
2,SAINT,8,0.9057895966020792,91.33470005139083,97.93460439831765,1.2006393699667919,921.2373503148556,0.4698181450366974
3,HHHv2,8,0.9055246382826831,91.86790929789153,97.92547932697094,1.206945672107816,29.548176676034927,6.254044055938721
4,SpectralNFST-Tuned,8,0.8908297784661471,90.16619185297651,97.75397820868122,1.2952034546847595,194.82654199999752,8.025257737502216
5,MLP,8,0.8783613675880376,88.95741170820773,97.36685055390424,1.5365894265837219,5.274347543716431,0.0012510120868682376
6,TabNet,8,0.8582159867053137,86.53612928403531,96.95754052092191,1.7661615201810343,45.55634793639183,0.10162773728370662
7,NuSVC,8,0.8209507507984225,83.69153268118698,96.04485540051223,2.3163883376324437,0.9373641610145569,0.5294849574565887
8,KNFST,8,0.8123160671123824,82.74553448240454,95.99906361452659,2.3336009696866955,634.63421651721,6.545797049999237
9,SGD,8,0.800280043441698,79.48455166932398,95.66827148641231,2.517148050751198,0.6238055527210236,0.001211404800415
10,LDA,8,0.7800893591729302,78.97807301415769,95.3603664971962,2.6966898931818784,0.03735846281051631,0.000375062227249125
11,RNC,8,0.7115738064264675,73.0268967490128,93.65965272633859,3.681525548124951,0.0004412531852722,0.12256312370300289
12,GauNB,8,0.6360134296147906,61.5846683524982,91.50626740868488,4.958950866761355,0.00562590360641475,0.0052945017814635875
13,NC,8,0.47467925002400757,47.481663926958355,87.72615383068096,7.157748815825054,0.0011888742446898874,0.0009594559669494249
