Seed,Input Model,Data Type,Poly,Kernel,SCALER,Model,MCC,NDR,AUC_N,ACC,TPR Macro,FPR,PPV Macro,F1 Macro,AUC,CLS Report,CFS Matrix,Training time,Test time,Comparison Model,Q,Gamma,Source
42.0,FTTransformer,5G_NIDD_1000,-1,l05_exponential_kernel,QuantileTransformer,FTTransformer,0.9738416401049608,-1,-1,99.48148148148148,97.66666666666666,0.2916666666666667,97.73398972220296,97.66466578859192,-1.0,,"[[187   0   0   0   0   0   0  13   0]
 [  0 185   0   0   0  15   0   0   0]
 [  0   0 200   0   0   0   0   0   0]
 [  0   2   0 198   0   0   0   0   0]
 [  0   0   0   0 200   0   0   0   0]
 [  0   2   0   0   0 197   1   0   0]
 [  0   0   1   0   1   0 198   0   0]
 [  0   0   0   0   0   0   0 200   0]
 [  6   0   0   0   1   0   0   0 193]]",3014.03829741478,14.029420375823976,FTTransformer,,,
42.0,FTTransformer,BoT_IoT_1000,-1,l05_exponential_kernel,QuantileTransformer,FTTransformer,0.9957927846648252,-1,-1,99.88471673254284,99.58333333333331,0.0691699604743083,99.5433234750237,99.56304443687488,-1.0,,"[[197   0   1   1   1   0]
 [  1 399   0   0   0   0]
 [  0   0 400   0   0   0]
 [  0   0   0 400   0   0]
 [  3   0   0   0 397   0]
 [  0   0   0   0   0 224]]",3293.957759141922,21.739211320877075,FTTransformer,,,
42.0,FTTransformer,CIC_IoT2023_1000,-1,l05_exponential_kernel,QuantileTransformer,FTTransformer,0.9352284908718506,-1,-1,98.48333333333332,92.41666666666669,0.91,92.63173605949216,92.39443719745202,-1.0,,"[[ 154    0    0    0   37    9]
 [   0 1000    0    0    0    0]
 [   0    0  199    1    0    0]
 [   0    0    0  199    1    0]
 [  15    0    1    0  169   15]
 [   1    0    0    0   11  188]]",16878.912838459015,16.158836603164673,FTTransformer,,,
42.0,FTTransformer,Edge_IIoTset_1000,-1,l05_exponential_kernel,QuantileTransformer,FTTransformer,0.8049880164309619,-1,-1,97.55555555555556,81.66666666666667,1.3095238095238095,83.34891519361511,81.36125184953201,-1.0,,"[[182   0   0   0   0   0   1   0   1   0   0   0  12   0   4]
 [  0 181   0   0   0   0   5   6   0   0   2   0   6   0   0]
 [  5   0 151   0   0   0   0   0   3   0   0  29   4   2   6]
 [  0   0   0 200   0   0   0   0   0   0   0   0   0   0   0]
 [  0   0   0   0 200   0   0   0   0   0   0   0   0   0   0]
 [  0   0   0   0   0 200   0   0   0   0   0   0   0   0   0]
 [  0   6   0  31   0   0 129  16   0  11   0   0   7   0   0]
 [  0   0   0   0   0   0   0 197   0   0   0   0   3   0   0]
 [  6   0  23   0   0   0   0   0 135   0   0  22  11   0   3]
 [  0   0   0   0   0   0  14   5   0 181   0   0   0   0   0]
 [  0  63   0   0   0   0  10  18   0   0  84   0  25   0   0]
 [  0   0  24   0   0   0   0   0   8   0   0 144  12   0  12]
 [  0   1  13   0   0   0   0   0   0   0   6  26 150   0   4]
 [  0   0   4   0   0   0   0   0   2   0   0   5   5 183   1]
 [  0   0  17   0   0   0   0  12   3   0   0  16  19   0 133]]",4309.909069061279,22.20662569999695,FTTransformer,,,
42.0,FTTransformer,IoTID20_2000,-1,l05_exponential_kernel,QuantileTransformer,FTTransformer,0.8601447908191764,-1,-1,95.4,88.5,2.875,90.14586616312602,88.65660287132627,-1.0,,"[[379   1   8   8   4]
 [  3 397   0   0   0]
 [  1   0 377   3  19]
 [  5   1  82 296  16]
 [  0   0  73   6 321]]",15775.308606386185,28.03763437271118,FTTransformer,,,
42.0,FTTransformer,N_BaIoT_1000,-1,l05_exponential_kernel,QuantileTransformer,FTTransformer,0.9203427529601976,-1,-1,98.37037037037038,92.66666666666666,0.9166666666666666,94.07180365891304,92.05076779538916,-1.0,,"[[199   0   0   0   1   0   0   0   0]
 [  0 179   0   0   0   0   0   0  21]
 [  0   0 200   0   0   0   0   0   0]
 [  0   0   0 200   0   0   0   0   0]
 [  3   0   0   0 195   2   0   0   0]
 [  0   0   0   0   1 199   0   0   0]
 [  0   0   0   0   0   0 200   0   0]
 [  0  18   0   0   0   0  78  96   8]
 [  0   0   0   0   0   0   0   0 200]]",9599.993880987167,38.47140693664551,FTTransformer,,,
42.0,FTTransformer,ToN_IoT_1000,-1,l05_exponential_kernel,QuantileTransformer,FTTransformer,0.9665558334949728,-1,-1,99.28385416666666,96.625,0.4092261904761905,96.52395673463884,96.5515814763117,-1.0,,"[[191   1   2   1   1   0   4   0]
 [  3 117   0   0   0   0   0   0]
 [  2   3 190   0   0   0   4   1]
 [  6   0   0 194   0   0   0   0]
 [  3   0   0   0 195   2   0   0]
 [  0   0   0   0   0 400   0   0]
 [  1   0   0  15   0   0 184   0]
 [  3   1   1   0   0   0   1 394]]",2687.851885080337,13.83329439163208,FTTransformer,,,
42.0,FTTransformer,UNSW_NB15_1000,-1,l05_exponential_kernel,QuantileTransformer,FTTransformer,0.5466558901866327,-1,-1,90.1219512195122,62.5,5.644599303135889,62.67075482281044,61.14487001033852,-1.0,,"[[197   1   0   0   0   0   2   0]
 [  0  73  48  12  67   0   0   0]
 [  1  30  96   2  55   5   6   5]
 [  1   6  27  87  51   9   6  13]
 [  0   2  77  25  77   4  11   4]
 [  0   1  14   0  15 162   5   3]
 [  0   0   0   0   0  52 148   0]
 [  0   0   0   1   1   1   4  28]]",2321.785436630249,11.544184923171995,FTTransformer,,,
42.0,GauNB,5G_NIDD_1000,-1,l05_exponential_kernel,QuantileTransformer,GauNB,0.8571289267310971,-1,-1,97.11111111111111,87.0,1.625,88.54031291919492,86.33867452371798,-1.0,,"[[ 85   0   0   0   0   0   0 101  14]
 [  2 132   0   0   0  66   0   0   0]
 [  0   0 200   0   0   0   0   0   0]
 [  0   2   0 198   0   0   0   0   0]
 [  0   0   0   0 200   0   0   0   0]
 [  1  13   0   0   0 186   0   0   0]
 [  2   0   0   0   0   0 198   0   0]
 [  0   0   0   0   0   0   0 175  25]
 [  8   0   0   0   0   0   0   0 192]]",0.0040018558502197,0.0029993057250976,GauNB,,,
42.0,GauNB,BoT_IoT_1000,-1,l05_exponential_kernel,QuantileTransformer,GauNB,0.9074447309414984,-1,-1,97.44729907773386,90.3809523809524,1.5316205533596838,90.93901092579812,90.540892509723,-1.0,,"[[132   3   1  64   0   0]
 [ 18 382   0   0   0   0]
 [  2   7 390   0   1   0]
 [  9   0   0 391   0   0]
 [ 36   4   0   0 360   0]
 [ 10   0   0   0   0 214]]",0.0040009021759033,0.0020003318786621,GauNB,,,
42.0,GauNB,CIC_IoT2023_1000,-1,l05_exponential_kernel,QuantileTransformer,GauNB,0.7560008422554054,-1,-1,94.0,75.26666666666667,3.6,74.95307643123361,72.07641539187257,-1.0,,"[[ 30   0   0   0 101  69]
 [  0 921   0   0   2  77]
 [  0   0 196   3   1   0]
 [ 10   1   0 184   3   2]
 [  8   0   0   0 156  36]
 [  7   0   0   0  40 153]]",0.0060031414031982,0.0019960403442382,GauNB,,,
42.0,GauNB,Edge_IIoTset_1000,-1,l05_exponential_kernel,QuantileTransformer,GauNB,0.4380761443084424,-1,-1,92.67555555555556,45.06666666666666,3.923809523809524,42.604598949464254,38.59871255740938,-1.0,,"[[ 47 106  12   0   0   0   0   0   0  20   0  15   0   0   0]
 [  0 178   6   0   7   0   0   6   0   3   0   0   0   0   0]
 [  0 130  52   0   0   0   0   0   0   4   0   5   0   9   0]
 [  0   0   0 200   0   0   0   0   0   0   0   0   0   0   0]
 [  0   2   0   0 198   0   0   0   0   0   0   0   0   0   0]
 [  0   0   0   0   0 200   0   0   0   0   0   0   0   0   0]
 [  0   3   0  31  26   0  76  16   0  48   0   0   0   0   0]
 [  0   0   0   0   0   0   0 200   0   0   0   0   0   0   0]
 [  0 107  19   0   0   0   0   0   0   1   0  33   0  40   0]
 [  0   0   0   0 181   0   0   5   0  14   0   0   0   0   0]
 [  0 150  11   0  11   0   0  18   0  10   0   0   0   0   0]
 [  0 124  16   0   0   0   0   0   0   4   0  17   0  39   0]
 [  0 115  34   0  14   0   0   0   0   6   0  17   0  14   0]
 [  0  25   4   0   0   0   0   0   0   1   0   0   0 170   0]
 [  0 100  17   0   0   0   0  12   0   4   0  32   0  35   0]]",0.0070013999938964,0.0069990158081054,GauNB,,,
42.0,GauNB,IoTID20_2000,-1,l05_exponential_kernel,QuantileTransformer,GauNB,0.5369407646022681,-1,-1,82.5,56.25,10.9375,75.08314679631859,53.3760345586795,-1.0,,"[[105   0   1   2 292]
 [  1 392   0   6   1]
 [  0   0  21   2 377]
 [  1   0  10 221 168]
 [  0   0   8   6 386]]",0.006000280380249,0.0083627700805664,GauNB,,,
42.0,GauNB,N_BaIoT_1000,-1,l05_exponential_kernel,QuantileTransformer,GauNB,0.7206599821809333,-1,-1,94.24691358024693,74.1111111111111,3.236111111111111,75.21540975603277,71.25873459727292,-1.0,,"[[191   0   0   0   7   0   0   2   0]
 [  0 188   0   0   0   0   0  12   0]
 [  0   0 196   4   0   0   0   0   0]
 [  1   0 112  87   0   0   0   0   0]
 [  2   1   0   0 158   0   0  37   2]
 [  0   0   0   0   3 196   0   1   0]
 [  0   0   0   0   0   0 200   0   0]
 [  0 118   0   0   0   0  78   4   0]
 [  0  84   0   0   0   0   0   2 114]]",0.0079998970031738,0.0160000324249267,GauNB,,,
42.0,GauNB,ToN_IoT_1000,-1,l05_exponential_kernel,QuantileTransformer,GauNB,0.4951204637153407,-1,-1,88.37239583333333,54.58333333333334,6.644345238095238,59.29561174120918,46.48015607116268,-1.0,,"[[ 82   6   1   0  44  47   2  18]
 [  0  92   0   0   0  28   0   0]
 [  0  15  35   0   0 150   0   0]
 [  0   0   0   0   3 176  21   0]
 [  2   0   0   0 192   3   0   3]
 [  3   0   0   0   0 397   0   0]
 [  0   0   0   0   1   1 196   2]
 [  1 295   0   0  59  12   0  33]]",0.0050008296966552,0.0019991397857666,GauNB,,,
42.0,GauNB,UNSW_NB15_1000,-1,l05_exponential_kernel,QuantileTransformer,GauNB,0.3767355821833387,-1,-1,85.69686411149826,46.625,8.173220507715282,40.849526191948456,34.00772661014753,-1.0,,"[[181   0   0   0  16   0   2   1]
 [  0   0  41  23 115   0   0  21]
 [  0   0  28   7 123   0  27  15]
 [  0   0   0  32  75   0   9  84]
 [  4   0   0   6 142   2  14  32]
 [  0   0   0   1  30   3 142  24]
 [  0   0   0   0   0   0 200   0]
 [  0   0   0   0   0   1   6  28]]",0.0049989223480224,0.0019993782043457,GauNB,,,
42.0,HHH,5G_NIDD_1000,-1,l05_exponential_kernel,QuantileTransformer,HHH,0.960228581094611,-1,-1,99.28888888888888,86.8,0.3950617283950617,87.0624657078468,86.85233041925598,-1.0,,"[[  0   0   0   0   0   0   0   0   0   0]
 [  2 183   9   5   1   0   0   0   0   0]
 [  0   0 187  12   1   0   0   0   0   0]
 [  0   0   0 200   0   0   0   0   0   0]
 [  0   0   2   0 198   0   0   0   0   0]
 [  0   0   0   0   0 200   0   0   0   0]
 [  0   0   1   3   5   8 183   0   0   0]
 [  0   0   1   1   0   0   0 198   0   0]
 [  0   0   0   0   0   0   1   3 195   1]
 [  0   0   0   2   6   0   0   0   0 192]]",39.72917866706848,9.153986692428589,HHH,,,
42.0,HHH,BoT_IoT_1000,-1,l05_exponential_kernel,QuantileTransformer,HHH,0.9754039656849266,-1,-1,99.42123094297008,83.45663265306122,0.3376152832674572,84.22834466199299,83.8146108610664,-1.0,,"[[  0   0   0   0   0   0   0]
 [  1 188   8   3   0   0   0]
 [  0   2 398   0   0   0   0]
 [  0   0   0 400   0   0   0]
 [  0   0   0   1 399   0   0]
 [  0   0   2   3   8 387   0]
 [  0   0   2   2   2   7 211]]",52.0740749835968,9.14605712890625,HHH,,,
42.0,HHH,CIC_IoT2023_1000,-1,l05_exponential_kernel,QuantileTransformer,HHH,0.7927362448552346,-1,-1,95.84285714285714,65.10000000000001,2.4250000000000003,71.44541010710363,65.64973716887212,-1.0,,"[[  0   0   0   0   0   0   0]
 [  2  90  69  27   8   4   0]
 [  0   0 997   3   0   0   0]
 [  0   0   0 199   1   0   0]
 [  0   0   0   8 189   3   0]
 [  0   2   6  17  40 128   7]
 [  8   0   0   1  24  61 106]]",38.99110913276672,8.75398588180542,HHH,,,
42.0,HHH,Edge_IIoTset_1000,-1,l05_exponential_kernel,QuantileTransformer,HHH,0.5726511888921383,-1,-1,94.975,56.06250000000001,2.68,57.71170523841904,55.04306817511596,-1.0,,"[[  0   0   0   0   0   0   0   0   0   0   0   0   0   0   0   0]
 [ 33 123  32   4   1   3   0   2   0   1   0   1   0   0   0   0]
 [  0  15 145  17   6   2   2   0   8   3   0   1   0   1   0   0]
 [  4   4  13  48  32  30   9  18   8  10   4   4   5   6   4   1]
 [  0   0   0   0 199   0   1   0   0   0   0   0   0   0   0   0]
 [  0   2   7   8  45 101  28   8   1   0   0   0   0   0   0   0]
 [  0   0   0   0   0   0 200   0   0   0   0   0   0   0   0   0]
 [  0   0   2   1   1   3  11 127  27  22   2   3   1   0   0   0]
 [  0   0   0   0   0   0   3   0 197   0   0   0   0   0   0   0]
 [  0   1   1   0   2   6   5  12  29  77  35  14  11   6   1   0]
 [  0   0   0   0   0   0   0   6  14  62  83  28   3   4   0   0]
 [  0   0   1   0   0   1   2   1  18  15  19 129  14   0   0   0]
 [  4   0   0   1   0   5   4   6   8  13  17  37  66  28  11   0]
 [ 10   0   1   1   1   0   2   1   2   0   6  21  44  71  34   6]
 [  2   0   0   0   0   0   2   1   0   1   1   4   6  18 149  16]
 [ 25   0   0   1   2   0   2   2  19   3   3  10  12   7  35  79]]",102.12712240219116,18.939115524291992,HHH,,,
42.0,HHH,IoTID20_2000,-1,l05_exponential_kernel,QuantileTransformer,HHH,0.8219339610770425,-1,-1,95.2,71.33333333333334,2.88,72.18073022288102,71.42166449793515,-1.0,,"[[  0   0   0   0   0   0]
 [  0 369  25   6   0   0]
 [  0  15 385   0   0   0]
 [  0   3   9 303  77   8]
 [  0   1   4  48 346   1]
 [  1   1   7  23  59 309]]",70.90161275863647,15.403280258178713,HHH,,,
42.0,HHH,N_BaIoT_1000,-1,l05_exponential_kernel,QuantileTransformer,HHH,0.834844888839839,-1,-1,97.02222222222224,76.6,1.654320987654321,77.75563829235765,76.09315855062346,-1.0,,"[[  0   0   0   0   0   0   0   0   0   0]
 [  0 198   2   0   0   0   0   0   0   0]
 [  0   0 180  19   1   0   0   0   0   0]
 [  0   0  12 188   0   0   0   0   0   0]
 [  0   1   0  14 185   0   0   0   0   0]
 [  0   2   0   2  23 173   0   0   0   0]
 [  0   0   0   1   4  25 170   0   0   0]
 [  0   0   0   0   0   0   0 200   0   0]
 [  0   0   0   0   0   6  14  42 138   0]
 [  1   0   0   3   2   3  12  28  51 100]]",73.31393122673035,18.3067147731781,HHH,,,
42.0,HHH,ToN_IoT_1000,-1,l05_exponential_kernel,QuantileTransformer,HHH,0.938272369587692,-1,-1,98.81944444444444,83.87037037037037,0.6640625,83.1612626677264,83.40085276896092,-1.0,,"[[  0   0   0   0   0   0   0   0   0]
 [  1 177  18   2   2   0   0   0   0]
 [  0   0 112   4   4   0   0   0   0]
 [  0   2   3 190   5   0   0   0   0]
 [  0   2   4   0 194   0   0   0   0]
 [  0   0   2   1   9 187   1   0   0]
 [  0   0   0   2   0   2 394   2   0]
 [  0   0   0   2   0   1   5 192   0]
 [  1   0   0   0   1   3   8  15 372]]",32.73459458351135,7.89695405960083,HHH,,,
42.0,HHH,UNSW_NB15_1000,-1,l05_exponential_kernel,QuantileTransformer,HHH,0.4485244554033319,-1,-1,88.08362369337979,48.410714285714285,6.809357889497263,53.65699007707288,48.72956457279664,-1.0,,"[[194   4   0   1   0   1   0   0]
 [  0  41  84  42  31   2   0   0]
 [  1  50  58  50  24  14   2   1]
 [  1  18  25 108  31  14   2   1]
 [  0  18  63  64  44  10   1   0]
 [  0   4  15   6  27 147   1   0]
 [  0   0   0   0   1  44 154   1]
 [  0   0   0   0   2   6  22   5]]",20.30702018737793,4.498788356781006,HHH,,,
42.0,HHHv2,5G_NIDD_1000,-1,l05_exponential_kernel,QuantileTransformer,HHHv2,0.988151762805994,-1,-1,99.76543209876544,98.94444444444444,0.1319444444444444,98.96677099686656,98.94494551775792,-1.0,,"[[199   0   0   0   0   0   0   1   0]
 [  0 199   0   0   0   1   0   0   0]
 [  0   0 200   0   0   0   0   0   0]
 [  0   2   0 198   0   0   0   0   0]
 [  0   0   0   0 200   0   0   0   0]
 [  0   5   0   0   0 194   1   0   0]
 [  1   0   1   0   0   0 198   0   0]
 [  0   0   0   0   0   0   0 200   0]
 [  6   0   0   0   0   0   0   1 193]]",24.00779700279236,5.58548903465271,HHHv2,,,
42.0,HHHv2,BoT_IoT_1000,-1,l05_exponential_kernel,QuantileTransformer,HHHv2,0.9939952845403358,-1,-1,99.83530961791833,99.40178571428572,0.0988142292490118,99.30578726128095,99.35023726109456,-1.0,,"[[198   0   0   1   1   0]
 [  1 399   0   0   0   0]
 [  0   0 400   0   0   0]
 [  0   0   0 400   0   0]
 [  3   0   1   0 396   0]
 [  3   0   0   0   0 221]]",12.93699312210083,2.279224395751953,HHHv2,,,
42.0,HHHv2,CIC_IoT2023_1000,-1,l05_exponential_kernel,QuantileTransformer,HHHv2,0.9658372011636924,-1,-1,99.2,96.06666666666666,0.48,96.06914874697908,96.00287429509402,-1.0,,"[[188   0   0   0   6   6]
 [  0 999   0   1   0   0]
 [  0   0 199   1   0   0]
 [  0   0   0 200   0   0]
 [ 15   0   0   0 171  14]
 [  2   0   0   0   3 195]]",24.76987099647522,5.116140604019165,HHHv2,,,
42.0,HHHv2,Edge_IIoTset_1000,-1,l05_exponential_kernel,QuantileTransformer,HHHv2,0.8920737731837876,-1,-1,98.65333333333334,89.90000000000002,0.7214285714285714,90.32402364384605,89.93273435999598,-1.0,,"[[197   0   0   0   0   0   0   0   1   1   0   0   1   0   0]
 [  0 187   0   0   0   0   4   6   0   0   3   0   0   0   0]
 [  2   0 162   0   0   0   0   0   7   0   0  11   2   1  15]
 [  0   0   0 199   0   0   1   0   0   0   0   0   0   0   0]
 [  0   0   0   0 200   0   0   0   0   0   0   0   0   0   0]
 [  0   0   0   0   0 200   0   0   0   0   0   0   0   0   0]
 [  0   3   0   0   0   0 162  16   0  15   0   0   4   0   0]
 [  0   0   0   0   0   0   0 200   0   0   0   0   0   0   0]
 [  2   0  14   0   0   0   0   0 160   0   0  14   3   0   7]
 [  0   0   0   0   0   0   4   5   0 191   0   0   0   0   0]
 [  0   5   0   0   0   0   6  18   0   4 166   0   1   0   0]
 [  0   0  18   0   0   0   0   0   9   0   0 160   1   0  12]
 [  0   0   7   0   0   0   0   0   6   0   2   4 166   1  14]
 [  0   0   4   0   0   0   0   0   1   0   0   1   1 192   1]
 [  0   0  11   0   0   0   0  12  13   0   0   6   3   0 155]]",55.11598753929138,10.954351663589478,HHHv2,,,
42.0,HHHv2,IoTID20_2000,-1,l05_exponential_kernel,QuantileTransformer,HHHv2,0.8863450101980064,-1,-1,96.36,90.9,2.275,90.94981715874428,90.90609647673682,-1.0,,"[[396   0   3   1   0]
 [  5 394   0   1   0]
 [  4   0 338  26  32]
 [  2   0  39 345  14]
 [  5   0  36  14 345]]",42.15653681755066,8.73505973815918,HHHv2,,,
42.0,HHHv2,N_BaIoT_1000,-1,l05_exponential_kernel,QuantileTransformer,HHHv2,0.9981274260071088,-1,-1,99.96296296296296,99.83333333333331,0.0208333333333333,99.83579638752052,99.83360488859118,-1.0,,"[[200   0   0   0   0   0   0   0   0]
 [  0 200   0   0   0   0   0   0   0]
 [  0   0 200   0   0   0   0   0   0]
 [  1   0   0 199   0   0   0   0   0]
 [  2   0   0   0 198   0   0   0   0]
 [  0   0   0   0   0 200   0   0   0]
 [  0   0   0   0   0   0 200   0   0]
 [  0   0   0   0   0   0   0 200   0]
 [  0   0   0   0   0   0   0   0 200]]",46.0576868057251,10.469754695892334,HHHv2,,,
42.0,HHHv2,ToN_IoT_1000,-1,l05_exponential_kernel,QuantileTransformer,HHHv2,0.9817748309897848,-1,-1,99.609375,97.95833333333331,0.2232142857142857,98.4540135530728,98.17498855182566,-1.0,,"[[197   0   2   0   1   0   0   0]
 [  3 113   0   0   0   4   0   0]
 [  3   0 194   0   0   3   0   0]
 [  6   0   0 194   0   0   0   0]
 [  2   0   0   0 198   0   0   0]
 [  2   0   0   0   0 398   0   0]
 [  2   0   0   0   0   0 198   0]
 [  0   0   1   0   0   1   0 398]]",20.8358952999115,4.248062610626221,HHHv2,,,
42.0,HHHv2,UNSW_NB15_1000,-1,l05_exponential_kernel,QuantileTransformer,HHHv2,0.5378918173727549,-1,-1,90.01742160278746,62.71428571428572,5.704330512692882,61.06509687106987,61.79779303203608,-1.0,,"[[197   1   0   1   0   0   1   0]
 [  1  55  80  19  42   3   0   0]
 [  1  67  56  16  43   8   7   2]
 [  2  30  19  98  30  10   4   7]
 [  2  40  40  40  60   9   9   0]
 [  1   8   8   5  12 166   0   0]
 [  0   0   0   0   0   0 200   0]
 [  0   0   0   1   0   1   3  30]]",10.504645824432371,2.6442697048187256,HHHv2,,,
42.0,KNFST,5G_NIDD_1000,-1,l05_exponential_kernel,QuantileTransformer,KNFST,0.9894162265350096,-1,-1,99.79012345679013,99.05555555555556,0.1180555555555555,99.09446589219613,99.05895758496838,-1.0,,"[[200   0   0   0   0   0   0   0   0]
 [  0 200   0   0   0   0   0   0   0]
 [  0   0 200   0   0   0   0   0   0]
 [  2   0   0 198   0   0   0   0   0]
 [  0   0   0   0 200   0   0   0   0]
 [  1   5   0   0   0 194   0   0   0]
 [  1   0   1   0   0   0 198   0   0]
 [  0   0   0   0   0   0   0 200   0]
 [  7   0   0   0   0   0   0   0 193]]",1793.6146574020386,6.549535512924194,KNFST,,,
42.0,KNFST,BoT_IoT_1000,-1,l05_exponential_kernel,QuantileTransformer,KNFST,0.9952026211387462,-1,-1,99.86824769433466,99.5684523809524,0.0790513833992094,99.39483015488652,99.47557133721465,-1.0,,"[[200   0   0   0   0   0]
 [  1 399   0   0   0   0]
 [  0   0 400   0   0   0]
 [  0   0   0 400   0   0]
 [  3   0   1   0 396   0]
 [  3   0   0   0   0 221]]",274.3195698261261,2.224846124649048,KNFST,,,
42.0,KNFST,CIC_IoT2023_1000,-1,l05_exponential_kernel,QuantileTransformer,KNFST,0.9671970907859692,-1,-1,99.23333333333332,96.16666666666666,0.4599999999999999,96.18308228443038,96.14397350944904,-1.0,,"[[ 187    0    0    0    8    5]
 [   0 1000    0    0    0    0]
 [   0    0  199    1    0    0]
 [   0    0    0  200    0    0]
 [  15    0    0    0  174   11]
 [   2    0    0    0    4  194]]",283.51307940483093,4.434816122055054,KNFST,,,
42.0,KNFST,Edge_IIoTset_1000,-1,l05_exponential_kernel,QuantileTransformer,KNFST,0.5134632242816652,-1,-1,93.80444444444444,53.53333333333333,3.3190476190476192,51.18996660348174,50.827344091630025,-1.0,,"[[ 83  12   0   0   0   0  11  17  69   4   0   0   1   0   3]
 [ 73   2   0   0   0   0  12  19  87   3   0   0   0   0   4]
 [  6   0 162   0   0   0   0  12   7   0   0  11   1   0   1]
 [  0   0   0 199   0   0   0   0   0   1   0   0   0   0   0]
 [  0   0   0   0 200   0   0   0   0   0   0   0   0   0   0]
 [  0   0   0   0   0 200   0   0   0   0   0   0   0   0   0]
 [ 16   1   0   0   0   0  22  27  67  59   0   0   3   0   5]
 [ 22   9   0   0   0   0   2 134  30   0   3   0   0   0   0]
 [ 55   5  16   0   0   0   6  17  86   4   0   9   1   0   1]
 [ 65   2   0   0   0   0  24  12  92   0   0   0   0   0   5]
 [ 57   5   0   0   0   0  20  34  73   4   0   0   1   0   6]
 [  1   0  18   0   0   0   0   9  11   0   0 159   2   0   0]
 [  2   2   7   0   0   0   0  12   9   0   0   3 164   0   1]
 [  0   0   3   0   0   0   0   1   3   0   0   1   1 191   0]
 [ 63   1  11   0   0   0   1  34  79   2   0   3   2   0   4]]",1285.2171969413755,9.468088388442991,KNFST,,,
42.0,KNFST,IoTID20_2000,-1,l05_exponential_kernel,QuantileTransformer,KNFST,0.6655028052330063,-1,-1,89.22,73.05,6.737500000000001,73.93110569429176,73.19582865382746,-1.0,,"[[394   0   2   0   4]
 [  1 385   0   1  13]
 [  4   0 131  26 239]
 [  1   0  10 338  51]
 [  4   0 169  14 213]]",490.1757278442383,13.085606336593628,KNFST,,,
42.0,KNFST,N_BaIoT_1000,-1,l05_exponential_kernel,QuantileTransformer,KNFST,0.9931512085027024,-1,-1,99.8641975308642,99.3888888888889,0.0763888888888889,99.42074776197998,99.39489630679908,-1.0,,"[[200   0   0   0   0   0   0   0   0]
 [  0 200   0   0   0   0   0   0   0]
 [  4   0 196   0   0   0   0   0   0]
 [  1   0   0 199   0   0   0   0   0]
 [  2   0   0   0 198   0   0   0   0]
 [  1   0   0   0   0 199   0   0   0]
 [  0   0   0   0   0   0 200   0   0]
 [  0   0   0   0   0   0   0 200   0]
 [  3   0   0   0   0   0   0   0 197]]",329.0826606750488,8.843142032623291,KNFST,,,
42.0,KNFST,ToN_IoT_1000,-1,l05_exponential_kernel,QuantileTransformer,KNFST,0.981825800582415,-1,-1,99.609375,97.92708333333331,0.2232142857142857,98.28846029589698,98.05770571918124,-1.0,,"[[197   0   2   0   1   0   0   0]
 [  7 113   0   0   0   0   0   0]
 [  7   0 193   0   0   0   0   0]
 [  6   0   0 194   0   0   0   0]
 [  2   0   0   0 198   0   0   0]
 [  2   0   0   0   0 398   0   0]
 [  2   0   0   0   0   0 198   0]
 [  0   0   1   0   0   0   0 399]]",437.536865234375,3.845241069793701,KNFST,,,
42.0,KNFST,UNSW_NB15_1000,-1,l05_exponential_kernel,QuantileTransformer,KNFST,0.3927695598395447,-1,-1,86.602787456446,48.99107142857143,7.655550024888004,46.201244282232,45.8099986561664,-1.0,,"[[197   1   0   0   0   2   0   0]
 [  0 101   8  39  11  41   0   0]
 [  0  86   0  38  10  57   7   2]
 [  2  60   3  28   9  92   3   3]
 [  0  84   4  32  11  64   5   0]
 [  0  52   0  40   3 105   0   0]
 [  0   0   0   0   0   1 199   0]
 [  0   0   0   0   0   7   3  25]]",183.6139748096466,3.9151008129119873,KNFST,,,
42.0,KNN,5G_NIDD_1000,-1,l05_exponential_kernel,QuantileTransformer,KNN,0.98439106484638,-1,-1,99.69135802469135,98.61111111111111,0.1736111111111111,98.62622476703932,98.61233638906911,-1.0,,"[[196   0   1   0   0   0   0   3   0]
 [  0 196   0   0   0   4   0   0   0]
 [  0   0 200   0   0   0   0   0   0]
 [  0   2   0 198   0   0   0   0   0]
 [  0   0   0   0 200   0   0   0   0]
 [  0   8   0   0   0 191   1   0   0]
 [  0   0   2   0   0   0 198   0   0]
 [  1   0   0   0   0   0   0 199   0]
 [  2   0   0   0   0   0   0   1 197]]",0.0014653205871582,0.0284714698791503,KNN,,,
42.0,KNN,BoT_IoT_1000,-1,l05_exponential_kernel,QuantileTransformer,KNN,0.9843720044199076,-1,-1,99.5718050065876,98.30357142857142,0.2569169960474308,98.62065526381396,98.45727690516894,-1.0,,"[[190   1   0   5   4   0]
 [  1 397   2   0   0   0]
 [  0   2 398   0   0   0]
 [  0   0   0 400   0   0]
 [  2   0   3   0 395   0]
 [  4   1   0   0   1 218]]",0.0,0.0396544933319091,KNN,,,
42.0,KNN,CIC_IoT2023_1000,-1,l05_exponential_kernel,QuantileTransformer,KNN,0.8722605225735238,-1,-1,97.01666666666668,85.28333333333333,1.79,86.20146237588204,85.52014684397969,-1.0,,"[[162   0   0   2  20  16]
 [  0 997   2   1   0   0]
 [  0   5 194   1   0   0]
 [  0   7   0 191   0   2]
 [ 50   0   1   0 125  24]
 [ 28   1   0   0  19 152]]",0.0,0.0345611572265625,KNN,,,
42.0,KNN,Edge_IIoTset_1000,-1,l05_exponential_kernel,QuantileTransformer,KNN,0.730828628999412,-1,-1,96.61777777777776,74.63333333333331,1.8119047619047617,77.76943776011417,74.33834868264638,-1.0,,"[[183   0   0   0   0   0   1   0   3   0   0   1  10   0   2]
 [  0 181   0   0   0   0   5   0   0   1  12   0   1   0   0]
 [ 11   0 142   0   0   0   0   0   5   0   1  28   3   2   8]
 [  0   0   0 199   0   0   1   0   0   0   0   0   0   0   0]
 [  0   2   0   0 198   0   0   0   0   0   0   0   0   0   0]
 [  0   0   0   0   0 200   0   0   0   0   0   0   0   0   0]
 [  0  19   0   1   0   0 159   0   0  16   0   0   5   0   0]
 [  0 137   0   0   0   0   0  63   0   0   0   0   0   0   0]
 [  9   0  26   0   0   0   0   0  90   0   0  41  10   0  24]
 [  0   5   0   0   0   0  14   0   0 181   0   0   0   0   0]
 [  0  24   0   0   0   0  11   0   0   0 155   0  10   0   0]
 [  0   0  36   0   0   0   0   0  20   0   0 124   4   0  16]
 [ 10   1  16   0   0   0   2   0  23   0   5  17  99   3  24]
 [  0   0   6   0   0   0   0   0   7   0   0  14   3 168   2]
 [ 12  12  20   0   0   0   0   0  25   0   0  14  20   0  97]]",0.0029077529907226,0.0753617286682128,KNN,,,
42.0,KNN,IoTID20_2000,-1,l05_exponential_kernel,QuantileTransformer,KNN,0.8272137420320022,-1,-1,94.42,86.05000000000001,3.4875000000000003,86.72341877916766,86.08768555021047,-1.0,,"[[385   1   5   2   7]
 [  7 392   1   0   0]
 [ 11   0 338  20  31]
 [ 13   0  70 296  21]
 [  6   0  67  17 310]]",0.0006048679351806,0.0416641235351562,KNN,,,
42.0,KNN,N_BaIoT_1000,-1,l05_exponential_kernel,QuantileTransformer,KNN,0.9837766443115968,-1,-1,99.679012345679,98.55555555555556,0.1805555555555555,98.57439968442009,98.55435293951231,-1.0,,"[[194   0   0   3   2   0   0   1   0]
 [  0 199   0   0   0   0   0   0   1]
 [  0   0 194   4   0   1   0   0   1]
 [  1   0   2 197   0   0   0   0   0]
 [  1   0   0   0 198   0   0   0   1]
 [  0   0   0   0   0 200   0   0   0]
 [  0   0   0   0   0   0 200   0   0]
 [  0   8   0   0   0   0   0 192   0]
 [  0   0   0   0   0   0   0   0 200]]",0.0066194534301757,0.039722204208374,KNN,,,
42.0,KNN,ToN_IoT_1000,-1,l05_exponential_kernel,QuantileTransformer,KNN,0.9604407461393852,-1,-1,99.15364583333334,95.90625,0.4836309523809524,96.3534766696974,96.10331585104193,-1.0,,"[[189   0   2   1   2   0   3   3]
 [  1 111   0   0   0   2   6   0]
 [  2   0 193   0   0   4   1   0]
 [  6   0   0 194   0   0   0   0]
 [  9   0   0   0 186   1   0   4]
 [  2   0   0   0   0 398   0   0]
 [  1   3   1   0   0   0 193   2]
 [  2   2   2   0   1   2   0 391]]",0.0020015239715576,0.0293633937835693,KNN,,,
42.0,KNN,UNSW_NB15_1000,-1,l05_exponential_kernel,QuantileTransformer,KNN,0.4302910824788872,-1,-1,87.6829268292683,49.33035714285714,7.038327526132404,50.19869165272364,49.39492929606055,-1.0,,"[[197   1   0   0   0   0   2   0]
 [  0  82  63  18  37   0   0   0]
 [  0  77  44  16  35  13  12   3]
 [  2  36  27  82  24  16   7   6]
 [  1  68  41  36  34   9  10   1]
 [  0  15   8  14   7 129  24   3]
 [  0   0   1   3   0  49 147   0]
 [  0   0   1  10   1   6   4  13]]",0.0,0.0123066902160644,KNN,,,
42.0,LDA,5G_NIDD_1000,-1,l05_exponential_kernel,QuantileTransformer,LDA,0.908881028722923,-1,-1,98.1358024691358,91.61111111111111,1.0486111111111112,93.50627482918692,91.20096346111514,-1.0,,"[[ 98   1   0   0   0   0   0 100   1]
 [  0 196   0   0   0   4   0   0   0]
 [  0   0 200   0   0   0   0   0   0]
 [  0   0   0 178  22   0   0   0   0]
 [  0   0   0   0 200   0   0   0   0]
 [  0  14   0   0   0 185   1   0   0]
 [  0   0   1   1   0   0 198   0   0]
 [  0   0   0   0   0   0   0 196   4]
 [  1   0   1   0   0   0   0   0 198]]",0.0291712284088134,0.0,LDA,,,
42.0,LDA,BoT_IoT_1000,-1,l05_exponential_kernel,QuantileTransformer,LDA,0.968151842266374,-1,-1,99.12714097496706,97.00000000000001,0.5237154150197628,97.18867619305871,97.08784078416312,-1.0,,"[[181   3   2   6   8   0]
 [ 10 388   1   0   1   0]
 [  0   2 396   0   2   0]
 [  0   0   4 396   0   0]
 [  4   1   7   2 386   0]
 [  0   0   0   0   0 224]]",0.0629994869232177,0.0,LDA,,,
42.0,LDA,CIC_IoT2023_1000,-1,l05_exponential_kernel,QuantileTransformer,LDA,0.8396691584927405,-1,-1,96.21666666666668,81.35,2.27,83.23460624828928,81.13118775845503,-1.0,,"[[155   4   0   6  21  14]
 [  0 996   4   0   0   0]
 [  0   1 198   1   0   0]
 [  0   0   2 197   0   1]
 [ 81  10   3   5  90  11]
 [ 46   0   0  10   7 137]]",0.0459988117218017,0.0,LDA,,,
42.0,LDA,Edge_IIoTset_1000,-1,l05_exponential_kernel,QuantileTransformer,LDA,0.5355320834455243,-1,-1,94.14222222222224,56.066666666666656,3.1380952380952385,55.361364752977494,52.97308563691933,-1.0,,"[[ 72  38  12   0   0   0   0   0  34   1   6  24   0   0  13]
 [  0 172   6   0   0   0   3   6   0  12   1   0   0   0   0]
 [  4  20 109   0   0   0   0   0  15   0  20  11   0   2  19]
 [  0   0   0 200   0   0   0   0   0   0   0   0   0   0   0]
 [  0   0   0   0 118   0   0   0   0  82   0   0   0   0   0]
 [  0   0   0   0   0 200   0   0   0   0   0   0   0   0   0]
 [  0   0   0  31   0   0 114  16   0  39   0   0   0   0   0]
 [  0   0   0   0   0   0   0 200   0   0   0   0   0   0   0]
 [  2  23  26   0   0   0   0   0  57   0   6  52   0  20  14]
 [  0   0   0   0   0   0   4   5   0 191   0   0   0   0   0]
 [  0 118  11   0   0   0   6  18   1  18  27   1   0   0   0]
 [  4  16  36   0   0   0   0   0  60   0  11  59   0   0  14]
 [  6  18  52   0   0   0   0   0  31  27   5  51   0   0  10]
 [  1  11   4   0   0   0   0   0  11   0   8  15   0 150   0]
 [  6  23  27   0   0   0   0  12  50   0   1  51   0  17  13]]",0.0289998054504394,0.0,LDA,,,
42.0,LDA,IoTID20_2000,-1,l05_exponential_kernel,QuantileTransformer,LDA,0.7236749819315319,-1,-1,91.08,77.69999999999999,5.575,79.59771118022931,78.093843863723,-1.0,,"[[343   0  16   4  37]
 [  4 396   0   0   0]
 [  5   0 281  17  97]
 [ 16   0  70 255  59]
 [ 15   0  93  13 279]]",0.0410001277923584,0.0009996891021728,LDA,,,
42.0,LDA,N_BaIoT_1000,-1,l05_exponential_kernel,QuantileTransformer,LDA,0.883482619824731,-1,-1,97.61728395061728,89.27777777777777,1.3402777777777777,90.39217258871619,87.8215035551924,-1.0,,"[[198   1   0   0   0   0   0   1   0]
 [  0 196   0   0   0   0   0   4   0]
 [  0   0 194   1   0   0   0   0   5]
 [  0   0  33 167   0   0   0   0   0]
 [  1   0   0   0 194   2   0   2   1]
 [  0   0   0   0   0 199   0   1   0]
 [  0   0   0   0   0   0 200   0   0]
 [  0  43   0   0  17   0  78  62   0]
 [  0   3   0   0   0   0   0   0 197]]",0.0463783740997314,0.0009999275207519,LDA,,,
42.0,LDA,ToN_IoT_1000,-1,l05_exponential_kernel,QuantileTransformer,LDA,0.8805531093109126,-1,-1,97.43489583333331,88.02083333333334,1.4657738095238095,88.21313209971048,87.86999400879232,-1.0,,"[[156   1   6   4   5   0   5  23]
 [  1  89  24   0   0   0   0   6]
 [  2   8 179   0   0   4   1   6]
 [  6   0   0 191   0   0   0   3]
 [  2   0   2   0 193   2   0   1]
 [  1   0   0   0   0 399   0   0]
 [  0   0   3  28   0   0 167   2]
 [  0  33  17   0   0   1   0 349]]",0.0193202495574951,0.0010008811950683,LDA,,,
42.0,LDA,UNSW_NB15_1000,-1,l05_exponential_kernel,QuantileTransformer,LDA,0.5007700493887048,-1,-1,89.12891986062718,58.9375,6.212045793927326,55.98563425566354,55.64616504490117,-1.0,,"[[197   1   0   0   0   1   1   0]
 [  1  70  68   2  58   0   0   1]
 [  1  34  69   9  47  27   6   7]
 [  1   9  33  89  36   2   8  22]
 [  2  23  69  29  52   5  13   7]
 [  1   5  11   1  13 147   0  22]
 [  0   0   0   0   0  41 159   0]
 [  0   0   0   1   0   2   4  28]]",0.0249996185302734,0.0,LDA,,,
42.0,LGBM,5G_NIDD_1000,-1,l05_exponential_kernel,QuantileTransformer,LGBM,0.9893904593467044,-1,-1,99.79012345679013,99.05555555555554,0.1180555555555555,99.063226383263,99.053087517736,-1.0,,"[[197   0   0   0   0   0   0   3   0]
 [  0 198   0   0   0   2   0   0   0]
 [  0   0 200   0   0   0   0   0   0]
 [  0   0   0 200   0   0   0   0   0]
 [  0   0   0   0 200   0   0   0   0]
 [  0   1   0   1   0 198   0   0   0]
 [  0   0   1   0   1   0 198   0   0]
 [  0   0   0   0   0   0   0 200   0]
 [  5   0   0   0   2   0   1   0 192]]",1.637258768081665,0.0040006637573242,LGBM,,,
42.0,LGBM,BoT_IoT_1000,-1,l05_exponential_kernel,QuantileTransformer,LGBM,0.9957943979669234,-1,-1,99.88471673254284,99.52678571428572,0.0691699604743083,99.5062615423674,99.51481160021484,-1.0,,"[[198   0   1   0   1   0]
 [  1 399   0   0   0   0]
 [  0   0 400   0   0   0]
 [  0   0   0 400   0   0]
 [  1   0   0   0 399   0]
 [  3   0   0   0   0 221]]",1.825941562652588,0.004002571105957,LGBM,,,
42.0,LGBM,CIC_IoT2023_1000,-1,l05_exponential_kernel,QuantileTransformer,LGBM,0.9722077664530518,-1,-1,99.35,96.81666666666668,0.3899999999999999,96.78076130071828,96.76604914757738,-1.0,,"[[187   0   0   0   8   5]
 [  0 999   0   1   0   0]
 [  0   0 200   0   0   0]
 [  0   0   0 200   0   0]
 [ 13   0   0   0 178   9]
 [  3   0   0   0   0 197]]",1.5865955352783203,0.0035028457641601,LGBM,,,
42.0,LGBM,Edge_IIoTset_1000,-1,l05_exponential_kernel,QuantileTransformer,LGBM,0.8899211069316548,-1,-1,98.62666666666668,89.69999999999999,0.7357142857142858,90.07509127106508,89.71752139243806,-1.0,,"[[196   0   0   0   0   0   0   0   0   1   1   0   2   0   0]
 [  0 184   1   0   0   0   3   6   0   0   5   0   1   0   0]
 [  3   0 160   0   0   0   0   0   5   0   0  19   3   3   7]
 [  0   0   0 199   0   0   1   0   0   0   0   0   0   0   0]
 [  0   0   1   0 199   0   0   0   0   0   0   0   0   0   0]
 [  0   0   0   0   0 200   0   0   0   0   0   0   0   0   0]
 [  0   4   0   0   0   0 161  16   0  15   0   0   4   0   0]
 [  0   0   0   0   0   0   0 200   0   0   0   0   0   0   0]
 [  2   0  12   0   0   0   0   0 166   0   0   9   2   0   9]
 [  0   0   1   0   0   0   4   5   0 190   0   0   0   0   0]
 [  0   6   0   0   0   0   6  18   0   4 166   0   0   0   0]
 [  0   0  20   0   0   0   0   0   6   0   0 162   3   0   9]
 [  0   0   7   0   0   0   1   0   6   2   2   5 166   0  11]
 [  0   0   3   0   0   0   0   0   1   0   0   3   2 190   1]
 [  0   0  11   0   0   0   0  12  10   0   0   7   8   0 152]]",2.101224184036255,0.0130181312561035,LGBM,,,
42.0,LGBM,IoTID20_2000,-1,l05_exponential_kernel,QuantileTransformer,LGBM,0.9338448484341858,-1,-1,97.88,94.7,1.325,94.78115212734076,94.72277744805685,-1.0,,"[[394   0   2   3   1]
 [  1 399   0   0   0]
 [  1   0 369  15  15]
 [  0   0  29 363   8]
 [  0   0  22   9 369]]",1.6297171115875244,0.0040006637573242,LGBM,,,
42.0,LGBM,N_BaIoT_1000,-1,l05_exponential_kernel,QuantileTransformer,LGBM,0.998128119155246,-1,-1,99.96296296296296,99.83333333333331,0.0208333333333333,99.83579638752052,99.83332395780596,-1.0,,"[[200   0   0   0   0   0   0   0   0]
 [  0 200   0   0   0   0   0   0   0]
 [  0   0 200   0   0   0   0   0   0]
 [  0   0   0 200   0   0   0   0   0]
 [  0   0   0   0 200   0   0   0   0]
 [  0   0   0   0   0 200   0   0   0]
 [  0   0   0   0   0   0 200   0   0]
 [  0   0   0   0   0   0   3 197   0]
 [  0   0   0   0   0   0   0   0 200]]",1.8931918144226076,0.0050041675567626,LGBM,,,
42.0,LGBM,ToN_IoT_1000,-1,l05_exponential_kernel,QuantileTransformer,LGBM,0.9860434607706868,-1,-1,99.70052083333331,98.64583333333331,0.1711309523809523,98.6789258023776,98.64002762329432,-1.0,,"[[197   0   2   0   1   0   0   0]
 [  1 119   0   0   0   0   0   0]
 [  6   0 194   0   0   0   0   0]
 [  6   0   0 194   0   0   0   0]
 [  1   0   0   0 198   1   0   0]
 [  0   0   0   0   0 400   0   0]
 [  1   0   0   0   0   0 199   0]
 [  4   0   0   0   0   0   0 396]]",1.5652310848236084,0.0050008296966552,LGBM,,,
42.0,LGBM,UNSW_NB15_1000,-1,l05_exponential_kernel,QuantileTransformer,LGBM,0.5521110861597104,-1,-1,90.33101045296166,63.83928571428571,5.525136884021902,64.01662495397586,63.90202421160582,-1.0,,"[[197   1   0   2   0   0   0   0]
 [  1  61  77  15  43   3   0   0]
 [  1  63  56  23  43   9   4   1]
 [  0  24  19 113  31   7   3   3]
 [  2  40  49  41  60   6   2   0]
 [  1   9   8   9   9 164   0   0]
 [  0   0   0   1   0   0 199   0]
 [  0   0   0   5   0   0   0  30]]",1.668870449066162,0.004000186920166,LGBM,,,
42.0,MLP,5G_NIDD_1000,-1,l05_exponential_kernel,QuantileTransformer,MLP,0.9862613009754858,-1,-1,99.7283950617284,98.77777777777776,0.1527777777777778,98.78623170650862,98.77755646745928,-1.0,,"[[193   0   0   1   0   0   0   6   0]
 [  1 195   0   0   0   4   0   0   0]
 [  0   0 200   0   0   0   0   0   0]
 [  0   2   0 198   0   0   0   0   0]
 [  0   0   0   0 200   0   0   0   0]
 [  0   1   0   0   0 198   1   0   0]
 [  0   0   1   0   1   0 198   0   0]
 [  1   0   0   0   0   0   0 199   0]
 [  2   0   0   0   0   0   0   1 197]]",4.055983066558838,0.0010013580322265,MLP,,,
42.0,MLP,BoT_IoT_1000,-1,l05_exponential_kernel,QuantileTransformer,MLP,0.9903913617896636,-1,-1,99.7364953886693,99.07738095238096,0.1581027667984189,98.98017329802872,99.02353926784144,-1.0,,"[[197   1   0   1   1   0]
 [  3 397   0   0   0   0]
 [  0   2 398   0   0   0]
 [  0   0   0 400   0   0]
 [  2   0   1   1 396   0]
 [  4   0   0   0   0 220]]",3.268805980682373,0.0020034313201904,MLP,,,
42.0,MLP,CIC_IoT2023_1000,-1,l05_exponential_kernel,QuantileTransformer,MLP,0.9466521577700588,-1,-1,98.75,93.75,0.75,93.91878872469212,93.69631597007192,-1.0,,"[[ 184    0    0    0    8    8]
 [   0 1000    0    0    0    0]
 [   0    0  199    1    0    0]
 [   0    1    0  199    0    0]
 [  27    0    1    0  154   18]
 [   4    0    0    0    7  189]]",5.259810447692871,0.0010008811950683,MLP,,,
42.0,MLP,Edge_IIoTset_1000,-1,l05_exponential_kernel,QuantileTransformer,MLP,0.7581728667236779,-1,-1,96.97777777777776,77.33333333333333,1.6190476190476188,77.77414588579929,76.93554126919965,-1.0,,"[[181   0   0   0   0   0   1   0   3   0   0   0  14   1   0]
 [  0 160   1   0   0   0   3   6   0   1  19   0  10   0   0]
 [ 10   0 141   0   0   0   0   0   3   0   0  39   2   1   4]
 [  0   0   0 200   0   0   0   0   0   0   0   0   0   0   0]
 [  0   8   0   0 192   0   0   0   0   0   0   0   0   0   0]
 [  0   0   0   0   0 200   0   0   0   0   0   0   0   0   0]
 [  0   4   0  31   0   0 128  16   0  16   0   0   5   0   0]
 [  0   0   0   0   0   0   0 200   0   0   0   0   0   0   0]
 [ 15   0  26   0   0   0   0   0  97   0   0  33  11   0  18]
 [  0   0   0   0   1   0  14   5   0 180   0   0   0   0   0]
 [  0  13   0   0   0   0  11  18   0   0 134   0  24   0   0]
 [  0   0  35   0   0   0   0   0  16   0   0 145   0   0   4]
 [  8   1  30   0   0   0   3   0  21   0   4   9  90   5  29]
 [  0   0   5   0   3   0   0   0   3   0   0   8   2 178   1]
 [ 17   0  27   0   0   0   0  12  20   0   1  29   0   0  94]]",12.704535722732544,0.002000093460083,MLP,,,
42.0,MLP,IoTID20_2000,-1,l05_exponential_kernel,QuantileTransformer,MLP,0.8118664914753351,-1,-1,93.96,84.89999999999999,3.775,85.09250463584274,84.87072303323924,-1.0,,"[[387   0   5   1   7]
 [  1 399   0   0   0]
 [  8   0 287  26  79]
 [ 15   0  50 301  34]
 [  5   0  50  21 324]]",5.508087158203125,0.0010006427764892,MLP,,,
42.0,MLP,N_BaIoT_1000,-1,l05_exponential_kernel,QuantileTransformer,MLP,0.9943832865619154,-1,-1,99.8888888888889,99.5,0.0625,99.50842796935925,99.50094119853364,-1.0,,"[[199   0   0   0   0   0   0   0   1]
 [  0 200   0   0   0   0   0   0   0]
 [  0   0 200   0   0   0   0   0   0]
 [  0   0   0 199   0   0   0   0   1]
 [  2   0   0   0 198   0   0   0   0]
 [  0   0   0   0   0 198   0   2   0]
 [  0   0   0   0   0   0 197   3   0]
 [  0   0   0   0   0   0   0 200   0]
 [  0   0   0   0   0   0   0   0 200]]",2.55796217918396,0.0010004043579101,MLP,,,
42.0,MLP,ToN_IoT_1000,-1,l05_exponential_kernel,QuantileTransformer,MLP,0.9714142565438924,-1,-1,99.38802083333331,97.20833333333331,0.349702380952381,97.30776096377424,97.24773264348596,-1.0,,"[[191   2   0   0   1   1   3   2]
 [  1 113   0   0   0   6   0   0]
 [  5   0 191   0   0   4   0   0]
 [  6   0   0 194   0   0   0   0]
 [  0   0   0   0 200   0   0   0]
 [  1   0   0   0   0 399   0   0]
 [  1   0   0   0   0   0 198   1]
 [  1   4   7   0   0   1   0 387]]",5.20080828666687,0.0010013580322265,MLP,,,
42.0,MLP,UNSW_NB15_1000,-1,l05_exponential_kernel,QuantileTransformer,MLP,0.5677492188642723,-1,-1,90.50522648083624,61.81249999999999,5.425584868093579,66.49433959573527,61.60694381583074,-1.0,,"[[197   1   0   1   0   0   1   0]
 [  1  39  98  12  50   0   0   0]
 [  2   3 122  13  48   3   7   2]
 [  2   6  36  96  46   5   3   6]
 [  2   3  87  30  64   5   7   2]
 [  1   1  12  11  18 157   0   0]
 [  0   0   0   3   0   1 194   2]
 [  0   0   0  10   0   2   2  21]]",3.638787508010864,0.0009999275207519,MLP,,,
42.0,NC,5G_NIDD_1000,-1,l05_exponential_kernel,QuantileTransformer,NC,0.7514072307660093,-1,-1,94.85185185185183,76.83333333333333,2.895833333333333,83.0765828079144,72.90574134908813,-1.0,,"[[  1   0   3   2   0  18  13  58 105]
 [  0 122   0   0   0  78   0   0   0]
 [  0   0 200   0   0   0   0   0   0]
 [  0   0   0 176   0   2  22   0   0]
 [  0   0   0   0 198   0   2   0   0]
 [  0  17   0   0   0 182   1   0   0]
 [  0   0   2   0   0   0 198   0   0]
 [  0   0   0   0   0   0   0 107  93]
 [  0   0   0   0   0   0   0   1 199]]",0.0010008811950683,0.0009999275207519,NC,,,
42.0,NC,BoT_IoT_1000,-1,l05_exponential_kernel,QuantileTransformer,NC,0.7990607092401972,-1,-1,94.35111989459816,77.18452380952381,3.3893280632411065,84.5715518297773,77.45162234944397,-1.0,,"[[ 41  67   0  53  38   1]
 [ 11 382   0   0   1   6]
 [  0  61 336   0   1   2]
 [  0   0  10 385   5   0]
 [  2  18   8   0 371   1]
 [  0  58   0   0   0 166]]",0.0015034675598144,0.0,NC,,,
42.0,NC,CIC_IoT2023_1000,-1,l05_exponential_kernel,QuantileTransformer,NC,0.483490809962125,-1,-1,85.39999999999999,56.73333333333333,8.76,57.481759188601146,48.65262527773231,-1.0,,"[[146   0  18  13   0  23]
 [  1 554 389  15   3  38]
 [  1   0 199   0   0   0]
 [ 24   0  20 135   1  20]
 [120   0  39   6  21  14]
 [ 60   0  32  32   7  69]]",0.0020036697387695,0.0010032653808593,NC,,,
42.0,NC,Edge_IIoTset_1000,-1,l05_exponential_kernel,QuantileTransformer,NC,0.3902722694676616,-1,-1,92.27555555555556,42.06666666666667,4.138095238095238,39.59384468955063,37.66739103097077,-1.0,,"[[ 47  42   0   0  12   0   1   0  71  19   0   8   0   0   0]
 [  0 119   0   0   6   0   3   6  54   0   0   0  12   0   0]
 [  0  70   0   0  42   0  10   0  63   4   0   9   0   2   0]
 [  0   0   0 200   0   0   0   0   0   0   0   0   0   0   0]
 [  0   0   0   0 113   0   0   0   0   0   0   0  87   0   0]
 [  0   0   0   0   0 200   0   0   0   0   0   0   0   0   0]
 [  0   0   0  31  31   0  93  16   0   0   0   0  29   0   0]
 [  0   0   0   0   0   0   0 200   0   0   0   0   0   0   0]
 [  0  37   0   0  17   0   2   0  88   1   0  32   0  23   0]
 [  0   0   0   0  88   0  14   5   0   0   0   0  93   0   0]
 [  0  78   0   0  11   0  10  18  69   0   0   0  14   0   0]
 [  0  58   0   0  13   0   3   0  83   4   0  21   0  18   0]
 [  0  32   0   0  33   0   1   0  79   6   0  11  27  11   0]
 [  0  30   0   0   3   0   1   0   7   1   0   4   0 154   0]
 [  0  30   0   0  12   0   5  12  84   4   0  36   0  17   0]]",0.0010015964508056,0.0015060901641845,NC,,,
42.0,NC,IoTID20_2000,-1,l05_exponential_kernel,QuantileTransformer,NC,0.4274685832041625,-1,-1,81.36,53.400000000000006,11.65,49.36028894135015,48.88780272471657,-1.0,,"[[ 25  83  78 177  37]
 [  9 390   1   0   0]
 [  9   6 212  24 149]
 [  6   2  66 284  42]
 [ 26  22 123  72 157]]",0.0010023117065429,0.0009989738464355,NC,,,
42.0,NC,N_BaIoT_1000,-1,l05_exponential_kernel,QuantileTransformer,NC,0.4499282697054501,-1,-1,88.5432098765432,48.44444444444444,6.444444444444445,38.94987683384284,39.74024101157856,-1.0,,"[[169   6   0   5   7   1   0   5   7]
 [  0   0   0 131  69   0   0   0   0]
 [  0   0 112  88   0   0   0   0   0]
 [  1   0   8 191   0   0   0   0   0]
 [  4   0   0   0 151   0   2   0  43]
 [  0   0   0 128  72   0   0   0   0]
 [  0   0   0   0   0   0 200   0   0]
 [  0   0   0  81  41   0  78   0   0]
 [ 64   0   1   0  86   0   0   0  49]]",0.0009999275207519,0.0009999275207519,NC,,,
42.0,NC,ToN_IoT_1000,-1,l05_exponential_kernel,QuantileTransformer,NC,0.3466882412940323,-1,-1,84.609375,45.489583333333336,8.794642857142858,52.24265632276639,35.5710654243986,-1.0,,"[[ 24  53   3   4  43   1  70   2]
 [  0  92   2  19   0   0   7   0]
 [  0  15  39 109  31   0   6   0]
 [  0   0   0 191   3   0   6   0]
 [  0  69  11   2  96  12   1   9]
 [  0   0   0 192   0 140  68   0]
 [  0   3   0  44   0   0 153   0]
 [  0 321   5  11  59   1   0   3]]",0.0009999275207519,0.0021674633026123,NC,,,
42.0,NC,UNSW_NB15_1000,-1,l05_exponential_kernel,QuantileTransformer,NC,0.1491178865524225,-1,-1,80.41811846689896,27.98214285714285,11.189646590343456,22.309378237132535,18.97682224773792,-1.0,,"[[131  16   0   0  21   3   0  29]
 [  0  32 112   0  13   0   0  43]
 [  0  25  99   0  25   1   2  48]
 [  0   0  63   0  14   0   0 123]
 [  1   0 127   1  20   1   0  50]
 [  0   0  46   4  48   0   0 102]
 [  0   0  22   6  85   0   0  87]
 [  0   0   1   0   5   0   0  29]]",0.0009992122650146,0.0,NC,,,
42.0,NuSVC,5G_NIDD_1000,-1,l05_exponential_kernel,QuantileTransformer,NuSVC,0.9443295633819168,-1,-1,98.88888888888889,95.0,0.625,95.46881470145172,95.01164040066288,-1.0,,"[[177   1   3   0   0   0   0   5  14]
 [  0 200   0   0   0   0   0   0   0]
 [  0   0 200   0   0   0   0   0   0]
 [  0   2   0 176   0   0  22   0   0]
 [  0   0   0   0 200   0   0   0   0]
 [  0  12   0   0   0 187   1   0   0]
 [  0   0   2   0   0   0 198   0   0]
 [  0   0   0   0   0   0   0 175  25]
 [  2   0   0   0   0   0   0   1 197]]",0.4342243671417236,0.2455561161041259,NuSVC,,,
42.0,NuSVC,BoT_IoT_1000,-1,l05_exponential_kernel,QuantileTransformer,NuSVC,0.9236512395537774,-1,-1,97.89196310935442,93.76488095238096,1.2648221343873518,93.46800341235414,93.50070569779496,-1.0,,"[[187   4   1   8   0   0]
 [ 12 359  22   0   0   7]
 [  0   2 395   0   2   1]
 [  8   0  10 382   0   0]
 [  5  20  15   0 360   0]
 [  6   4   1   0   0 213]]",0.5791916847229004,0.2436864376068115,NuSVC,,,
42.0,NuSVC,CIC_IoT2023_1000,-1,l05_exponential_kernel,QuantileTransformer,NuSVC,0.8735126727606864,-1,-1,97.06666666666666,85.39999999999999,1.76,92.29756680202908,88.2600048489393,-1.0,,"[[168  22   0   0   5   5]
 [  0 999   0   1   0   0]
 [  0   0 199   1   0   0]
 [  3  36   0 160   0   1]
 [ 20  36   2   0 128  14]
 [  2  18   0   2   8 170]]",0.9228692054748536,0.3312242031097412,NuSVC,,,
42.0,NuSVC,Edge_IIoTset_1000,-1,l05_exponential_kernel,QuantileTransformer,NuSVC,0.675790989825103,-1,-1,95.92444444444445,69.43333333333332,2.183333333333333,70.4631204771972,67.69517108406836,-1.0,,"[[167   0   0   0   0   0   0   0  16   1  10   0   5   0   1]
 [  1 173   0   0  10   0   3   6   0   2   5   0   0   0   0]
 [  6   0 151   0   0   0   0   0  18   0   0  14   7   1   3]
 [  0   0   0 200   0   0   0   0   0   0   0   0   0   0   0]
 [  0   0   0   0 200   0   0   0   0   0   0   0   0   0   0]
 [  0   0   0   0   0 200   0   0   0   0   0   0   0   0   0]
 [  0   0   0  31   9   0 114  16   0  30   0   0   0   0   0]
 [  0   0   0   0   0   0   0 200   0   0   0   0   0   0   0]
 [ 20   0  34   0   0   0   0   0  93   0   0  20  24   0   9]
 [  0   0   0   0   0   0   4   5   0 191   0   0   0   0   0]
 [  1  78   0   0  14   0   6  18   0   4  79   0   0   0   0]
 [ 16   0  39   0   0   0   0   0  56   0   0  82   7   0   0]
 [  8   5  12   0  27   0   0   0  55   0  26   9  49   0   9]
 [  4   6   8   0   0   0   0   0  16   0  10   6   0 150   0]
 [ 27   1  17   0   0   0   0  12  81   0   1   2  25   0  34]]",2.077688694000244,1.0650055408477783,NuSVC,,,
42.0,NuSVC,IoTID20_2000,-1,l05_exponential_kernel,QuantileTransformer,NuSVC,0.7366084793514712,-1,-1,91.3,78.25,5.4375,80.74470677804324,78.09540761179574,-1.0,,"[[375   0  14   4   7]
 [ 10 389   1   0   0]
 [ 11   0 336  14  39]
 [ 22   0  71 279  28]
 [  7   0 191  16 186]]",1.253306865692139,0.3721768856048584,NuSVC,,,
42.0,NuSVC,N_BaIoT_1000,-1,l05_exponential_kernel,QuantileTransformer,NuSVC,0.9762923747205964,-1,-1,99.53086419753086,97.88888888888889,0.2638888888888889,97.92232346299348,97.88874366493717,-1.0,,"[[190   0   1   2   1   0   0   4   2]
 [  0 199   0   0   0   0   0   0   1]
 [  0   0 193   2   0   0   0   0   5]
 [  1   0   6 192   0   0   0   0   1]
 [  1   0   0   0 198   0   0   0   1]
 [  0   0   2   0   4 194   0   0   0]
 [  0   0   0   0   0   0 198   2   0]
 [  0   2   0   0   0   0   0 198   0]
 [  0   0   0   0   0   0   0   0 200]]",0.7730753421783447,1.3976852893829346,NuSVC,,,
42.0,NuSVC,ToN_IoT_1000,-1,l05_exponential_kernel,QuantileTransformer,NuSVC,0.8961009115391897,-1,-1,97.7734375,87.89583333333333,1.2723214285714286,92.13063027005106,89.40759897276584,-1.0,,"[[163   0   2   0   6   0   4  25]
 [  1  74  14   0   0  13   0  18]
 [  3   3 178   0   0   5   0  11]
 [  6   0   0 191   0   0   0   3]
 [  5   0   4   0 180  10   0   1]
 [  1   0   0   0   0 399   0   0]
 [  0   0   4  14   0   0 179   3]
 [  0   0  13   0   0   2   0 385]]",0.737464189529419,0.3363916873931885,NuSVC,,,
42.0,NuSVC,UNSW_NB15_1000,-1,l05_exponential_kernel,QuantileTransformer,NuSVC,0.541319775254639,-1,-1,89.98257839721255,60.52678571428572,5.724240915878546,60.98335981614336,59.67298916853166,-1.0,,"[[197   1   0   0   0   0   2   0]
 [  0 110  58   6  26   0   0   0]
 [  2  80  60   6  27   4  18   3]
 [  2  45  12  80  35   8   8  10]
 [  0  96  30  19  39   5   9   2]
 [  0  14   6   3  11 160   6   0]
 [  0   0   0   0   0   9 191   0]
 [  0   0   0   3   3   2   4  23]]",0.721092939376831,0.2441534996032714,NuSVC,,,
42.0,RNC,5G_NIDD_1000,-1,l05_exponential_kernel,QuantileTransformer,RNC,0.8670061219077482,-1,-1,97.19753086419752,87.38888888888889,1.576388888888889,93.30728221279634,87.89126259426368,-1.0,,"[[189   0   0   0   0   0   0  11   0]
 [ 85 114   0   0   0   1   0   0   0]
 [  0   0 200   0   0   0   0   0   0]
 [  6   0   0 194   0   0   0   0   0]
 [  7   0   0   0 193   0   0   0   0]
 [100   1   0   0   0  99   0   0   0]
 [  6   0   0   0   0   0 194   0   0]
 [  2   0   0   0   0   0   0 198   0]
 [  8   0   0   0   0   0   0   0 192]]",0.0005037784576416,0.0971202850341796,RNC,,,
42.0,RNC,BoT_IoT_1000,-1,l05_exponential_kernel,QuantileTransformer,RNC,0.9454683994377652,-1,-1,98.46837944664033,93.85714285714285,0.9189723320158104,96.8406239332316,94.92718336843424,-1.0,,"[[155  44   0   0   1   0]
 [  0 400   0   0   0   0]
 [  0  14 386   0   0   0]
 [  0  10   0 390   0   0]
 [  0  12   0   0 388   0]
 [  0  12   0   0   0 212]]",0.0,0.1263737678527832,RNC,,,
42.0,RNC,CIC_IoT2023_1000,-1,l05_exponential_kernel,QuantileTransformer,RNC,0.6779906499395488,-1,-1,92.5,62.5,4.5,89.50509501104614,69.0181859294018,-1.0,,"[[  78  115    0    0    6    1]
 [   0 1000    0    0    0    0]
 [   0   12  188    0    0    0]
 [   0   39    0  161    0    0]
 [   7  134    0    0   56    3]
 [   4  125    0    0    4   67]]",0.0,0.1163537502288818,RNC,,,
42.0,RNC,Edge_IIoTset_1000,-1,l05_exponential_kernel,QuantileTransformer,RNC,0.6204293593546095,-1,-1,95.24,64.3,2.55,65.58297331145586,62.922669086151714,-1.0,,"[[120   0  20   0   0   0   0   0  25   1   0  27   0   0   7]
 [  0 148   6   0   2   0   3   6   0   1  26   0   8   0   0]
 [ 10   9 138   0   0   0   0   0   2   0  20  13   0   0   8]
 [  2   0   0 198   0   0   0   0   0   0   0   0   0   0   0]
 [  1   1   0   0 148   0   0   0   0  50   0   0   0   0   0]
 [  1   0   0   0   0 199   0   0   0   0   0   0   0   0   0]
 [  1   3   0  31   1   0 113  16   0  34   0   0   1   0   0]
 [  3   0   0   0   0   0   0 197   0   0   0   0   0   0   0]
 [ 25   1  34   0   0   0   0   0  61   0   0  34   6   1  38]
 [  0   0   0   0   0   0   4   5   0 191   0   0   0   0   0]
 [  0  94  10   0   0   0   6  18   0  15  53   0   4   0   0]
 [ 12   0  41   0   0   0   0   0  23   0  13  82   3   0  26]
 [ 31   0  58   0   3   0   0   0  11  10   4  21  31   1  30]
 [  7   0   5   0   0   0   0   0   7   0   0  12   3 158   8]
 [ 31   1  30   0   0   0   0  12  13   0   0  18   3   0  92]]",0.0010244846343994,0.281466007232666,RNC,,,
42.0,RNC,IoTID20_2000,-1,l05_exponential_kernel,QuantileTransformer,RNC,0.7346461716073894,-1,-1,91.34,78.35000000000001,5.4125,80.63170555690768,78.31685187532118,-1.0,,"[[384   0   7   0   9]
 [ 29 371   0   0   0]
 [ 41   0 266   5  88]
 [ 69   0  48 251  32]
 [ 36   0  62   7 295]]",0.0010004043579101,0.1030986309051513,RNC,,,
42.0,RNC,N_BaIoT_1000,-1,l05_exponential_kernel,QuantileTransformer,RNC,0.6974307609508709,-1,-1,93.37037037037037,70.16666666666667,3.729166666666667,89.14349552224685,72.61666407146168,-1.0,,"[[200   0   0   0   0   0   0   0   0]
 [ 93 107   0   0   0   0   0   0   0]
 [ 98   0 102   0   0   0   0   0   0]
 [ 39   0   0 161   0   0   0   0   0]
 [ 40   0   0   0 160   0   0   0   0]
 [ 39   0   0   0   0 161   0   0   0]
 [  0   0   0   0   0   0 200   0   0]
 [ 57   0   0   0   0   0  78  65   0]
 [ 93   0   0   0   0   0   0   0 107]]",0.0010013580322265,0.0948882102966308,RNC,,,
42.0,RNC,ToN_IoT_1000,-1,l05_exponential_kernel,QuantileTransformer,RNC,0.9100339829874255,-1,-1,98.05989583333331,89.48958333333333,1.1086309523809523,94.4877768616106,91.34121808852244,-1.0,,"[[180   0   0   0   0  17   2   1]
 [  0  71   0   0   0   9   0  40]
 [  1   3 188   0   0   8   0   0]
 [  6   0   0 193   0   1   0   0]
 [  0   0   0   0 178  22   0   0]
 [  0   0   0   0   0 400   0   0]
 [  0   0   0   4   0   8 188   0]
 [  1   2   6   0   0  18   0 373]]",0.0,0.1063072681427002,RNC,,,
42.0,RNC,UNSW_NB15_1000,-1,l05_exponential_kernel,QuantileTransformer,RNC,0.2395850052263828,-1,-1,83.10104529616724,29.35714285714286,9.656545545047289,39.64852897766221,27.181138978545672,-1.0,,"[[200   0   0   0   0   0   0   0]
 [ 41  50  61  10  38   0   0   0]
 [ 66  65  27   7  32   2   0   1]
 [122  22  17  10  23   2   2   2]
 [ 59  53  44   8  34   1   1   0]
 [ 86   8   7   4  11  83   1   0]
 [126   0   0   0   2  11  60   1]
 [ 33   0   0   0   1   0   0   1]]",0.0,0.0548970699310302,RNC,,,
42.0,SAINT,5G_NIDD_1000,-1,l05_exponential_kernel,QuantileTransformer,SAINT,0.9881407829302172,-1,-1,99.76543209876544,98.94444444444444,0.1319444444444444,98.95663851299244,98.94419251391994,-1.0,,"[[198   0   0   0   0   0   0   2   0]
 [  0 196   0   0   0   4   0   0   0]
 [  0   0 200   0   0   0   0   0   0]
 [  0   2   0 198   0   0   0   0   0]
 [  0   0   0   0 200   0   0   0   0]
 [  0   0   0   0   0 199   1   0   0]
 [  0   0   1   0   1   0 198   0   0]
 [  1   0   0   0   0   0   0 199   0]
 [  6   0   0   1   0   0   0   0 193]]",674.6765604019165,0.3448090553283691,SAINT,,,
42.0,SAINT,BoT_IoT_1000,-1,l05_exponential_kernel,QuantileTransformer,SAINT,0.9933940731128906,-1,-1,99.81884057971014,99.28571428571428,0.108695652173913,99.2245919294993,99.2511587079761,-1.0,,"[[197   0   1   1   1   0]
 [  1 399   0   0   0   0]
 [  0   0 400   0   0   0]
 [  0   0   0 400   0   0]
 [  3   0   0   0 397   0]
 [  4   0   0   0   0 220]]",334.79420948028564,0.1403703689575195,SAINT,,,
42.0,SAINT,CIC_IoT2023_1000,-1,l05_exponential_kernel,QuantileTransformer,SAINT,0.9557497856513352,-1,-1,98.96666666666668,94.83333333333334,0.62,94.8480990070852,94.8212436411293,-1.0,,"[[ 186    0    0    0    3   11]
 [   0 1000    0    0    0    0]
 [   0    0  199    1    0    0]
 [   0    0    0  200    0    0]
 [  15    0    0    0  170   15]
 [   1    0    0    0   16  183]]",690.3711044788361,0.3938193321228027,SAINT,,,
42.0,SAINT,Edge_IIoTset_1000,-1,l05_exponential_kernel,QuantileTransformer,SAINT,0.8375297512539985,-1,-1,97.9688888888889,84.76666666666667,1.0880952380952382,85.8873630311456,84.76657581655131,-1.0,,"[[196   0   0   0   0   0   0   0   0   1   0   0   0   0   3]
 [  0 183   0   0   0   0   2   6   0   3   3   0   3   0   0]
 [  3   0 148   0   0   0   0   0  12   0   0  28   0   1   8]
 [  0   0   0 199   0   0   1   0   0   0   0   0   0   0   0]
 [  0   0   0   0 200   0   0   0   0   0   0   0   0   0   0]
 [  0   0   0   0   0 200   0   0   0   0   0   0   0   0   0]
 [  0   4   0   0   0   0 140  16   0  31   1   0   8   0   0]
 [  0   0   0   0   0   0   0 200   0   0   0   0   0   0   0]
 [  6   0  21   0   0   0   0   0 141   0   0   9   4   0  19]
 [  0   0   0   0   0   0   0   5   0 195   0   0   0   0   0]
 [  0  17   0   0   0   0   0  18   0  10 141   0  14   0   0]
 [  0   0  32   0   0   0   0   0  21   0   0 143   0   0   4]
 [  4   0  11   0   0   0   0   0  12   0   0   6 135   0  32]
 [  0   0  10   0   0   0   0   0   2   0   0  13   1 173   1]
 [  3   0  17   0   0   0   0  12  17   0   0   1   1   0 149]]",1130.901781320572,0.5324125289916992,SAINT,,,
42.0,SAINT,IoTID20_2000,-1,l05_exponential_kernel,QuantileTransformer,SAINT,0.8838204074491787,-1,-1,96.2,90.5,2.375,91.6230872006234,90.61259337478192,-1.0,,"[[393   0   6   1   0]
 [  1 399   0   0   0]
 [  4   0 374   6  16]
 [  5   0  69 318   8]
 [  1   0  61  12 326]]",1392.7744913101196,0.8074767589569092,SAINT,,,
42.0,SAINT,N_BaIoT_1000,-1,l05_exponential_kernel,QuantileTransformer,SAINT,0.9981274260071088,-1,-1,99.96296296296296,99.83333333333331,0.0208333333333333,99.83579638752052,99.83360488859118,-1.0,,"[[200   0   0   0   0   0   0   0   0]
 [  0 200   0   0   0   0   0   0   0]
 [  0   0 200   0   0   0   0   0   0]
 [  1   0   0 199   0   0   0   0   0]
 [  2   0   0   0 198   0   0   0   0]
 [  0   0   0   0   0 200   0   0   0]
 [  0   0   0   0   0   0 200   0   0]
 [  0   0   0   0   0   0   0 200   0]
 [  0   0   0   0   0   0   0   0 200]]",2072.6579325199127,1.043837308883667,SAINT,,,
42.0,SAINT,ToN_IoT_1000,-1,l05_exponential_kernel,QuantileTransformer,SAINT,0.9817505663114208,-1,-1,99.609375,98.23958333333334,0.2232142857142857,98.2964627611752,98.25673718097278,-1.0,,"[[192   0   2   0   2   0   3   1]
 [  0 119   0   0   0   0   0   1]
 [  4   0 196   0   0   0   0   0]
 [  7   0   0 193   0   0   0   0]
 [  5   0   0   0 195   0   0   0]
 [  1   0   0   0   0 399   0   0]
 [  0   0   0   0   0   0 200   0]
 [  0   0   2   0   0   2   0 396]]",598.9589607715607,0.2808101177215576,SAINT,,,
42.0,SAINT,UNSW_NB15_1000,-1,l05_exponential_kernel,QuantileTransformer,SAINT,0.6078039801004839,-1,-1,91.18466898954703,67.78571428571428,5.037332005973121,67.72717007296055,64.19149428720407,-1.0,,"[[198   1   0   1   0   0   0   0]
 [  0  41 119  19  21   0   0   0]
 [  2   0 161   5  21   1   6   4]
 [  0  12  43 102  27   2   3  11]
 [  3   2 106  39  37   1   5   7]
 [  0   3  16  13   7 161   0   0]
 [  1   0   0   3   0   0 196   0]
 [  0   0   0   2   0   0   0  33]]",474.7637622356415,0.2150096893310547,SAINT,,,
42.0,SGD,5G_NIDD_1000,-1,l05_exponential_kernel,QuantileTransformer,SGD,0.9521652458634796,-1,-1,99.03703703703704,95.66666666666669,0.5416666666666667,96.20431211029444,95.5964716717867,-1.0,,"[[144   0   0   2   0   0   0  54   0]
 [  1 196   0   0   0   3   0   0   0]
 [  0   0 200   0   0   0   0   0   0]
 [  0   0   0 200   0   0   0   0   0]
 [  0   0   0   0 200   0   0   0   0]
 [  0  10   0   0   0 190   0   0   0]
 [  0   0   1   0   0   1 198   0   0]
 [  0   0   0   0   0   0   0 200   0]
 [  5   0   0   0   1   0   0   0 194]]",0.1281821727752685,0.0005316734313964,SGD,,,
42.0,SGD,BoT_IoT_1000,-1,l05_exponential_kernel,QuantileTransformer,SGD,0.9813776583564644,-1,-1,99.48945981554678,98.12202380952382,0.3063241106719367,98.3502624056379,98.22714776159232,-1.0,,"[[193   3   2   0   2   0]
 [  5 392   3   0   0   0]
 [  0   3 397   0   0   0]
 [  0   0   0 400   0   0]
 [  0   2   2   0 396   0]
 [  4   1   4   0   0 215]]",0.4582269191741943,0.0020132064819335,SGD,,,
42.0,SGD,CIC_IoT2023_1000,-1,l05_exponential_kernel,QuantileTransformer,SGD,0.8713367745072291,-1,-1,96.98333333333332,85.05000000000001,1.81,84.4988040625387,84.47377904667105,-1.0,,"[[109   0   0   8  53  30]
 [  0 998   0   0   1   1]
 [  0   0 197   3   0   0]
 [  0   0   0 199   0   1]
 [ 40   0   0   6 133  21]
 [  7   1   0   5   4 183]]",0.4881517887115478,0.0,SGD,,,
42.0,SGD,Edge_IIoTset_1000,-1,l05_exponential_kernel,QuantileTransformer,SGD,0.5255162470661117,-1,-1,93.41333333333334,50.59999999999999,3.528571428571429,54.99256070685748,45.691191210053695,-1.0,,"[[ 83   0   0   0   0   0   0   0   0   1   0 103   0  13   0]
 [  0   0   0   0   0   0  12   6   0   2   0 179   1   0   0]
 [  4   0   0   0   0   0   0   0   1   0   0 194   0   1   0]
 [  0   0   0 200   0   0   0   0   0   0   0   0   0   0   0]
 [  0   0   0   0 157   0   3   0   0  40   0   0   0   0   0]
 [  0   0   0   0   0 200   0   0   0   0   0   0   0   0   0]
 [  0   0   0  31   0   0 124  16   0  29   0   0   0   0   0]
 [  3   0   0   0   0   0   0 197   0   0   0   0   0   0   0]
 [  0   0   0   0   0   0   0   0  10   0   0 179   0  10   1]
 [  0   0   0   0   0   0   4   5   0 191   0   0   0   0   0]
 [  0   0   0   0   0   0  15  18   0   9   0 158   0   0   0]
 [  4   0   0   0   0   0   0   0   0   0   0 196   0   0   0]
 [  6   0   0   0   0   0  14   0   0   9   0 167   4   0   0]
 [  1   0   0   0   0   0   0   0   0   0   0  43   0 156   0]
 [  4   0   0   0   0   0   0  12   4   0   0 167   0  13   0]]",0.8793048858642578,0.0,SGD,,,
42.0,SGD,IoTID20_2000,-1,l05_exponential_kernel,QuantileTransformer,SGD,0.723073551188084,-1,-1,90.78,76.95,5.7625,82.15122232455847,77.56994634212514,-1.0,,"[[343   0   9   0  48]
 [  3 397   0   0   0]
 [  0   0 235   3 162]
 [ 10   0  52 227 111]
 [  3   0  57   3 337]]",0.6408987045288086,0.0010433197021484,SGD,,,
42.0,SGD,N_BaIoT_1000,-1,l05_exponential_kernel,QuantileTransformer,SGD,0.9115922456379842,-1,-1,98.22222222222224,92.0,1.0,92.67193775624854,91.78835899246134,-1.0,,"[[199   0   0   0   1   0   0   0   0]
 [  0 171   0   0   1   0   0  25   3]
 [  0   0 196   3   0   0   0   1   0]
 [  1   0   3 196   0   0   0   0   0]
 [  1   0   0   0 198   0   0   0   1]
 [  0   0   0   0  22 177   0   1   0]
 [  0   0   0   0   0   0 200   0   0]
 [  0   2   2   1   4   0  72 119   0]
 [  0   0   0   0   0   0   0   0 200]]",0.4279682636260986,0.0019257068634033,SGD,,,
42.0,SGD,ToN_IoT_1000,-1,l05_exponential_kernel,QuantileTransformer,SGD,0.8954061925787893,-1,-1,97.734375,90.78125,1.2946428571428572,90.33418955496984,89.83669172679953,-1.0,,"[[170   1   4   0   3   1   2  19]
 [  1 117   0   0   0   2   0   0]
 [  3  16 171   0   0   5   0   5]
 [  6   0   0 191   0   0   0   3]
 [  8  19   4   0 160   1   0   8]
 [  1   0   0   0   0 399   0   0]
 [  0   3   0   0   0   0 194   3]
 [  1  41  13   0   0   1   0 344]]",0.7618498802185059,0.0041773319244384,SGD,,,
42.0,SGD,UNSW_NB15_1000,-1,l05_exponential_kernel,QuantileTransformer,SGD,0.5417724323354418,-1,-1,89.68641114982579,54.160714285714285,5.893479342956695,70.81281637545453,52.69282660310206,-1.0,,"[[197   1   0   2   0   0   0   0]
 [  0  71 122   5   0   2   0   0]
 [  0  26 121  17   0  26   9   1]
 [  1   2  70 105   0  18   4   0]
 [  1   2 141  38   1  13   2   2]
 [  0   0  29   5   0 166   0   0]
 [  0   0   0   3   0  20 177   0]
 [  0   0   0  17   0   9   4   5]]",1.2058618068695068,0.0,SGD,,,
42.0,TabNet,5G_NIDD_1000,-1,l05_exponential_kernel,QuantileTransformer,TabNet,0.9745330360528636,-1,-1,99.49382716049384,97.72222222222224,0.2847222222222222,97.86166859975648,97.7327056942001,-1.0,,"[[200   0   0   0   0   0   0   0   0]
 [  0 195   0   1   0   4   0   0   0]
 [  0   0 200   0   0   0   0   0   0]
 [  0   0   0 200   0   0   0   0   0]
 [  0   0   0   0 200   0   0   0   0]
 [  0   8   0   0   0 191   1   0   0]
 [  1   0   1   0   0   0 198   0   0]
 [ 17   0   0   0   0   0   0 183   0]
 [  6   0   0   0   1   0   0   1 192]]",40.42368841171265,0.0932650566101074,TabNet,,,
42.0,TabNet,BoT_IoT_1000,-1,l05_exponential_kernel,QuantileTransformer,TabNet,0.9945912552602908,-1,-1,99.85177865612648,99.35119047619048,0.0889328063241106,99.45800340624729,99.40372138003777,-1.0,,"[[195   0   0   2   3   0]
 [  2 398   0   0   0   0]
 [  0   0 400   0   0   0]
 [  0   0   0 400   0   0]
 [  0   0   0   0 400   0]
 [  2   0   0   0   0 222]]",43.98138642311096,0.0748026371002197,TabNet,,,
42.0,TabNet,CIC_IoT2023_1000,-1,l05_exponential_kernel,QuantileTransformer,TabNet,0.9088011353116064,-1,-1,97.83333333333334,89.16666666666666,1.3,91.01351269788994,89.27703988274912,-1.0,,"[[ 156    0    0    0   42    2]
 [   0 1000    0    0    0    0]
 [   0    0  199    1    0    0]
 [   0    1    0  198    0    1]
 [   9    0    1    1  184    5]
 [  13    0    0    0   54  133]]",42.97242403030396,0.0899572372436523,TabNet,,,
42.0,TabNet,Edge_IIoTset_1000,-1,l05_exponential_kernel,QuantileTransformer,TabNet,0.701036939121963,-1,-1,96.25333333333332,71.89999999999999,2.007142857142857,73.25768986474682,71.29566368762919,-1.0,,"[[175   0   0   0   0   0   1   0   5   0   0   0  12   0   7]
 [  0 127   0   0   1   0   3   6   0   0  57   0   6   0   0]
 [  2   0 164   0   0   0   0   0   8   0   0   6  16   0   4]
 [  0   0   0 200   0   0   0   0   0   0   0   0   0   0   0]
 [  0   9   0   0 138   0   0   0   0  41   0   0  12   0   0]
 [  0   0   0   0   0 200   0   0   0   0   0   0   0   0   0]
 [  0   4   0  31   8   0 124  16   0  12   0   0   5   0   0]
 [  0   0   0   0   0   0   0 200   0   0   0   0   0   0   0]
 [  3   0  32   0   0   0   0   0  53   0   0  40  40   7  25]
 [  0   0   0   0   0   0  14   5   0 181   0   0   0   0   0]
 [  0  49   0   0   0   0  10  18   0   0  98   0  25   0   0]
 [  0   0  62   0   0   0   0   0   5   0   0 103  26   0   4]
 [ 10   0  30   0   0   0   0   0   6   0   5  11 118   0  20]
 [  2   0   6   0   0   0   0   0   2   0   0   3   4 181   2]
 [  2   0  28   0   0   0   0  12   9   0   0  25  29   0  95]]",62.94599509239197,0.1446869373321533,TabNet,,,
42.0,TabNet,IoTID20_2000,-1,l05_exponential_kernel,QuantileTransformer,TabNet,0.8184481882461324,-1,-1,94.14,85.35000000000001,3.6625,86.4111744626593,85.5156328876077,-1.0,,"[[388   0   6   0   6]
 [  1 399   0   0   0]
 [  4   0 302   9  85]
 [ 10   0  68 293  29]
 [  3   0  66   6 325]]",50.08966851234436,0.1252081394195556,TabNet,,,
42.0,TabNet,N_BaIoT_1000,-1,l05_exponential_kernel,QuantileTransformer,TabNet,0.8880499140042553,-1,-1,97.66666666666669,89.5,1.3125,93.0665366540394,88.65535308198876,-1.0,,"[[196   0   3   0   1   0   0   0   0]
 [  0 200   0   0   0   0   0   0   0]
 [  0   0 200   0   0   0   0   0   0]
 [  1   0  49 150   0   0   0   0   0]
 [  1   0   1   0 198   0   0   0   0]
 [  0   0   0   0   0 197   0   3   0]
 [  0   0   0   0   0   0  70 130   0]
 [  0   0   0   0   0   0   0 200   0]
 [  0   0   0   0   0   0   0   0 200]]",51.43369507789612,0.125117540359497,TabNet,,,
42.0,TabNet,ToN_IoT_1000,-1,l05_exponential_kernel,QuantileTransformer,TabNet,0.9562339676266324,-1,-1,99.0625,94.91666666666669,0.5357142857142857,96.03122447284662,95.36576744282634,-1.0,,"[[190   0   2   1   2   0   2   3]
 [  7 100  13   0   0   0   0   0]
 [  6   0 184   0   0   1   0   9]
 [ 10   0   0 190   0   0   0   0]
 [  2   0   2   0 194   2   0   0]
 [  1   0   0   0   2 397   0   0]
 [  2   0   0   0   0   0 198   0]
 [  2   2   1   0   0   0   0 395]]",41.03558659553528,0.0930483341217041,TabNet,,,
42.0,TabNet,UNSW_NB15_1000,-1,l05_exponential_kernel,QuantileTransformer,TabNet,0.6240334580187662,-1,-1,91.3588850174216,66.9375,4.937779990044799,75.87656703040093,65.0431502152435,-1.0,,"[[197   1   0   1   0   0   1   0]
 [  0  79   0   3 118   0   0   0]
 [  1  27  21   7 124   8   9   3]
 [  0   3   1  96  78  15   4   3]
 [  1   2   0  28 151   7   4   7]
 [  1   0   0   0  30 169   0   0]
 [  0   0   0   0   1   1 198   0]
 [  0   0   0   2   0   3   2  28]]",31.568339347839355,0.0669360160827636,TabNet,,,
42.0,SpectralNFST-Tuned,BoT_IoT_1000,-1,l05_exponential_kernel,QuantileTransformer,SpectralNFST-Tuned,0.9951916608340916,,,99.86824769433466,99.47619047619048,0.0790513833992094,99.462562652774,99.4685865608095,,,"[[197   0   1   0   2   0]
 [  1 399   0   0   0   0]
 [  0   0 400   0   0   0]
 [  0   0   0 400   0   0]
 [  2   0   0   0 398   0]
 [  2   0   0   0   0 222]]",199.57338790001813,2.950703400012572,SpectralNFST-Tuned,1.0,0.01,final-best-config
42.0,SpectralNFST-Tuned,CIC_IoT2023_1000,-1,l05_exponential_kernel,QuantileTransformer,SpectralNFST-Tuned,0.9588845399496768,,,99.03333333333332,95.23333333333332,0.58,95.49529833359138,95.19272111395986,,,"[[192   0   0   0   2   6]
 [  0 999   0   1   0   0]
 [  0   0 199   1   0   0]
 [  0   0   0 200   0   0]
 [ 25   0   0   0 165  10]
 [ 11   0   0   0   2 187]]",197.77399509999668,9.963368900003845,SpectralNFST-Tuned,1.0,0.1,final-best-config
42.0,SpectralNFST-Tuned,ToN_IoT_1000,0,l05_exponential_kernel,QuantileTransformer,SpectralNFST-Tuned,0.9847869119670684,,,99.67447916666666,98.5,0.1860119047619047,98.49063701395715,98.488708460104,,,,134.81249620000017,4.802266700004111,SpectralNFST-Tuned,2.0,0.001,reused-gamma-grid
42.0,SpectralNFST-Tuned,UNSW_NB15_1000,0,l05_exponential_kernel,QuantileTransformer,SpectralNFST-Tuned,0.5214718492332461,,,89.65156794425087,59.92857142857143,5.913389746142359,59.43503523418483,59.38642506307983,,,,55.00038089999725,2.788119999997434,SpectralNFST-Tuned,2.0,0.1,reused-gamma-grid
42.0,SpectralNFST-Tuned,IoTID20_2000,-1,l05_exponential_kernel,QuantileTransformer,SpectralNFST-Tuned,0.902156121817036,,,96.86,92.15,1.9625,92.30359454871986,92.1745965927114,,,,158.44003280000106,7.396638600002916,SpectralNFST-Tuned,2.0,0.01,reused-gamma-grid
42.0,SpectralNFST-Tuned,N_BaIoT_1000,-1,l05_exponential_kernel,QuantileTransformer,SpectralNFST-Tuned,0.9981274260071088,,,99.96296296296296,99.83333333333331,0.0208333333333333,99.83579638752052,99.83360488859118,,,"[[200   0   0   0   0   0   0   0   0]
 [  0 200   0   0   0   0   0   0   0]
 [  0   0 200   0   0   0   0   0   0]
 [  1   0   0 199   0   0   0   0   0]
 [  2   0   0   0 198   0   0   0   0]
 [  0   0   0   0   0 200   0   0   0]
 [  0   0   0   0   0   0 200   0   0]
 [  0   0   0   0   0   0   0 200   0]
 [  0   0   0   0   0   0   0   0 200]]",173.83282279997366,10.270240399986506,SpectralNFST-Tuned,1.0,0.01,final-best-config
42.0,SpectralNFST-Tuned,Edge_IIoTset_1000,0,l05_exponential_kernel,QuantileTransformer,SpectralNFST-Tuned,0.7710117716452033,,,97.08,78.10000000000001,1.5642857142857145,83.44060254714744,77.23006522635477,,,"[[ 55  22   0   0   0   0  44   0   1  77   0   0   1   0   0]
 [  0 192   0   0   0   0   1   0   0   3   4   0   0   0   0]
 [  1   0 160   0   0   0   2   0   4   0   0  14   1   1  17]
 [  0   0   0 199   0   0   0   0   0   1   0   0   0   0   0]
 [  0   0   0   0 200   0   0   0   0   0   0   0   0   0   0]
 [  0   0   0   0   0 200   0   0   0   0   0   0   0   0   0]
 [  6  36   0   0   0   0  79   0   0  76   0   0   3   0   0]
 [  0 137   0   0   0   0   0  63   0   0   0   0   0   0   0]
 [  0   0  15   0   0   0   2   0 158   0   0  16   2   0   7]
 [  0   5   0   0   0   0   0   0   0 195   0   0   0   0   0]
 [  0  23   0   0   0   0   0   0   0  10 167   0   0   0   0]
 [  0   0  18   0   0   0   0   0   8   0   0 163   1   0  10]
 [  0   0   7   0   0   0   0   0   6   0   2   6 166   0  13]
 [  0   0   2   0   0   0   0   0   0   0   0   7   1 188   2]
 [  0  12  11   0   0   0   0   0   9   0   0   8   2   0 158]]",469.70787849999033,18.21939919999568,SpectralNFST-Tuned,5.0,0.1,final-best-config
42.0,SpectralNFST-Tuned,5G_NIDD_1000,-1,l05_exponential_kernel,QuantileTransformer,SpectralNFST-Tuned,0.9950079462757454,,,99.90123456790124,99.55555555555554,0.0555555555555555,99.56046286778084,99.55482691820158,,,"[[200   0   0   0   0   0   0   0   0]
 [  0 200   0   0   0   0   0   0   0]
 [  0   0 200   0   0   0   0   0   0]
 [  0   0   0 200   0   0   0   0   0]
 [  0   0   0   0 200   0   0   0   0]
 [  0   4   0   0   0 195   1   0   0]
 [  1   0   1   0   0   0 198   0   0]
 [  0   0   0   0   0   0   0 200   0]
 [  0   0   0   0   0   0   0   1 199]]",169.47134180000285,7.811324700014666,SpectralNFST-Tuned,1.0,0.01,final-best-config
