Dataset,Kernel,Gamma,Gamma used,Feature,Scaler,Q,Seed,MCC,ACC,F1 Macro,TPR Macro,FPR,PPV Macro,Training time,Test time
ToN_IoT_1000,l05_exponential_kernel,heuristic,19.670725410471025,-1,QuantileTransformer,2,42,0.19267463159438583,81.66666666666667,11.43479869105364,16.5625,10.476190476190476,40.26548672566372,142.42492389999825,4.918671400002495
ToN_IoT_1000,l05_exponential_kernel,0.001,0.001,-1,QuantileTransformer,2,42,0.9841769405241688,99.66145833333333,98.41127681995071,98.4375,0.19345238095238096,98.39649175402249,134.90282209999714,3.957175700001244
ToN_IoT_1000,l05_exponential_kernel,0.01,0.01,-1,QuantileTransformer,2,42,0.9817966130616625,99.609375,98.03179596589082,97.89583333333333,0.2232142857142857,98.24521835297823,157.2055005000002,4.678306199995859
ToN_IoT_1000,l05_exponential_kernel,0.1,0.1,-1,QuantileTransformer,2,42,0.9812451381271425,99.59635416666667,98.0609944110477,97.95833333333333,0.23065476190476192,98.28395922319456,133.0912290999986,4.694574100001773
ToN_IoT_1000,l05_exponential_kernel,1,1.0,-1,QuantileTransformer,2,42,0.9618564720599261,99.1796875,96.43018288371753,96.17708333333333,0.46875,96.89697074804151,136.6573725000053,4.762079200001608
ToN_IoT_1000,l05_exponential_kernel,10,10.0,-1,QuantileTransformer,2,42,0.2803366650971047,83.02083333333333,20.215704333348878,22.406249999999996,9.702380952380953,77.93427230046949,132.73144620000676,4.701566000003368
ToN_IoT_1000,l05_exponential_kernel,heuristic,19.022737807505266,0,QuantileTransformer,2,42,0.19818231449463328,81.74479166666667,11.840877341539532,16.8125,10.431547619047619,40.27469478357381,147.21876019999763,4.981670200002554
ToN_IoT_1000,l05_exponential_kernel,0.001,0.001,0,QuantileTransformer,2,42,0.9847869119670684,99.67447916666666,98.488708460104,98.50000000000001,0.18601190476190474,98.49063701395715,134.81249620000017,4.802266700004111
ToN_IoT_1000,l05_exponential_kernel,0.01,0.01,0,QuantileTransformer,2,42,0.9817966130616625,99.609375,98.03179596589082,97.89583333333333,0.2232142857142857,98.24521835297823,140.70643779999955,4.8188930000033
ToN_IoT_1000,l05_exponential_kernel,0.1,0.1,0,QuantileTransformer,2,42,0.9812451381271425,99.59635416666667,98.0609944110477,97.95833333333333,0.23065476190476192,98.28395922319456,138.2725879999998,5.018699399995967
ToN_IoT_1000,l05_exponential_kernel,1,1.0,0,QuantileTransformer,2,42,0.9606704348724091,99.15364583333334,96.31778584922603,96.08333333333333,0.4836309523809524,96.78790556955114,141.3062135,4.61126439999498
ToN_IoT_1000,l05_exponential_kernel,10,10.0,0,QuantileTransformer,2,42,0.2803366650971047,83.02083333333333,20.215704333348878,22.406249999999996,9.702380952380953,77.93427230046949,140.98576790000516,4.767895900004078
