Data Type,Poly,Kernel,SCALER,Model,MCC,NDR,AUC_N,ACC,TPR Macro,FPR,PPV Macro,F1 Macro,AUC,CLS Report,CFS Matrix,Training time,Test time
BoT_IoT_1000,-1,rbf,QuantileTransformer,SpectralNFST-Q1,0.931009140149148,-1,-1,98.05555555555556,94.16666666666667,1.1666666666666667,94.50520239993926,94.05928308367334,-1.0,,"[[16  0  1  2  0  1]
 [ 0 18  1  0  0  1]
 [ 0  0 20  0  0  0]
 [ 0  0  0 20  0  0]
 [ 0  0  0  0 20  0]
 [ 0  1  0  0  0 19]]",0.13294124603271484,0.003855466842651367
BoT_IoT_1000,-1,rbf,QuantileTransformer,SpectralNFST-Q2,0.9501583729276653,-1,-1,98.61111111111111,95.83333333333334,0.8333333333333334,95.90852130325814,95.83124869710234,-1.0,,"[[19  0  0  0  1  0]
 [ 0 18  1  0  0  1]
 [ 0  0 19  0  0  1]
 [ 0  0  0 20  0  0]
 [ 0  0  0  0 20  0]
 [ 0  1  0  0  0 19]]",0.1390063762664795,0.0
BoT_IoT_1000,-1,rbf,QuantileTransformer,SpectralNFST-Q3,0.9403919116284516,-1,-1,98.33333333333333,95.0,1.0,95.22309561783246,95.013616749817,-1.0,,"[[18  0  0  0  0  2]
 [ 0 18  1  0  0  1]
 [ 0  0 19  0  1  0]
 [ 0  0  0 20  0  0]
 [ 0  0  0  0 20  0]
 [ 0  1  0  0  0 19]]",0.17679119110107422,0.0
BoT_IoT_1000,-1,rbf,StandardScaler,SpectralNFST-Q1,0.9704044194463809,-1,-1,99.16666666666667,97.5,0.5,97.6911976911977,97.49530173150198,-1.0,,"[[18  0  0  2  0  0]
 [ 0 19  1  0  0  0]
 [ 0  0 20  0  0  0]
 [ 0  0  0 20  0  0]
 [ 0  0  0  0 20  0]
 [ 0  0  0  0  0 20]]",0.11921977996826172,0.007006168365478516
BoT_IoT_1000,-1,rbf,StandardScaler,SpectralNFST-Q2,0.9129719963557721,-1,-1,97.5,92.5,1.5,93.80536130536132,92.40322550424852,-1.0,,"[[14  0  0  6  0  0]
 [ 0 19  1  0  0  0]
 [ 0  0 20  0  0  0]
 [ 0  0  0 20  0  0]
 [ 0  0  0  0 19  1]
 [ 0  0  1  0  0 19]]",0.12331461906433105,0.0026848316192626953
BoT_IoT_1000,-1,rbf,StandardScaler,SpectralNFST-Q3,0.9407843138619401,-1,-1,98.33333333333333,95.0,1.0,95.36576949620428,94.98533679191648,-1.0,,"[[17  0  0  3  0  0]
 [ 0 19  1  0  0  0]
 [ 0  0 20  0  0  0]
 [ 0  0  0 20  0  0]
 [ 0  0  0  0 19  1]
 [ 0  1  0  0  0 19]]",0.10591602325439453,0.009882211685180664
BoT_IoT_1000,-1,rbf,RobustScaler,SpectralNFST-Q1,0.8303043607681431,-1,-1,95.0,85.0,3.0,90.35714285714285,85.85371482430307,-1.0,,"[[17  0  0  0  0  3]
 [ 0 17  0  0  0  3]
 [ 0  0 19  0  0  1]
 [ 1  0  0 15  0  4]
 [ 2  0  0  0 14  4]
 [ 0  0  0  0  0 20]]",0.10815930366516113,0.0
BoT_IoT_1000,-1,rbf,RobustScaler,SpectralNFST-Q2,0.8225717412532613,-1,-1,94.72222222222221,84.16666666666667,3.166666666666667,90.49049049049049,85.29683018847103,-1.0,,"[[16  0  0  0  0  4]
 [ 0 17  0  0  0  3]
 [ 0  0 19  0  0  1]
 [ 0  0  0 15  0  5]
 [ 2  0  0  0 14  4]
 [ 0  0  0  0  0 20]]",0.12123894691467285,0.013814926147460938
BoT_IoT_1000,-1,rbf,RobustScaler,SpectralNFST-Q3,0.8259406050010596,-1,-1,95.0,85.0,3.0,88.05602617391042,85.31538455856963,-1.0,,"[[16  0  0  0  0  4]
 [ 0 17  1  0  0  2]
 [ 0  0 19  0  1  0]
 [ 0  4  0 15  0  1]
 [ 1  0  0  0 15  4]
 [ 0  0  0  0  0 20]]",0.134901762008667,0.0020079612731933594
BoT_IoT_1000,-1,laplacian,QuantileTransformer,SpectralNFST-Q1,0.9801633741780126,-1,-1,99.44444444444444,98.33333333333334,0.33333333333333337,98.41269841269842,98.33229101521785,-1.0,,"[[20  0  0  0  0  0]
 [ 0 19  0  0  0  1]
 [ 1  0 19  0  0  0]
 [ 0  0  0 20  0  0]
 [ 0  0  0  0 20  0]
 [ 0  0  0  0  0 20]]",0.10257792472839355,0.0
BoT_IoT_1000,-1,laplacian,QuantileTransformer,SpectralNFST-Q2,0.9801633741780126,-1,-1,99.44444444444444,98.33333333333334,0.33333333333333337,98.41269841269842,98.33229101521785,-1.0,,"[[20  0  0  0  0  0]
 [ 0 19  0  0  0  1]
 [ 1  0 19  0  0  0]
 [ 0  0  0 20  0  0]
 [ 0  0  0  0 20  0]
 [ 0  0  0  0  0 20]]",0.1111445426940918,0.0
BoT_IoT_1000,-1,laplacian,QuantileTransformer,SpectralNFST-Q3,0.9801633741780126,-1,-1,99.44444444444444,98.33333333333334,0.33333333333333337,98.41269841269842,98.33229101521785,-1.0,,"[[20  0  0  0  0  0]
 [ 0 19  0  0  0  1]
 [ 1  0 19  0  0  0]
 [ 0  0  0 20  0  0]
 [ 0  0  0  0 20  0]
 [ 0  0  0  0  0 20]]",0.10711264610290527,0.012043237686157227
BoT_IoT_1000,-1,laplacian,StandardScaler,SpectralNFST-Q1,0.9900825103139325,-1,-1,99.72222222222223,99.16666666666667,0.16666666666666669,99.20634920634922,99.16614550760893,-1.0,,"[[20  0  0  0  0  0]
 [ 0 19  1  0  0  0]
 [ 0  0 20  0  0  0]
 [ 0  0  0 20  0  0]
 [ 0  0  0  0 20  0]
 [ 0  0  0  0  0 20]]",0.11070871353149414,0.0
BoT_IoT_1000,-1,laplacian,StandardScaler,SpectralNFST-Q2,0.9900825103139325,-1,-1,99.72222222222223,99.16666666666667,0.16666666666666669,99.20634920634922,99.16614550760893,-1.0,,"[[20  0  0  0  0  0]
 [ 0 19  1  0  0  0]
 [ 0  0 20  0  0  0]
 [ 0  0  0 20  0  0]
 [ 0  0  0  0 20  0]
 [ 0  0  0  0  0 20]]",0.10775303840637207,0.0
BoT_IoT_1000,-1,laplacian,StandardScaler,SpectralNFST-Q3,0.9900825103139325,-1,-1,99.72222222222223,99.16666666666667,0.16666666666666669,99.20634920634922,99.16614550760893,-1.0,,"[[20  0  0  0  0  0]
 [ 0 19  1  0  0  0]
 [ 0  0 20  0  0  0]
 [ 0  0  0 20  0  0]
 [ 0  0  0  0 20  0]
 [ 0  0  0  0  0 20]]",0.10568046569824219,0.008852481842041016
BoT_IoT_1000,-1,laplacian,RobustScaler,SpectralNFST-Q1,0.8768961362261849,-1,-1,96.38888888888889,89.16666666666666,2.166666666666667,92.91666666666667,89.80950730950731,-1.0,,"[[20  0  0  0  0  0]
 [ 2 17  1  0  0  0]
 [ 1  0 19  0  0  0]
 [ 1  0  0 19  0  0]
 [ 3  0  0  0 17  0]
 [ 5  0  0  0  0 15]]",0.11214232444763184,0.0010061264038085938
BoT_IoT_1000,-1,laplacian,RobustScaler,SpectralNFST-Q2,0.8778628229535509,-1,-1,96.38888888888889,89.16666666666666,2.166666666666667,93.43434343434342,89.97359374717865,-1.0,,"[[20  0  0  0  0  0]
 [ 3 17  0  0  0  0]
 [ 1  0 19  0  0  0]
 [ 1  0  0 19  0  0]
 [ 3  0  0  0 17  0]
 [ 5  0  0  0  0 15]]",0.11058545112609863,0.012867450714111328
BoT_IoT_1000,-1,laplacian,RobustScaler,SpectralNFST-Q3,0.8778628229535509,-1,-1,96.38888888888889,89.16666666666666,2.166666666666667,93.43434343434342,89.97359374717865,-1.0,,"[[20  0  0  0  0  0]
 [ 3 17  0  0  0  0]
 [ 1  0 19  0  0  0]
 [ 1  0  0 19  0  0]
 [ 3  0  0  0 17  0]
 [ 5  0  0  0  0 15]]",0.13638520240783691,0.0
BoT_IoT_1000,-1,linear,QuantileTransformer,SpectralNFST-Q1,0.5938728009841279,-1,-1,88.61111111111111,65.83333333333333,6.833333333333333,68.59494891073838,66.12665112665113,-1.0,,"[[10  2  0  5  0  3]
 [ 0 19  0  0  1  0]
 [ 1  3 16  0  0  0]
 [ 2  0  0  9  2  7]
 [ 0  1  0  0 13  6]
 [ 0  0  0  5  3 12]]",0.06825709342956543,0.0020029544830322266
BoT_IoT_1000,-1,linear,QuantileTransformer,SpectralNFST-Q2,0.7010523684217959,-1,-1,91.66666666666666,75.0,5.0,74.84335839598998,74.67751309214724,-1.0,,"[[15  0  1  3  1  0]
 [ 0 15  0  0  5  0]
 [ 1  0 16  2  0  1]
 [ 2  0  4 14  0  0]
 [ 1  9  0  0 10  0]
 [ 0  0  0  0  0 20]]",0.08029985427856445,0.0
BoT_IoT_1000,-1,linear,QuantileTransformer,SpectralNFST-Q3,0.9007509388039852,-1,-1,97.22222222222221,91.66666666666666,1.6666666666666667,91.68688208935887,91.48043782190123,-1.0,,"[[15  1  0  2  1  1]
 [ 3 16  0  0  0  1]
 [ 1  0 19  0  0  0]
 [ 0  0  0 20  0  0]
 [ 0  0  0  0 20  0]
 [ 0  0  0  0  0 20]]",0.07346439361572266,0.0
BoT_IoT_1000,-1,linear,StandardScaler,SpectralNFST-Q1,0.7144795397058111,-1,-1,91.94444444444444,75.83333333333334,4.833333333333333,77.33286845503183,75.4349069963688,-1.0,,"[[16  0  0  3  0  1]
 [ 1 11  1  0  5  2]
 [ 0  0 15  4  1  0]
 [ 1  0  1 12  4  2]
 [ 1  0  0  0 19  0]
 [ 0  2  0  0  0 18]]",0.06668400764465332,0.0020036697387695312
BoT_IoT_1000,-1,linear,StandardScaler,SpectralNFST-Q2,0.7495552717012651,-1,-1,92.77777777777779,78.33333333333333,4.333333333333334,80.38883976815012,76.67327334065394,-1.0,,"[[ 7  3  7  2  0  1]
 [ 0 18  2  0  0  0]
 [ 0  0 20  0  0  0]
 [ 2  0  0 13  0  5]
 [ 0  4  0  0 16  0]
 [ 0  0  0  0  0 20]]",0.08963346481323242,0.0020062923431396484
BoT_IoT_1000,-1,linear,StandardScaler,SpectralNFST-Q3,0.9407843138619401,-1,-1,98.33333333333333,95.0,1.0,95.32740632484877,94.97590875923264,-1.0,,"[[16  0  0  4  0  0]
 [ 0 19  1  0  0  0]
 [ 0  0 20  0  0  0]
 [ 1  0  0 19  0  0]
 [ 0  0  0  0 20  0]
 [ 0  0  0  0  0 20]]",0.0883932113647461,0.002004384994506836
BoT_IoT_1000,-1,linear,RobustScaler,SpectralNFST-Q1,0.8051153137701778,-1,-1,94.44444444444444,83.33333333333334,3.3333333333333335,84.50216450216452,82.6818783068783,-1.0,,"[[16  0  0  3  1  0]
 [ 0  9  1  0  0 10]
 [ 0  0 19  0  1  0]
 [ 0  0  0 19  1  0]
 [ 0  1  0  0 19  0]
 [ 0  2  0  0  0 18]]",0.08090472221374512,0.0
BoT_IoT_1000,-1,linear,RobustScaler,SpectralNFST-Q2,0.7086147948021323,-1,-1,91.66666666666666,75.0,5.0,76.09149029982363,73.1265934269689,-1.0,,"[[ 7  0  0  3  7  3]
 [ 0 14  4  2  0  0]
 [ 1  0 19  0  0  0]
 [ 2  0  2 11  1  4]
 [ 0  0  0  0 19  1]
 [ 0  0  0  0  0 20]]",0.08458495140075684,0.0020051002502441406
BoT_IoT_1000,-1,linear,RobustScaler,SpectralNFST-Q3,0.5338835297431368,-1,-1,86.66666666666667,60.0,8.0,61.56217056715158,57.23787447925378,-1.0,,"[[ 1  0  4  2 13  0]
 [ 1  9  8  1  1  0]
 [ 2  0 14  4  0  0]
 [ 0  0  5 15  0  0]
 [ 2  0  0  0 17  1]
 [ 0  0  1  3  0 16]]",0.07980775833129883,0.002007722854614258
