,Data Type,Poly,Kernel,SCALER,Model,MCC,NDR,AUC_N,ACC,TPR Macro,FPR,PPV Macro,F1 Macro,AUC,CLS Report,CFS Matrix,Training time,Test time
0,N_BaIoT,-1,rbf,QuantileTransformer,HHH,0.9694413147469553,-1,-1,99.39506172839506,97.27777777777779,0.34027777777777773,97.31794985559888,97.27100791605561,-1,"{'0Normal': {'precision': 0.9556650246305419, 'recall': 0.97, 'f1-score': 0.9627791563275434, 'support': 200.0}, 'ack': {'precision': 0.968421052631579, 'recall': 0.92, 'f1-score': 0.9435897435897436, 'support': 200.0}, 'combo': {'precision': 0.9468599033816425, 'recall': 0.98, 'f1-score': 0.9631449631449631, 'support': 200.0}, 'junk': {'precision': 0.9707317073170731, 'recall': 0.995, 'f1-score': 0.9827160493827161, 'support': 200.0}, 'scan': {'precision': 1.0, 'recall': 0.985, 'f1-score': 0.9924433249370277, 'support': 200.0}, 'syn': {'precision': 1.0, 'recall': 1.0, 'f1-score': 1.0, 'support': 200.0}, 'tcp': {'precision': 0.9569377990430622, 'recall': 1.0, 'f1-score': 0.9779951100244498, 'support': 200.0}, 'udp': {'precision': 0.96, 'recall': 0.96, 'f1-score': 0.96, 'support': 200.0}, 'udpplain': {'precision': 1.0, 'recall': 0.945, 'f1-score': 0.9717223650385605, 'support': 200.0}, 'accuracy': 0.9727777777777777, 'macro avg': {'precision': 0.9731794985559888, 'recall': 0.9727777777777779, 'f1-score': 0.9727100791605561, 'support': 1800.0}, 'weighted avg': {'precision': 0.9731794985559887, 'recall': 0.9727777777777777, 'f1-score': 0.972710079160556, 'support': 1800.0}}","[[194   5   1   0   0   0   0   0   0]
 [  5 184   9   2   0   0   0   0   0]
 [  0   1 196   3   0   0   0   0   0]
 [  1   0   0 199   0   0   0   0   0]
 [  1   0   1   1 197   0   0   0   0]
 [  0   0   0   0   0 200   0   0   0]
 [  0   0   0   0   0   0 200   0   0]
 [  1   0   0   0   0   0   7 192   0]
 [  1   0   0   0   0   0   2   8 189]]",10.286173343658447,0.10462737083435059
1,N_BaIoT,-1,poly,QuantileTransformer,HHH,0.8417110214916382,-1,-1,96.86419753086419,85.88888888888889,1.7638888888888888,86.10789387652433,85.79840347810017,-1,"{'0Normal': {'precision': 0.7081339712918661, 'recall': 0.74, 'f1-score': 0.7237163814180929, 'support': 200.0}, 'ack': {'precision': 0.8628571428571429, 'recall': 0.755, 'f1-score': 0.8053333333333333, 'support': 200.0}, 'combo': {'precision': 0.8260869565217391, 'recall': 0.855, 'f1-score': 0.8402948402948403, 'support': 200.0}, 'junk': {'precision': 0.8513513513513513, 'recall': 0.945, 'f1-score': 0.8957345971563981, 'support': 200.0}, 'scan': {'precision': 0.893048128342246, 'recall': 0.835, 'f1-score': 0.8630490956072352, 'support': 200.0}, 'syn': {'precision': 0.92, 'recall': 0.92, 'f1-score': 0.92, 'support': 200.0}, 'tcp': {'precision': 0.8928571428571429, 'recall': 1.0, 'f1-score': 0.9433962264150944, 'support': 200.0}, 'udp': {'precision': 0.861244019138756, 'recall': 0.9, 'f1-score': 0.8801955990220048, 'support': 200.0}, 'udpplain': {'precision': 0.9341317365269461, 'recall': 0.78, 'f1-score': 0.8501362397820164, 'support': 200.0}, 'accuracy': 0.8588888888888889, 'macro avg': {'precision': 0.8610789387652433, 'recall': 0.8588888888888888, 'f1-score': 0.8579840347810017, 'support': 1800.0}, 'weighted avg': {'precision': 0.8610789387652433, 'recall': 0.8588888888888889, 'f1-score': 0.8579840347810016, 'support': 1800.0}}","[[148  14  10   3   8   4   4   8   1]
 [ 25 151  18   5   0   1   0   0   0]
 [  3   8 171  14   2   1   0   1   0]
 [  1   0   5 189   4   1   0   0   0]
 [  7   1   2  11 167   7   3   0   2]
 [  3   1   1   0   4 184   6   0   1]
 [  0   0   0   0   0   0 200   0   0]
 [  3   0   0   0   1   0   9 180   7]
 [ 19   0   0   0   1   2   2  20 156]]",10.50690507888794,0.14679408073425293
2,N_BaIoT,-1,linear,QuantileTransformer,HHH,0.36323182166583906,-1,-1,87.24691358024691,42.611111111111114,7.173611111111111,44.78675230475651,38.62778459915164,-1,"{'0Normal': {'precision': 0.9629629629629629, 'recall': 0.65, 'f1-score': 0.7761194029850746, 'support': 200.0}, 'ack': {'precision': 0.08333333333333333, 'recall': 0.03, 'f1-score': 0.04411764705882353, 'support': 200.0}, 'combo': {'precision': 0.49528301886792453, 'recall': 0.525, 'f1-score': 0.5097087378640777, 'support': 200.0}, 'junk': {'precision': 0.3729903536977492, 'recall': 0.58, 'f1-score': 0.45401174168297453, 'support': 200.0}, 'scan': {'precision': 0.22413793103448276, 'recall': 0.26, 'f1-score': 0.24074074074074073, 'support': 200.0}, 'syn': {'precision': 0.30730478589420657, 'recall': 0.61, 'f1-score': 0.40871021775544386, 'support': 200.0}, 'tcp': {'precision': 0.5847953216374269, 'recall': 1.0, 'f1-score': 0.7380073800738007, 'support': 200.0}, 'udp': {'precision': 0.0, 'recall': 0.0, 'f1-score': 0.0, 'support': 200.0}, 'udpplain': {'precision': 1.0, 'recall': 0.18, 'f1-score': 0.3050847457627119, 'support': 200.0}, 'accuracy': 0.4261111111111111, 'macro avg': {'precision': 0.4478675230475651, 'recall': 0.42611111111111116, 'f1-score': 0.3862778459915164, 'support': 1800.0}, 'weighted avg': {'precision': 0.44786752304756516, 'recall': 0.4261111111111111, 'f1-score': 0.3862778459915163, 'support': 1800.0}}","[[130  34  15  11   5   5   0   0   0]
 [  0   6  30  64  43  45  11   1   0]
 [  1  25 105  62   3   3   1   0   0]
 [  1   6  54 116  22   1   0   0   0]
 [  2   1   6  36  52  99   4   0   0]
 [  0   0   0   1  67 122  10   0   0]
 [  0   0   0   0   0   0 200   0   0]
 [  0   0   2  21  40  59  78   0   0]
 [  1   0   0   0   0  63  38  62  36]]",10.021388530731201,0.03969717025756836
3,N_BaIoT,-1,sigmoid,QuantileTransformer,HHH,0.2788840071894869,-1,-1,85.18518518518519,33.33333333333333,8.333333333333332,33.12754894080161,27.856201429886134,-1,"{'0Normal': {'precision': 0.2251131221719457, 'recall': 0.995, 'f1-score': 0.3671586715867159, 'support': 200.0}, 'ack': {'precision': 0.3220338983050847, 'recall': 0.095, 'f1-score': 0.14671814671814673, 'support': 200.0}, 'combo': {'precision': 0.22077922077922077, 'recall': 0.085, 'f1-score': 0.12274368231046931, 'support': 200.0}, 'junk': {'precision': 0.1643835616438356, 'recall': 0.06, 'f1-score': 0.08791208791208792, 'support': 200.0}, 'scan': {'precision': 0.21238938053097345, 'recall': 0.12, 'f1-score': 0.15335463258785942, 'support': 200.0}, 'syn': {'precision': 0.3047619047619048, 'recall': 0.16, 'f1-score': 0.2098360655737705, 'support': 200.0}, 'tcp': {'precision': 0.6993006993006993, 'recall': 1.0, 'f1-score': 0.823045267489712, 'support': 200.0}, 'udp': {'precision': 0.5704225352112676, 'recall': 0.405, 'f1-score': 0.47368421052631576, 'support': 200.0}, 'udpplain': {'precision': 0.26229508196721313, 'recall': 0.08, 'f1-score': 0.12260536398467432, 'support': 200.0}, 'accuracy': 0.3333333333333333, 'macro avg': {'precision': 0.3312754894080161, 'recall': 0.3333333333333333, 'f1-score': 0.27856201429886135, 'support': 1800.0}, 'weighted avg': {'precision': 0.33127548940801615, 'recall': 0.3333333333333333, 'f1-score': 0.2785620142988613, 'support': 1800.0}}","[[199   0   0   0   0   0   0   1   0]
 [117  19  18  15  14   6   5   4   2]
 [129   6  17   7  16   8   6   6   5]
 [102  13  10  12  22  11   6  12  12]
 [ 69  10  16  21  24  31  16   7   6]
 [ 56   6  11  12  32  32  28  15   8]
 [  0   0   0   0   0   0 200   0   0]
 [ 65   4   5   3   2  12  16  81  12]
 [147   1   0   3   3   5   9  16  16]]",10.336903095245361,0.10719680786132812
4,N_BaIoT,-1,None,QuantileTransformer,HHH,0.3638594344452851,-1,-1,87.25925925925925,42.66666666666667,7.166666666666667,44.82644961565704,38.67776984938003,-1,"{'0Normal': {'precision': 0.9629629629629629, 'recall': 0.65, 'f1-score': 0.7761194029850746, 'support': 200.0}, 'ack': {'precision': 0.08333333333333333, 'recall': 0.03, 'f1-score': 0.04411764705882353, 'support': 200.0}, 'combo': {'precision': 0.49765258215962443, 'recall': 0.53, 'f1-score': 0.513317191283293, 'support': 200.0}, 'junk': {'precision': 0.3741935483870968, 'recall': 0.58, 'f1-score': 0.4549019607843137, 'support': 200.0}, 'scan': {'precision': 0.22413793103448276, 'recall': 0.26, 'f1-score': 0.24074074074074073, 'support': 200.0}, 'syn': {'precision': 0.30730478589420657, 'recall': 0.61, 'f1-score': 0.40871021775544386, 'support': 200.0}, 'tcp': {'precision': 0.5847953216374269, 'recall': 1.0, 'f1-score': 0.7380073800738007, 'support': 200.0}, 'udp': {'precision': 0.0, 'recall': 0.0, 'f1-score': 0.0, 'support': 200.0}, 'udpplain': {'precision': 1.0, 'recall': 0.18, 'f1-score': 0.3050847457627119, 'support': 200.0}, 'accuracy': 0.4266666666666667, 'macro avg': {'precision': 0.44826449615657044, 'recall': 0.4266666666666667, 'f1-score': 0.3867776984938003, 'support': 1800.0}, 'weighted avg': {'precision': 0.44826449615657044, 'recall': 0.4266666666666667, 'f1-score': 0.38677769849380017, 'support': 1800.0}}","[[130  34  15  11   5   5   0   0   0]
 [  0   6  30  64  43  45  11   1   0]
 [  1  25 106  61   3   3   1   0   0]
 [  1   6  54 116  22   1   0   0   0]
 [  2   1   6  36  52  99   4   0   0]
 [  0   0   0   1  67 122  10   0   0]
 [  0   0   0   0   0   0 200   0   0]
 [  0   0   2  21  40  59  78   0   0]
 [  1   0   0   0   0  63  38  62  36]]",10.013376951217651,0.007194995880126953
5,N_BaIoT,0,rbf,QuantileTransformer,HHH,0.9563346792153743,-1,-1,99.1358024691358,96.11111111111111,0.4861111111111111,96.16718628233065,96.10552560550177,-1,"{'0Normal': {'precision': 0.9651741293532339, 'recall': 0.97, 'f1-score': 0.9675810473815462, 'support': 200.0}, 'ack': {'precision': 0.956989247311828, 'recall': 0.89, 'f1-score': 0.9222797927461139, 'support': 200.0}, 'combo': {'precision': 0.9241706161137441, 'recall': 0.975, 'f1-score': 0.948905109489051, 'support': 200.0}, 'junk': {'precision': 0.9707317073170731, 'recall': 0.995, 'f1-score': 0.9827160493827161, 'support': 200.0}, 'scan': {'precision': 0.9849246231155779, 'recall': 0.98, 'f1-score': 0.9824561403508771, 'support': 200.0}, 'syn': {'precision': 0.9899497487437185, 'recall': 0.985, 'f1-score': 0.9874686716791979, 'support': 200.0}, 'tcp': {'precision': 0.9591836734693877, 'recall': 0.94, 'f1-score': 0.9494949494949495, 'support': 200.0}, 'udp': {'precision': 0.9142857142857143, 'recall': 0.96, 'f1-score': 0.9365853658536586, 'support': 200.0}, 'udpplain': {'precision': 0.9896373056994818, 'recall': 0.955, 'f1-score': 0.9720101781170484, 'support': 200.0}, 'accuracy': 0.9611111111111111, 'macro avg': {'precision': 0.9616718628233065, 'recall': 0.9611111111111111, 'f1-score': 0.9610552560550177, 'support': 1800.0}, 'weighted avg': {'precision': 0.9616718628233066, 'recall': 0.9611111111111111, 'f1-score': 0.9610552560550175, 'support': 1800.0}}","[[194   6   0   0   0   0   0   0   0]
 [  4 178  15   1   2   0   0   0   0]
 [  0   1 195   4   0   0   0   0   0]
 [  1   0   0 199   0   0   0   0   0]
 [  1   0   1   1 196   1   0   0   0]
 [  0   0   0   0   1 197   2   0   0]
 [  0   0   0   0   0   0 188  12   0]
 [  0   1   0   0   0   0   5 192   2]
 [  1   0   0   0   0   1   1   6 191]]",5.98328709602356,0.09194493293762207
6,N_BaIoT,0,poly,QuantileTransformer,HHH,0.7379727823031607,-1,-1,94.80246913580247,76.61111111111111,2.923611111111111,77.52169072853815,76.60399499720427,-1,"{'0Normal': {'precision': 0.596, 'recall': 0.745, 'f1-score': 0.6622222222222223, 'support': 200.0}, 'ack': {'precision': 0.7267080745341615, 'recall': 0.585, 'f1-score': 0.6481994459833795, 'support': 200.0}, 'combo': {'precision': 0.71, 'recall': 0.71, 'f1-score': 0.71, 'support': 200.0}, 'junk': {'precision': 0.7543859649122807, 'recall': 0.86, 'f1-score': 0.8037383177570093, 'support': 200.0}, 'scan': {'precision': 0.839572192513369, 'recall': 0.785, 'f1-score': 0.8113695090439277, 'support': 200.0}, 'syn': {'precision': 0.8737864077669902, 'recall': 0.9, 'f1-score': 0.8866995073891626, 'support': 200.0}, 'tcp': {'precision': 0.8541666666666666, 'recall': 0.82, 'f1-score': 0.8367346938775511, 'support': 200.0}, 'udp': {'precision': 0.7236842105263158, 'recall': 0.825, 'f1-score': 0.7710280373831776, 'support': 200.0}, 'udpplain': {'precision': 0.8986486486486487, 'recall': 0.665, 'f1-score': 0.764367816091954, 'support': 200.0}, 'accuracy': 0.7661111111111111, 'macro avg': {'precision': 0.7752169072853814, 'recall': 0.7661111111111112, 'f1-score': 0.7660399499720427, 'support': 1800.0}, 'weighted avg': {'precision': 0.7752169072853815, 'recall': 0.7661111111111111, 'f1-score': 0.7660399499720425, 'support': 1800.0}}","[[149  16  14   7   2   4   3   2   3]
 [ 43 117  32   6   1   1   0   0   0]
 [  3  26 142  25   3   0   1   0   0]
 [  1   0   9 172  16   2   0   0   0]
 [  5   2   1  15 157  15   3   1   1]
 [  3   0   2   2   6 180   7   0   0]
 [  0   0   0   0   0   0 164  36   0]
 [  5   0   0   1   2   2  14 165  11]
 [ 41   0   0   0   0   2   0  24 133]]",6.561779022216797,0.12654399871826172
7,N_BaIoT,0,linear,QuantileTransformer,HHH,0.3177057410927553,-1,-1,86.35802469135803,38.611111111111114,7.673611111111112,41.84107672078666,34.92210853282507,-1,"{'0Normal': {'precision': 0.9015151515151515, 'recall': 0.595, 'f1-score': 0.7168674698795181, 'support': 200.0}, 'ack': {'precision': 0.0, 'recall': 0.0, 'f1-score': 0.0, 'support': 200.0}, 'combo': {'precision': 0.4785276073619632, 'recall': 0.39, 'f1-score': 0.4297520661157025, 'support': 200.0}, 'junk': {'precision': 0.36065573770491804, 'recall': 0.55, 'f1-score': 0.43564356435643564, 'support': 200.0}, 'scan': {'precision': 0.14388489208633093, 'recall': 0.2, 'f1-score': 0.16736401673640167, 'support': 200.0}, 'syn': {'precision': 0.28501228501228504, 'recall': 0.58, 'f1-score': 0.38220757825370677, 'support': 200.0}, 'tcp': {'precision': 0.5813953488372093, 'recall': 1.0, 'f1-score': 0.7352941176470589, 'support': 200.0}, 'udp': {'precision': 0.014705882352941176, 'recall': 0.005, 'f1-score': 0.007462686567164179, 'support': 200.0}, 'udpplain': {'precision': 1.0, 'recall': 0.155, 'f1-score': 0.2683982683982684, 'support': 200.0}, 'accuracy': 0.3861111111111111, 'macro avg': {'precision': 0.4184107672078666, 'recall': 0.3861111111111111, 'f1-score': 0.3492210853282507, 'support': 1800.0}, 'weighted avg': {'precision': 0.4184107672078666, 'recall': 0.3861111111111111, 'f1-score': 0.3492210853282507, 'support': 1800.0}}","[[119  25  27  17   8   4   0   0   0]
 [  0   0   6  55  68  70   1   0   0]
 [  8  45  78  62   7   0   0   0   0]
 [  1   0  45 110  38   6   0   0   0]
 [  0   2   7  47  40  89  15   0   0]
 [  0   0   0   1  69 116  13   1   0]
 [  0   0   0   0   0   0 200   0   0]
 [  0   0   0  13  23  61 102   1   0]
 [  4   0   0   0  25  61  13  66  31]]",0.015567779541015625,0.008991241455078125
8,N_BaIoT,0,sigmoid,QuantileTransformer,HHH,0.18217912670557182,-1,-1,83.54320987654322,25.944444444444443,9.256944444444445,27.18850344615153,22.477131019311162,-1,"{'0Normal': {'precision': 0.2350835322195704, 'recall': 0.985, 'f1-score': 0.37957610789980734, 'support': 200.0}, 'ack': {'precision': 0.21495327102803738, 'recall': 0.115, 'f1-score': 0.1498371335504886, 'support': 200.0}, 'combo': {'precision': 0.10743801652892562, 'recall': 0.065, 'f1-score': 0.08099688473520249, 'support': 200.0}, 'junk': {'precision': 0.1865671641791045, 'recall': 0.125, 'f1-score': 0.1497005988023952, 'support': 200.0}, 'scan': {'precision': 0.16379310344827586, 'recall': 0.095, 'f1-score': 0.12025316455696203, 'support': 200.0}, 'syn': {'precision': 0.3170731707317073, 'recall': 0.195, 'f1-score': 0.24148606811145512, 'support': 200.0}, 'tcp': {'precision': 0.224, 'recall': 0.14, 'f1-score': 0.1723076923076923, 'support': 200.0}, 'udp': {'precision': 0.5502958579881657, 'recall': 0.465, 'f1-score': 0.5040650406504065, 'support': 200.0}, 'udpplain': {'precision': 0.44776119402985076, 'recall': 0.15, 'f1-score': 0.2247191011235955, 'support': 200.0}, 'accuracy': 0.2594444444444444, 'macro avg': {'precision': 0.2718850344615153, 'recall': 0.2594444444444444, 'f1-score': 0.22477131019311164, 'support': 1800.0}, 'weighted avg': {'precision': 0.2718850344615153, 'recall': 0.2594444444444444, 'f1-score': 0.22477131019311167, 'support': 1800.0}}","[[197   1   0   0   1   1   0   0   0]
 [100  23  30  11  12   8   9   7   0]
 [108  14  13  19  14  13  11   2   6]
 [ 65  21  30  25  21  14  15   3   6]
 [ 90  12  11  26  19  16  15   8   3]
 [ 31  14  18  27  28  39  18  17   8]
 [ 73  16  16  20  10  19  28  18   0]
 [ 42   4   2   6  11  10  18  93  14]
 [132   2   1   0   0   3  11  21  30]]",4.934415340423584,0.08825159072875977
9,N_BaIoT,0,None,QuantileTransformer,HHH,0.22342694748481787,-1,-1,84.4074074074074,29.833333333333336,8.770833333333334,36.71632494506195,28.676671865492352,-1,"{'0Normal': {'precision': 0.9416666666666667, 'recall': 0.565, 'f1-score': 0.70625, 'support': 200.0}, 'ack': {'precision': 0.029411764705882353, 'recall': 0.01, 'f1-score': 0.014925373134328358, 'support': 200.0}, 'combo': {'precision': 0.5674157303370787, 'recall': 0.505, 'f1-score': 0.5343915343915344, 'support': 200.0}, 'junk': {'precision': 0.3905109489051095, 'recall': 0.535, 'f1-score': 0.45147679324894513, 'support': 200.0}, 'scan': {'precision': 0.1875, 'recall': 0.24, 'f1-score': 0.21052631578947367, 'support': 200.0}, 'syn': {'precision': 0.16909620991253643, 'recall': 0.58, 'f1-score': 0.2618510158013544, 'support': 200.0}, 'tcp': {'precision': 0.0, 'recall': 0.0, 'f1-score': 0.0, 'support': 200.0}, 'udp': {'precision': 0.018867924528301886, 'recall': 0.005, 'f1-score': 0.007905138339920948, 'support': 200.0}, 'udpplain': {'precision': 1.0, 'recall': 0.245, 'f1-score': 0.39357429718875503, 'support': 200.0}, 'accuracy': 0.29833333333333334, 'macro avg': {'precision': 0.3671632494506195, 'recall': 0.29833333333333334, 'f1-score': 0.28676671865492354, 'support': 1800.0}, 'weighted avg': {'precision': 0.3671632494506195, 'recall': 0.29833333333333334, 'f1-score': 0.28676671865492354, 'support': 1800.0}}","[[113  33  23  11  11   7   0   2   0]
 [  0   2  11  38  72  67   9   1   0]
 [  1  25 101  65   8   0   0   0   0]
 [  1   8  36 107  45   3   0   0   0]
 [  2   0   7  38  48  80  25   0   0]
 [  0   0   0   3  48 116  33   0   0]
 [  0   0   0   0   0 200   0   0   0]
 [  0   0   0  12  21 130  36   1   0]
 [  3   0   0   0   3  83  13  49  49]]",0.013978958129882812,0.006665229797363281
10,N_BaIoT,2,rbf,QuantileTransformer,HHH,0.9569816695268513,-1,-1,99.14814814814815,96.16666666666666,0.47916666666666663,96.27374281377986,96.17775049065929,-1,"{'0Normal': {'precision': 0.9375, 'recall': 0.975, 'f1-score': 0.9558823529411765, 'support': 200.0}, 'ack': {'precision': 0.9736842105263158, 'recall': 0.925, 'f1-score': 0.9487179487179487, 'support': 200.0}, 'combo': {'precision': 0.970873786407767, 'recall': 1.0, 'f1-score': 0.9852216748768473, 'support': 200.0}, 'junk': {'precision': 0.9949748743718593, 'recall': 0.99, 'f1-score': 0.9924812030075187, 'support': 200.0}, 'scan': {'precision': 0.99, 'recall': 0.99, 'f1-score': 0.99, 'support': 200.0}, 'syn': {'precision': 0.9801980198019802, 'recall': 0.99, 'f1-score': 0.9850746268656716, 'support': 200.0}, 'tcp': {'precision': 0.9489795918367347, 'recall': 0.93, 'f1-score': 0.9393939393939394, 'support': 200.0}, 'udp': {'precision': 0.8738317757009346, 'recall': 0.935, 'f1-score': 0.9033816425120773, 'support': 200.0}, 'udpplain': {'precision': 0.9945945945945946, 'recall': 0.92, 'f1-score': 0.9558441558441558, 'support': 200.0}, 'accuracy': 0.9616666666666667, 'macro avg': {'precision': 0.9627374281377986, 'recall': 0.9616666666666666, 'f1-score': 0.9617775049065929, 'support': 1800.0}, 'weighted avg': {'precision': 0.9627374281377984, 'recall': 0.9616666666666667, 'f1-score': 0.9617775049065929, 'support': 1800.0}}","[[195   5   0   0   0   0   0   0   0]
 [  9 185   5   1   0   0   0   0   0]
 [  0   0 200   0   0   0   0   0   0]
 [  1   0   1 198   0   0   0   0   0]
 [  2   0   0   0 198   0   0   0   0]
 [  0   0   0   0   2 198   0   0   0]
 [  0   0   0   0   0   0 186  14   0]
 [  1   0   0   0   0   2   9 187   1]
 [  0   0   0   0   0   2   1  13 184]]",7.526633262634277,0.6866941452026367
11,N_BaIoT,2,poly,QuantileTransformer,HHH,0.9463594291357316,-1,-1,98.93827160493828,95.22222222222223,0.5972222222222222,95.25002039803147,95.1926817718069,-1,"{'0Normal': {'precision': 0.9027027027027027, 'recall': 0.835, 'f1-score': 0.8675324675324675, 'support': 200.0}, 'ack': {'precision': 0.8975609756097561, 'recall': 0.92, 'f1-score': 0.908641975308642, 'support': 200.0}, 'combo': {'precision': 0.92018779342723, 'recall': 0.98, 'f1-score': 0.9491525423728814, 'support': 200.0}, 'junk': {'precision': 0.9565217391304348, 'recall': 0.99, 'f1-score': 0.972972972972973, 'support': 200.0}, 'scan': {'precision': 0.9842931937172775, 'recall': 0.94, 'f1-score': 0.9616368286445013, 'support': 200.0}, 'syn': {'precision': 0.98, 'recall': 0.98, 'f1-score': 0.98, 'support': 200.0}, 'tcp': {'precision': 0.9615384615384616, 'recall': 1.0, 'f1-score': 0.9803921568627451, 'support': 200.0}, 'udp': {'precision': 0.9696969696969697, 'recall': 0.96, 'f1-score': 0.964824120603015, 'support': 200.0}, 'udpplain': {'precision': 1.0, 'recall': 0.965, 'f1-score': 0.9821882951653944, 'support': 200.0}, 'accuracy': 0.9522222222222222, 'macro avg': {'precision': 0.9525002039803147, 'recall': 0.9522222222222223, 'f1-score': 0.951926817718069, 'support': 1800.0}, 'weighted avg': {'precision': 0.9525002039803148, 'recall': 0.9522222222222222, 'f1-score': 0.9519268177180689, 'support': 1800.0}}","[[167  19  12   1   0   1   0   0   0]
 [ 12 184   3   0   1   0   0   0   0]
 [  0   1 196   3   0   0   0   0   0]
 [  0   1   1 198   0   0   0   0   0]
 [  3   0   0   5 188   3   1   0   0]
 [  0   0   1   0   2 196   0   1   0]
 [  0   0   0   0   0   0 200   0   0]
 [  1   0   0   0   0   0   7 192   0]
 [  2   0   0   0   0   0   0   5 193]]",7.8007283210754395,0.6993241310119629
12,N_BaIoT,2,linear,QuantileTransformer,HHH,0.598797429006702,-1,-1,91.9753086419753,63.888888888888886,4.513888888888888,65.65231229958506,62.96523006285833,-1,"{'0Normal': {'precision': 0.4959349593495935, 'recall': 0.915, 'f1-score': 0.6432337434094904, 'support': 200.0}, 'ack': {'precision': 0.6438356164383562, 'recall': 0.47, 'f1-score': 0.5433526011560693, 'support': 200.0}, 'combo': {'precision': 0.47674418604651164, 'recall': 0.41, 'f1-score': 0.44086021505376344, 'support': 200.0}, 'junk': {'precision': 0.575, 'recall': 0.46, 'f1-score': 0.5111111111111111, 'support': 200.0}, 'scan': {'precision': 0.6239669421487604, 'recall': 0.755, 'f1-score': 0.6832579185520362, 'support': 200.0}, 'syn': {'precision': 0.7894736842105263, 'recall': 0.675, 'f1-score': 0.7277628032345014, 'support': 200.0}, 'tcp': {'precision': 0.7490196078431373, 'recall': 0.955, 'f1-score': 0.8395604395604396, 'support': 200.0}, 'udp': {'precision': 0.7840909090909091, 'recall': 0.69, 'f1-score': 0.7340425531914894, 'support': 200.0}, 'udpplain': {'precision': 0.7706422018348624, 'recall': 0.42, 'f1-score': 0.5436893203883495, 'support': 200.0}, 'accuracy': 0.6388888888888888, 'macro avg': {'precision': 0.6565231229958507, 'recall': 0.6388888888888888, 'f1-score': 0.6296523006285834, 'support': 1800.0}, 'weighted avg': {'precision': 0.6565231229958507, 'recall': 0.6388888888888888, 'f1-score': 0.6296523006285835, 'support': 1800.0}}","[[183   2   2   2   3   4   1   2   1]
 [ 60  94  31   7   4   1   0   3   0]
 [ 23  38  82  42  12   2   1   0   0]
 [ 10   7  38  92  41   9   3   0   0]
 [ 16   4   5   6 151  10   3   3   2]
 [  3   0   3   5  23 135  25   5   1]
 [  0   0   0   0   0   0 191   9   0]
 [ 10   0   0   1   0   4  26 138  21]
 [ 64   1  11   5   8   6   5  16  84]]",11.114826679229736,0.6973955631256104
13,N_BaIoT,2,sigmoid,QuantileTransformer,HHH,0.13385238191788296,-1,-1,82.5679012345679,21.555555555555557,9.805555555555557,22.24264448898464,17.140978712253673,-1,"{'0Normal': {'precision': 0.20750782064650677, 'recall': 0.995, 'f1-score': 0.34339948231233824, 'support': 200.0}, 'ack': {'precision': 0.3466666666666667, 'recall': 0.13, 'f1-score': 0.1890909090909091, 'support': 200.0}, 'combo': {'precision': 0.12162162162162163, 'recall': 0.045, 'f1-score': 0.06569343065693431, 'support': 200.0}, 'junk': {'precision': 0.25925925925925924, 'recall': 0.105, 'f1-score': 0.1494661921708185, 'support': 200.0}, 'scan': {'precision': 0.13924050632911392, 'recall': 0.055, 'f1-score': 0.07885304659498207, 'support': 200.0}, 'syn': {'precision': 0.29333333333333333, 'recall': 0.11, 'f1-score': 0.16, 'support': 200.0}, 'tcp': {'precision': 0.1871345029239766, 'recall': 0.16, 'f1-score': 0.1725067385444744, 'support': 200.0}, 'udp': {'precision': 0.30177514792899407, 'recall': 0.255, 'f1-score': 0.2764227642276423, 'support': 200.0}, 'udpplain': {'precision': 0.1452991452991453, 'recall': 0.085, 'f1-score': 0.10725552050473186, 'support': 200.0}, 'accuracy': 0.21555555555555556, 'macro avg': {'precision': 0.22242644488984642, 'recall': 0.21555555555555556, 'f1-score': 0.17140978712253674, 'support': 1800.0}, 'weighted avg': {'precision': 0.22242644488984642, 'recall': 0.21555555555555556, 'f1-score': 0.17140978712253677, 'support': 1800.0}}","[[199   0   0   1   0   0   0   0   0]
 [108  26  20  15  11   4   8   3   5]
 [126   9   9  11  10   7  14   9   5]
 [ 84  19  19  21  12  14  15   8   8]
 [133   5   8   9  11  10   7  11   6]
 [ 58  11  17  19  23  22  17  15  18]
 [ 66   0   0   0   0   0  32  55  47]
 [ 51   4   0   4   9  10  60  51  11]
 [134   1   1   1   3   8  18  17  17]]",5.952373504638672,0.5980958938598633
14,N_BaIoT,2,None,QuantileTransformer,HHH,0.5567780272724511,-1,-1,91.07407407407408,59.833333333333336,5.020833333333333,62.57100956675766,58.54679931214473,-1,"{'0Normal': {'precision': 0.4272930648769575, 'recall': 0.955, 'f1-score': 0.5904173106646059, 'support': 200.0}, 'ack': {'precision': 0.632, 'recall': 0.395, 'f1-score': 0.48615384615384616, 'support': 200.0}, 'combo': {'precision': 0.3873239436619718, 'recall': 0.275, 'f1-score': 0.3216374269005848, 'support': 200.0}, 'junk': {'precision': 0.5477707006369427, 'recall': 0.43, 'f1-score': 0.48179271708683474, 'support': 200.0}, 'scan': {'precision': 0.5887445887445888, 'recall': 0.68, 'f1-score': 0.6310904872389791, 'support': 200.0}, 'syn': {'precision': 0.7245508982035929, 'recall': 0.605, 'f1-score': 0.659400544959128, 'support': 200.0}, 'tcp': {'precision': 0.7575757575757576, 'recall': 1.0, 'f1-score': 0.8620689655172413, 'support': 200.0}, 'udp': {'precision': 0.7818181818181819, 'recall': 0.645, 'f1-score': 0.7068493150684931, 'support': 200.0}, 'udpplain': {'precision': 0.7843137254901961, 'recall': 0.4, 'f1-score': 0.5298013245033113, 'support': 200.0}, 'accuracy': 0.5983333333333334, 'macro avg': {'precision': 0.6257100956675766, 'recall': 0.5983333333333334, 'f1-score': 0.5854679931214473, 'support': 1800.0}, 'weighted avg': {'precision': 0.6257100956675766, 'recall': 0.5983333333333334, 'f1-score': 0.5854679931214471, 'support': 1800.0}}","[[191   0   2   2   1   3   0   1   0]
 [ 61  79  32  15   4   3   1   3   2]
 [ 60  24  55  33  19   6   1   0   2]
 [ 13  14  38  86  40   2   4   3   0]
 [ 12   5   7   4 136  17   9   8   2]
 [  5   0   5  10  27 121  19  10   3]
 [  0   0   0   0   0   0 200   0   0]
 [ 23   0   0   1   1   8  25 129  13]
 [ 82   3   3   6   3   7   5  11  80]]",2.5750887393951416,0.013570308685302734
15,N_BaIoT,-1,rbf,StandardScaler,HHH,0.9290080383851236,-1,-1,98.55555555555556,93.5,0.8125,94.73386222902782,93.27962160592988,-1,"{'0Normal': {'precision': 0.9560975609756097, 'recall': 0.98, 'f1-score': 0.9679012345679012, 'support': 200.0}, 'ack': {'precision': 0.9846153846153847, 'recall': 0.96, 'f1-score': 0.9721518987341772, 'support': 200.0}, 'combo': {'precision': 0.9747474747474747, 'recall': 0.965, 'f1-score': 0.9698492462311558, 'support': 200.0}, 'junk': {'precision': 0.9658536585365853, 'recall': 0.99, 'f1-score': 0.9777777777777777, 'support': 200.0}, 'scan': {'precision': 0.9797979797979798, 'recall': 0.97, 'f1-score': 0.9748743718592965, 'support': 200.0}, 'syn': {'precision': 0.9800995024875622, 'recall': 0.985, 'f1-score': 0.9825436408977556, 'support': 200.0}, 'tcp': {'precision': 0.7117437722419929, 'recall': 1.0, 'f1-score': 0.8316008316008316, 'support': 200.0}, 'udp': {'precision': 0.9831932773109243, 'recall': 0.585, 'f1-score': 0.7335423197492164, 'support': 200.0}, 'udpplain': {'precision': 0.98989898989899, 'recall': 0.98, 'f1-score': 0.9849246231155779, 'support': 200.0}, 'accuracy': 0.935, 'macro avg': {'precision': 0.9473386222902782, 'recall': 0.935, 'f1-score': 0.9327962160592987, 'support': 1800.0}, 'weighted avg': {'precision': 0.9473386222902781, 'recall': 0.935, 'f1-score': 0.9327962160592989, 'support': 1800.0}}","[[196   3   1   0   0   0   0   0   0]
 [  4 192   3   0   1   0   0   0   0]
 [  0   0 193   7   0   0   0   0   0]
 [  1   0   0 198   1   0   0   0   0]
 [  1   0   0   0 194   4   0   0   1]
 [  0   0   1   0   2 197   0   0   0]
 [  0   0   0   0   0   0 200   0   0]
 [  1   0   0   0   0   0  81 117   1]
 [  2   0   0   0   0   0   0   2 196]]",10.277294874191284,0.10205674171447754
16,N_BaIoT,-1,poly,StandardScaler,HHH,0.9196082556935751,-1,-1,98.37037037037038,92.66666666666666,0.9166666666666666,93.9105756497012,92.47238081076047,-1,"{'0Normal': {'precision': 0.925, 'recall': 0.925, 'f1-score': 0.925, 'support': 200.0}, 'ack': {'precision': 0.979381443298969, 'recall': 0.95, 'f1-score': 0.9644670050761421, 'support': 200.0}, 'combo': {'precision': 0.9746192893401016, 'recall': 0.96, 'f1-score': 0.9672544080604534, 'support': 200.0}, 'junk': {'precision': 0.9386792452830188, 'recall': 0.995, 'f1-score': 0.9660194174757282, 'support': 200.0}, 'scan': {'precision': 0.97, 'recall': 0.97, 'f1-score': 0.97, 'support': 200.0}, 'syn': {'precision': 0.985, 'recall': 0.985, 'f1-score': 0.985, 'support': 200.0}, 'tcp': {'precision': 0.7092198581560284, 'recall': 1.0, 'f1-score': 0.8298755186721992, 'support': 200.0}, 'udp': {'precision': 0.9752066115702479, 'recall': 0.59, 'f1-score': 0.735202492211838, 'support': 200.0}, 'udpplain': {'precision': 0.9948453608247423, 'recall': 0.965, 'f1-score': 0.9796954314720813, 'support': 200.0}, 'accuracy': 0.9266666666666666, 'macro avg': {'precision': 0.939105756497012, 'recall': 0.9266666666666666, 'f1-score': 0.9247238081076047, 'support': 1800.0}, 'weighted avg': {'precision': 0.9391057564970121, 'recall': 0.9266666666666666, 'f1-score': 0.9247238081076047, 'support': 1800.0}}","[[185   4   0   4   3   2   1   1   0]
 [  4 190   5   1   0   0   0   0   0]
 [  0   0 192   8   0   0   0   0   0]
 [  1   0   0 199   0   0   0   0   0]
 [  4   0   0   0 194   1   1   0   0]
 [  0   0   0   0   3 197   0   0   0]
 [  0   0   0   0   0   0 200   0   0]
 [  1   0   0   0   0   0  80 118   1]
 [  5   0   0   0   0   0   0   2 193]]",10.427729368209839,0.14287829399108887
17,N_BaIoT,-1,linear,StandardScaler,HHH,0.16176836247330137,-1,-1,83.33333333333334,25.0,9.375,31.39777068504798,24.350684759859735,-1,"{'0Normal': {'precision': 0.7692307692307693, 'recall': 0.5, 'f1-score': 0.6060606060606061, 'support': 200.0}, 'ack': {'precision': 0.1388888888888889, 'recall': 0.075, 'f1-score': 0.09740259740259741, 'support': 200.0}, 'combo': {'precision': 0.3492063492063492, 'recall': 0.55, 'f1-score': 0.42718446601941745, 'support': 200.0}, 'junk': {'precision': 0.2297734627831715, 'recall': 0.355, 'f1-score': 0.27897838899803534, 'support': 200.0}, 'scan': {'precision': 0.2593984962406015, 'recall': 0.345, 'f1-score': 0.296137339055794, 'support': 200.0}, 'syn': {'precision': 0.0783132530120482, 'recall': 0.195, 'f1-score': 0.11174785100286533, 'support': 200.0}, 'tcp': {'precision': 0.0, 'recall': 0.0, 'f1-score': 0.0, 'support': 200.0}, 'udp': {'precision': 0.022727272727272728, 'recall': 0.005, 'f1-score': 0.00819672131147541, 'support': 200.0}, 'udpplain': {'precision': 0.9782608695652174, 'recall': 0.225, 'f1-score': 0.36585365853658536, 'support': 200.0}, 'accuracy': 0.25, 'macro avg': {'precision': 0.3139777068504798, 'recall': 0.25, 'f1-score': 0.24350684759859734, 'support': 1800.0}, 'weighted avg': {'precision': 0.3139777068504799, 'recall': 0.25, 'f1-score': 0.2435068475985974, 'support': 1800.0}}","[[100  70  19  10   0   1   0   0   0]
 [  4  15  38  56  49  26   9   3   0]
 [  0  13 110  77   0   0   0   0   0]
 [  2   5 120  71   0   2   0   0   0]
 [ 14   0   2  11  69  95   6   2   1]
 [  0   0  11  50  89  39  10   1   0]
 [  0   0   0   0   0 200   0   0   0]
 [  0   5  15  32  40 103   4   1   0]
 [ 10   0   0   2  19  32  55  37  45]]",10.047910690307617,0.02988600730895996
18,N_BaIoT,-1,sigmoid,StandardScaler,HHH,0.5301359368987518,-1,-1,90.5679012345679,57.55555555555555,5.305555555555555,57.891147671893485,54.884878169668596,-1,"{'0Normal': {'precision': 0.4424778761061947, 'recall': 0.75, 'f1-score': 0.5565862708719852, 'support': 200.0}, 'ack': {'precision': 0.6140350877192983, 'recall': 0.35, 'f1-score': 0.445859872611465, 'support': 200.0}, 'combo': {'precision': 0.5955555555555555, 'recall': 0.67, 'f1-score': 0.6305882352941177, 'support': 200.0}, 'junk': {'precision': 0.6535087719298246, 'recall': 0.745, 'f1-score': 0.6962616822429907, 'support': 200.0}, 'scan': {'precision': 0.6634615384615384, 'recall': 0.69, 'f1-score': 0.6764705882352942, 'support': 200.0}, 'syn': {'precision': 0.7323943661971831, 'recall': 0.52, 'f1-score': 0.6081871345029239, 'support': 200.0}, 'tcp': {'precision': 0.5509641873278237, 'recall': 1.0, 'f1-score': 0.7104795737122558, 'support': 200.0}, 'udp': {'precision': 0.2911392405063291, 'recall': 0.115, 'f1-score': 0.16487455197132617, 'support': 200.0}, 'udpplain': {'precision': 0.6666666666666666, 'recall': 0.34, 'f1-score': 0.4503311258278146, 'support': 200.0}, 'accuracy': 0.5755555555555556, 'macro avg': {'precision': 0.5789114767189348, 'recall': 0.5755555555555555, 'f1-score': 0.5488487816966859, 'support': 1800.0}, 'weighted avg': {'precision': 0.5789114767189348, 'recall': 0.5755555555555556, 'f1-score': 0.5488487816966859, 'support': 1800.0}}","[[150  24   8   2   5   5   4   0   2]
 [ 66  70  41  10   6   1   4   0   2]
 [  8  15 134  41   1   0   1   0   0]
 [  1   2  28 149  17   2   1   0   0]
 [ 10   0  10  17 138  17   4   3   1]
 [  7   1   4   7  36 104  31  10   0]
 [  0   0   0   0   0   0 200   0   0]
 [ 27   1   0   2   4   8 106  23  29]
 [ 70   1   0   0   1   5  12  43  68]]",10.269165992736816,0.10721278190612793
19,N_BaIoT,-1,None,StandardScaler,HHH,0.16176836247330137,-1,-1,83.33333333333334,25.0,9.375,31.39777068504798,24.350684759859735,-1,"{'0Normal': {'precision': 0.7692307692307693, 'recall': 0.5, 'f1-score': 0.6060606060606061, 'support': 200.0}, 'ack': {'precision': 0.1388888888888889, 'recall': 0.075, 'f1-score': 0.09740259740259741, 'support': 200.0}, 'combo': {'precision': 0.3492063492063492, 'recall': 0.55, 'f1-score': 0.42718446601941745, 'support': 200.0}, 'junk': {'precision': 0.2297734627831715, 'recall': 0.355, 'f1-score': 0.27897838899803534, 'support': 200.0}, 'scan': {'precision': 0.2593984962406015, 'recall': 0.345, 'f1-score': 0.296137339055794, 'support': 200.0}, 'syn': {'precision': 0.0783132530120482, 'recall': 0.195, 'f1-score': 0.11174785100286533, 'support': 200.0}, 'tcp': {'precision': 0.0, 'recall': 0.0, 'f1-score': 0.0, 'support': 200.0}, 'udp': {'precision': 0.022727272727272728, 'recall': 0.005, 'f1-score': 0.00819672131147541, 'support': 200.0}, 'udpplain': {'precision': 0.9782608695652174, 'recall': 0.225, 'f1-score': 0.36585365853658536, 'support': 200.0}, 'accuracy': 0.25, 'macro avg': {'precision': 0.3139777068504798, 'recall': 0.25, 'f1-score': 0.24350684759859734, 'support': 1800.0}, 'weighted avg': {'precision': 0.3139777068504799, 'recall': 0.25, 'f1-score': 0.2435068475985974, 'support': 1800.0}}","[[100  70  19  10   0   1   0   0   0]
 [  4  15  38  56  49  26   9   3   0]
 [  0  13 110  77   0   0   0   0   0]
 [  2   5 120  71   0   2   0   0   0]
 [ 14   0   2  11  69  95   6   2   1]
 [  0   0  11  50  89  39  10   1   0]
 [  0   0   0   0   0 200   0   0   0]
 [  0   5  15  32  40 103   4   1   0]
 [ 10   0   0   2  19  32  55  37  45]]",10.008542537689209,0.007147312164306641
20,N_BaIoT,0,rbf,StandardScaler,HHH,0.8220066183340223,-1,-1,96.1358024691358,82.6111111111111,2.173611111111111,80.64158236164177,79.75806494090611,-1,"{'0Normal': {'precision': 0.9609756097560975, 'recall': 0.985, 'f1-score': 0.9728395061728395, 'support': 200.0}, 'ack': {'precision': 0.9896373056994818, 'recall': 0.955, 'f1-score': 0.9720101781170484, 'support': 200.0}, 'combo': {'precision': 0.9698492462311558, 'recall': 0.965, 'f1-score': 0.9674185463659147, 'support': 200.0}, 'junk': {'precision': 0.9611650485436893, 'recall': 0.99, 'f1-score': 0.9753694581280788, 'support': 200.0}, 'scan': {'precision': 0.9949494949494949, 'recall': 0.985, 'f1-score': 0.9899497487437185, 'support': 200.0}, 'syn': {'precision': 0.41631799163179917, 'recall': 0.995, 'f1-score': 0.5870206489675516, 'support': 200.0}, 'tcp': {'precision': 0.0, 'recall': 0.0, 'f1-score': 0.0, 'support': 200.0}, 'udp': {'precision': 0.975, 'recall': 0.585, 'f1-score': 0.73125, 'support': 200.0}, 'udpplain': {'precision': 0.9898477157360406, 'recall': 0.975, 'f1-score': 0.982367758186398, 'support': 200.0}, 'accuracy': 0.8261111111111111, 'macro avg': {'precision': 0.8064158236164176, 'recall': 0.826111111111111, 'f1-score': 0.7975806494090611, 'support': 1800.0}, 'weighted avg': {'precision': 0.8064158236164177, 'recall': 0.8261111111111111, 'f1-score': 0.797580649409061, 'support': 1800.0}}","[[197   2   1   0   0   0   0   0   0]
 [  2 191   4   1   0   0   0   1   1]
 [  0   0 193   7   0   0   0   0   0]
 [  1   0   1 198   0   0   0   0   0]
 [  2   0   0   0 197   1   0   0   0]
 [  0   0   0   0   1 199   0   0   0]
 [  0   0   0   0   0 200   0   0   0]
 [  1   0   0   0   0  78   3 117   1]
 [  2   0   0   0   0   0   1   2 195]]",2.9285941123962402,0.07289314270019531
21,N_BaIoT,0,poly,StandardScaler,HHH,0.8095074193483949,-1,-1,95.88888888888889,81.5,2.3125,79.59346306571553,78.69701042240794,-1,"{'0Normal': {'precision': 0.9521276595744681, 'recall': 0.895, 'f1-score': 0.9226804123711341, 'support': 200.0}, 'ack': {'precision': 0.955, 'recall': 0.955, 'f1-score': 0.955, 'support': 200.0}, 'combo': {'precision': 0.946078431372549, 'recall': 0.965, 'f1-score': 0.9554455445544554, 'support': 200.0}, 'junk': {'precision': 0.9567307692307693, 'recall': 0.995, 'f1-score': 0.9754901960784313, 'support': 200.0}, 'scan': {'precision': 0.9796954314720813, 'recall': 0.965, 'f1-score': 0.9722921914357683, 'support': 200.0}, 'syn': {'precision': 0.41164241164241167, 'recall': 0.99, 'f1-score': 0.5814977973568282, 'support': 200.0}, 'tcp': {'precision': 0.0, 'recall': 0.0, 'f1-score': 0.0, 'support': 200.0}, 'udp': {'precision': 0.9672131147540983, 'recall': 0.59, 'f1-score': 0.7329192546583851, 'support': 200.0}, 'udpplain': {'precision': 0.9949238578680203, 'recall': 0.98, 'f1-score': 0.9874055415617129, 'support': 200.0}, 'accuracy': 0.815, 'macro avg': {'precision': 0.7959346306571553, 'recall': 0.8150000000000001, 'f1-score': 0.7869701042240794, 'support': 1800.0}, 'weighted avg': {'precision': 0.7959346306571553, 'recall': 0.815, 'f1-score': 0.7869701042240794, 'support': 1800.0}}","[[179   7   7   2   2   3   0   0   0]
 [  4 191   4   1   0   0   0   0   0]
 [  0   1 193   6   0   0   0   0   0]
 [  1   0   0 199   0   0   0   0   0]
 [  1   1   0   0 193   2   0   2   1]
 [  0   0   0   0   2 198   0   0   0]
 [  0   0   0   0   0 200   0   0   0]
 [  1   0   0   0   0  78   3 118   0]
 [  2   0   0   0   0   0   0   2 196]]",2.5885181427001953,0.09298014640808105
22,N_BaIoT,0,linear,StandardScaler,HHH,0.004045526099188988,-1,-1,80.32098765432099,11.444444444444441,11.069444444444445,10.710233478076256,6.336223772033772,-1,"{'0Normal': {'precision': 0.22684563758389262, 'recall': 0.845, 'f1-score': 0.3576719576719577, 'support': 200.0}, 'ack': {'precision': 0.04234527687296417, 'recall': 0.065, 'f1-score': 0.05128205128205128, 'support': 200.0}, 'combo': {'precision': 0.029069767441860465, 'recall': 0.025, 'f1-score': 0.026881720430107527, 'support': 200.0}, 'junk': {'precision': 0.0, 'recall': 0.0, 'f1-score': 0.0, 'support': 200.0}, 'scan': {'precision': 0.0449438202247191, 'recall': 0.04, 'f1-score': 0.042328042328042326, 'support': 200.0}, 'syn': {'precision': 0.037383177570093455, 'recall': 0.02, 'f1-score': 0.026058631921824105, 'support': 200.0}, 'tcp': {'precision': 0.0, 'recall': 0.0, 'f1-score': 0.0, 'support': 200.0}, 'udp': {'precision': 0.0, 'recall': 0.0, 'f1-score': 0.0, 'support': 200.0}, 'udpplain': {'precision': 0.5833333333333334, 'recall': 0.035, 'f1-score': 0.0660377358490566, 'support': 200.0}, 'accuracy': 0.11444444444444445, 'macro avg': {'precision': 0.10710233478076257, 'recall': 0.11444444444444442, 'f1-score': 0.06336223772033772, 'support': 1800.0}, 'weighted avg': {'precision': 0.10710233478076257, 'recall': 0.11444444444444445, 'f1-score': 0.06336223772033772, 'support': 1800.0}}","[[169  23   6   1   0   0   0   1   0]
 [  4  13  49  42  60  26   5   1   0]
 [105  90   5   0   0   0   0   0   0]
 [  6 165  27   0   2   0   0   0   0]
 [164   1   0  11   8   6   2   3   5]
 [ 12   7  54  91  31   4   1   0   0]
 [200   0   0   0   0   0   0   0   0]
 [ 79   7  26  32  44  12   0   0   0]
 [  6   1   5  23  33  59  40  26   7]]",0.0060405731201171875,0.008138179779052734
23,N_BaIoT,0,sigmoid,StandardScaler,HHH,0.48195937152176194,-1,-1,89.55555555555556,53.0,5.875,54.37552952600999,51.03862736904505,-1,"{'0Normal': {'precision': 0.5095541401273885, 'recall': 0.8, 'f1-score': 0.622568093385214, 'support': 200.0}, 'ack': {'precision': 0.7416666666666667, 'recall': 0.445, 'f1-score': 0.55625, 'support': 200.0}, 'combo': {'precision': 0.6597510373443983, 'recall': 0.795, 'f1-score': 0.7210884353741497, 'support': 200.0}, 'junk': {'precision': 0.7251184834123223, 'recall': 0.765, 'f1-score': 0.7445255474452555, 'support': 200.0}, 'scan': {'precision': 0.28509719222462204, 'recall': 0.66, 'f1-score': 0.39819004524886875, 'support': 200.0}, 'syn': {'precision': 0.7823529411764706, 'recall': 0.665, 'f1-score': 0.7189189189189189, 'support': 200.0}, 'tcp': {'precision': 0.0, 'recall': 0.0, 'f1-score': 0.0, 'support': 200.0}, 'udp': {'precision': 0.49122807017543857, 'recall': 0.28, 'f1-score': 0.35668789808917195, 'support': 200.0}, 'udpplain': {'precision': 0.6990291262135923, 'recall': 0.36, 'f1-score': 0.4752475247524752, 'support': 200.0}, 'accuracy': 0.53, 'macro avg': {'precision': 0.5437552952600999, 'recall': 0.53, 'f1-score': 0.5103862736904505, 'support': 1800.0}, 'weighted avg': {'precision': 0.5437552952600999, 'recall': 0.53, 'f1-score': 0.5103862736904504, 'support': 1800.0}}","[[160  11  11   3   5   7   1   2   0]
 [ 62  89  34   6   5   3   0   0   1]
 [  3  19 159  18   1   0   0   0   0]
 [  2   0  31 153  12   0   1   1   0]
 [  7   0   6  25 132  21   8   1   0]
 [  5   0   0   3  27 133  28   3   1]
 [  0   0   0   0 200   0   0   0   0]
 [ 13   1   0   1  80   4  16  56  29]
 [ 62   0   0   2   1   2  10  51  72]]",2.2060678005218506,0.06699323654174805
24,N_BaIoT,0,None,StandardScaler,HHH,0.05703575488850917,-1,-1,81.30864197530863,15.888888888888891,10.51388888888889,17.10686989233884,11.398889502040529,-1,"{'0Normal': {'precision': 0.2341678939617084, 'recall': 0.795, 'f1-score': 0.36177474402730375, 'support': 200.0}, 'ack': {'precision': 0.13333333333333333, 'recall': 0.17, 'f1-score': 0.14945054945054945, 'support': 200.0}, 'combo': {'precision': 0.17028985507246377, 'recall': 0.235, 'f1-score': 0.19747899159663865, 'support': 200.0}, 'junk': {'precision': 0.027624309392265192, 'recall': 0.025, 'f1-score': 0.026246719160104987, 'support': 200.0}, 'scan': {'precision': 0.08, 'recall': 0.06, 'f1-score': 0.06857142857142857, 'support': 200.0}, 'syn': {'precision': 0.09420289855072464, 'recall': 0.065, 'f1-score': 0.07692307692307693, 'support': 200.0}, 'tcp': {'precision': 0.0, 'recall': 0.0, 'f1-score': 0.0, 'support': 200.0}, 'udp': {'precision': 0.0, 'recall': 0.0, 'f1-score': 0.0, 'support': 200.0}, 'udpplain': {'precision': 0.8, 'recall': 0.08, 'f1-score': 0.14545454545454545, 'support': 200.0}, 'accuracy': 0.15888888888888889, 'macro avg': {'precision': 0.17106869892338838, 'recall': 0.1588888888888889, 'f1-score': 0.1139888950204053, 'support': 1800.0}, 'weighted avg': {'precision': 0.17106869892338838, 'recall': 0.15888888888888889, 'f1-score': 0.11398889502040532, 'support': 1800.0}}","[[159  19  16   4   0   0   1   0   1]
 [  4  34  25  37  44  45  11   0   0]
 [ 67  81  47   5   0   0   0   0   0]
 [  1  85 107   5   2   0   0   0   0]
 [151  12   0  11  12   4   1   6   3]
 [ 11  10  53  74  35  13   2   2   0]
 [200   0   0   0   0   0   0   0   0]
 [ 79  13  21  26  29  26   6   0   0]
 [  7   1   7  19  28  50  40  32  16]]",0.008928775787353516,0.006613254547119141
25,N_BaIoT,2,rbf,StandardScaler,HHH,0.9268165803320176,-1,-1,98.50617283950616,93.27777777777777,0.8402777777777778,94.68969299981178,93.02569248697753,-1,"{'0Normal': {'precision': 0.9523809523809523, 'recall': 1.0, 'f1-score': 0.975609756097561, 'support': 200.0}, 'ack': {'precision': 0.9945945945945946, 'recall': 0.92, 'f1-score': 0.9558441558441558, 'support': 200.0}, 'combo': {'precision': 0.943127962085308, 'recall': 0.995, 'f1-score': 0.9683698296836983, 'support': 200.0}, 'junk': {'precision': 0.9802955665024631, 'recall': 0.995, 'f1-score': 0.9875930521091811, 'support': 200.0}, 'scan': {'precision': 1.0, 'recall': 0.965, 'f1-score': 0.9821882951653944, 'support': 200.0}, 'syn': {'precision': 0.9851485148514851, 'recall': 0.995, 'f1-score': 0.9900497512437811, 'support': 200.0}, 'tcp': {'precision': 0.6993006993006993, 'recall': 1.0, 'f1-score': 0.823045267489712, 'support': 200.0}, 'udp': {'precision': 0.9826086956521739, 'recall': 0.565, 'f1-score': 0.7174603174603175, 'support': 200.0}, 'udpplain': {'precision': 0.9846153846153847, 'recall': 0.96, 'f1-score': 0.9721518987341772, 'support': 200.0}, 'accuracy': 0.9327777777777778, 'macro avg': {'precision': 0.9468969299981178, 'recall': 0.9327777777777777, 'f1-score': 0.9302569248697754, 'support': 1800.0}, 'weighted avg': {'precision': 0.9468969299981178, 'recall': 0.9327777777777778, 'f1-score': 0.9302569248697754, 'support': 1800.0}}","[[200   0   0   0   0   0   0   0   0]
 [  5 184   8   2   0   0   0   0   1]
 [  0   0 199   1   0   0   0   0   0]
 [  1   0   0 199   0   0   0   0   0]
 [  1   1   2   1 193   2   0   0   0]
 [  0   0   0   0   0 199   1   0   0]
 [  0   0   0   0   0   0 200   0   0]
 [  1   0   2   0   0   1  81 113   2]
 [  2   0   0   0   0   0   4   2 192]]",3.3610494136810303,0.5109000205993652
26,N_BaIoT,2,poly,StandardScaler,HHH,0.9217216565714613,-1,-1,98.4074074074074,92.83333333333333,0.8958333333333334,94.18130001294102,92.62165393561898,-1,"{'0Normal': {'precision': 0.9303482587064676, 'recall': 0.935, 'f1-score': 0.9326683291770573, 'support': 200.0}, 'ack': {'precision': 0.9740932642487047, 'recall': 0.94, 'f1-score': 0.9567430025445293, 'support': 200.0}, 'combo': {'precision': 0.970873786407767, 'recall': 1.0, 'f1-score': 0.9852216748768473, 'support': 200.0}, 'junk': {'precision': 0.9660194174757282, 'recall': 0.995, 'f1-score': 0.9802955665024631, 'support': 200.0}, 'scan': {'precision': 0.9897959183673469, 'recall': 0.97, 'f1-score': 0.9797979797979798, 'support': 200.0}, 'syn': {'precision': 0.9949494949494949, 'recall': 0.985, 'f1-score': 0.9899497487437185, 'support': 200.0}, 'tcp': {'precision': 0.6944444444444444, 'recall': 1.0, 'f1-score': 0.819672131147541, 'support': 200.0}, 'udp': {'precision': 0.9661016949152542, 'recall': 0.57, 'f1-score': 0.7169811320754716, 'support': 200.0}, 'udpplain': {'precision': 0.9896907216494846, 'recall': 0.96, 'f1-score': 0.9746192893401016, 'support': 200.0}, 'accuracy': 0.9283333333333333, 'macro avg': {'precision': 0.9418130001294102, 'recall': 0.9283333333333333, 'f1-score': 0.9262165393561899, 'support': 1800.0}, 'weighted avg': {'precision': 0.9418130001294103, 'recall': 0.9283333333333333, 'f1-score': 0.9262165393561899, 'support': 1800.0}}","[[187   5   2   2   2   0   1   1   0]
 [  6 188   4   2   0   0   0   0   0]
 [  0   0 200   0   0   0   0   0   0]
 [  1   0   0 199   0   0   0   0   0]
 [  1   0   0   3 194   1   1   0   0]
 [  0   0   0   0   0 197   3   0   0]
 [  0   0   0   0   0   0 200   0   0]
 [  3   0   0   0   0   0  81 114   2]
 [  3   0   0   0   0   0   2   3 192]]",3.152033805847168,0.5191285610198975
27,N_BaIoT,2,linear,StandardScaler,HHH,0.7875205502556485,-1,-1,95.58024691358025,80.11111111111111,2.486111111111111,76.93659852601716,77.3860153506986,-1,"{'0Normal': {'precision': 0.8298969072164949, 'recall': 0.805, 'f1-score': 0.817258883248731, 'support': 200.0}, 'ack': {'precision': 0.9558011049723757, 'recall': 0.865, 'f1-score': 0.9081364829396326, 'support': 200.0}, 'combo': {'precision': 0.8888888888888888, 'recall': 0.96, 'f1-score': 0.9230769230769231, 'support': 200.0}, 'junk': {'precision': 0.9004524886877828, 'recall': 0.995, 'f1-score': 0.9453681710213777, 'support': 200.0}, 'scan': {'precision': 0.9679144385026738, 'recall': 0.905, 'f1-score': 0.9354005167958657, 'support': 200.0}, 'syn': {'precision': 0.9646464646464646, 'recall': 0.955, 'f1-score': 0.9597989949748744, 'support': 200.0}, 'tcp': {'precision': 0.0, 'recall': 0.0, 'f1-score': 0.0, 'support': 200.0}, 'udp': {'precision': 0.4473684210526316, 'recall': 0.935, 'f1-score': 0.6051779935275081, 'support': 200.0}, 'udpplain': {'precision': 0.9693251533742331, 'recall': 0.79, 'f1-score': 0.8705234159779615, 'support': 200.0}, 'accuracy': 0.8011111111111111, 'macro avg': {'precision': 0.7693659852601716, 'recall': 0.8011111111111111, 'f1-score': 0.773860153506986, 'support': 1800.0}, 'weighted avg': {'precision': 0.7693659852601716, 'recall': 0.8011111111111111, 'f1-score': 0.773860153506986, 'support': 1800.0}}","[[161   7  14   8   4   1   0   3   2]
 [ 15 173   9   1   0   1   1   0   0]
 [  0   1 192   7   0   0   0   0   0]
 [  1   0   0 199   0   0   0   0   0]
 [  5   0   1   6 181   4   3   0   0]
 [  0   0   0   0   1 191   8   0   0]
 [  0   0   0   0   0   0   0 200   0]
 [  2   0   0   0   1   1   6 187   3]
 [ 10   0   0   0   0   0   4  28 158]]",1.9663658142089844,0.37735533714294434
28,N_BaIoT,2,sigmoid,StandardScaler,HHH,0.5062128683739375,-1,-1,90.12345679012346,55.55555555555556,5.555555555555555,56.48611849680203,53.410333072010374,-1,"{'0Normal': {'precision': 0.4221556886227545, 'recall': 0.705, 'f1-score': 0.5280898876404494, 'support': 200.0}, 'ack': {'precision': 0.648854961832061, 'recall': 0.425, 'f1-score': 0.513595166163142, 'support': 200.0}, 'combo': {'precision': 0.5630252100840336, 'recall': 0.67, 'f1-score': 0.6118721461187214, 'support': 200.0}, 'junk': {'precision': 0.5919282511210763, 'recall': 0.66, 'f1-score': 0.624113475177305, 'support': 200.0}, 'scan': {'precision': 0.6, 'recall': 0.57, 'f1-score': 0.5846153846153846, 'support': 200.0}, 'syn': {'precision': 0.6451612903225806, 'recall': 0.5, 'f1-score': 0.5633802816901409, 'support': 200.0}, 'tcp': {'precision': 0.5830903790087464, 'recall': 1.0, 'f1-score': 0.7366482504604052, 'support': 200.0}, 'udp': {'precision': 0.39, 'recall': 0.195, 'f1-score': 0.26, 'support': 200.0}, 'udpplain': {'precision': 0.6395348837209303, 'recall': 0.275, 'f1-score': 0.38461538461538464, 'support': 200.0}, 'accuracy': 0.5555555555555556, 'macro avg': {'precision': 0.5648611849680203, 'recall': 0.5555555555555556, 'f1-score': 0.5341033307201037, 'support': 1800.0}, 'weighted avg': {'precision': 0.5648611849680203, 'recall': 0.5555555555555556, 'f1-score': 0.5341033307201036, 'support': 1800.0}}","[[141  28  13   4   2   5   2   1   4]
 [ 60  85  35  11   3   5   0   1   0]
 [  3  13 134  49   1   0   0   0   0]
 [  2   5  45 132  12   3   1   0   0]
 [ 32   0   5  19 114  22   2   4   2]
 [  1   0   4   4  55 100  28   7   1]
 [  0   0   0   0   0   0 200   0   0]
 [ 19   0   1   1   3  12 101  39  24]
 [ 76   0   1   3   0   8   9  48  55]]",2.4415078163146973,0.45268988609313965
29,N_BaIoT,2,None,StandardScaler,HHH,0.8469290485370905,-1,-1,96.92592592592592,86.16666666666669,1.7291666666666667,87.24221527304744,85.84892907391146,-1,"{'0Normal': {'precision': 0.8292682926829268, 'recall': 0.85, 'f1-score': 0.8395061728395061, 'support': 200.0}, 'ack': {'precision': 0.9345238095238095, 'recall': 0.785, 'f1-score': 0.8532608695652174, 'support': 200.0}, 'combo': {'precision': 0.8491379310344828, 'recall': 0.985, 'f1-score': 0.9120370370370371, 'support': 200.0}, 'junk': {'precision': 0.9255813953488372, 'recall': 0.995, 'f1-score': 0.9590361445783132, 'support': 200.0}, 'scan': {'precision': 0.9779005524861878, 'recall': 0.885, 'f1-score': 0.9291338582677166, 'support': 200.0}, 'syn': {'precision': 0.965, 'recall': 0.965, 'f1-score': 0.965, 'support': 200.0}, 'tcp': {'precision': 0.6711409395973155, 'recall': 1.0, 'f1-score': 0.8032128514056225, 'support': 200.0}, 'udp': {'precision': 0.7304964539007093, 'recall': 0.515, 'f1-score': 0.6041055718475073, 'support': 200.0}, 'udpplain': {'precision': 0.96875, 'recall': 0.775, 'f1-score': 0.8611111111111112, 'support': 200.0}, 'accuracy': 0.8616666666666667, 'macro avg': {'precision': 0.8724221527304743, 'recall': 0.8616666666666668, 'f1-score': 0.8584892907391146, 'support': 1800.0}, 'weighted avg': {'precision': 0.8724221527304743, 'recall': 0.8616666666666667, 'f1-score': 0.8584892907391145, 'support': 1800.0}}","[[170  11   8   1   3   3   0   3   1]
 [ 15 157  26   0   0   0   1   1   0]
 [  0   0 197   3   0   0   0   0   0]
 [  1   0   0 199   0   0   0   0   0]
 [  5   0   1  11 177   3   2   1   0]
 [  0   0   0   0   1 193   6   0   0]
 [  0   0   0   0   0   0 200   0   0]
 [  3   0   0   1   0   0  89 103   4]
 [ 11   0   0   0   0   1   0  33 155]]",0.9231529235839844,0.013409137725830078
30,N_BaIoT,-1,rbf,MinMaxScaler,HHH,0.7101149760094063,-1,-1,94.17283950617283,73.77777777777777,3.277777777777778,76.52732316488938,73.27976460549782,-1,"{'0Normal': {'precision': 0.9470899470899471, 'recall': 0.895, 'f1-score': 0.9203084832904884, 'support': 200.0}, 'ack': {'precision': 0.8676470588235294, 'recall': 0.59, 'f1-score': 0.7023809523809523, 'support': 200.0}, 'combo': {'precision': 0.6275510204081632, 'recall': 0.615, 'f1-score': 0.6212121212121212, 'support': 200.0}, 'junk': {'precision': 0.6373239436619719, 'recall': 0.905, 'f1-score': 0.7479338842975206, 'support': 200.0}, 'scan': {'precision': 0.8372093023255814, 'recall': 0.9, 'f1-score': 0.8674698795180723, 'support': 200.0}, 'syn': {'precision': 0.9122807017543859, 'recall': 0.78, 'f1-score': 0.8409703504043127, 'support': 200.0}, 'tcp': {'precision': 0.5865102639296188, 'recall': 1.0, 'f1-score': 0.7393715341959335, 'support': 200.0}, 'udp': {'precision': 0.5135135135135135, 'recall': 0.38, 'f1-score': 0.4367816091954023, 'support': 200.0}, 'udpplain': {'precision': 0.9583333333333334, 'recall': 0.575, 'f1-score': 0.71875, 'support': 200.0}, 'accuracy': 0.7377777777777778, 'macro avg': {'precision': 0.7652732316488938, 'recall': 0.7377777777777778, 'f1-score': 0.7327976460549782, 'support': 1800.0}, 'weighted avg': {'precision': 0.7652732316488939, 'recall': 0.7377777777777778, 'f1-score': 0.732797646054978, 'support': 1800.0}}","[[179  18   1   1   1   0   0   0   0]
 [  3 118  54  14   6   4   1   0   0]
 [  0   0 123  77   0   0   0   0   0]
 [  1   0  18 181   0   0   0   0   0]
 [  1   0   0   9 180   7   2   1   0]
 [  0   0   0   2  25 156  15   2   0]
 [  0   0   0   0   0   0 200   0   0]
 [  0   0   0   0   2   2 115  76   5]
 [  5   0   0   0   1   2   8  69 115]]",11.274781465530396,0.10243988037109375
31,N_BaIoT,-1,poly,MinMaxScaler,HHH,0.7173305993773286,-1,-1,94.32098765432099,74.44444444444444,3.194444444444444,77.07736904564109,74.0003209709285,-1,"{'0Normal': {'precision': 0.9411764705882353, 'recall': 0.88, 'f1-score': 0.9095607235142119, 'support': 200.0}, 'ack': {'precision': 0.8671328671328671, 'recall': 0.62, 'f1-score': 0.7230320699708455, 'support': 200.0}, 'combo': {'precision': 0.625615763546798, 'recall': 0.635, 'f1-score': 0.630272952853598, 'support': 200.0}, 'junk': {'precision': 0.6642335766423357, 'recall': 0.91, 'f1-score': 0.7679324894514767, 'support': 200.0}, 'scan': {'precision': 0.8272727272727273, 'recall': 0.91, 'f1-score': 0.8666666666666667, 'support': 200.0}, 'syn': {'precision': 0.9329268292682927, 'recall': 0.765, 'f1-score': 0.8406593406593407, 'support': 200.0}, 'tcp': {'precision': 0.5899705014749262, 'recall': 1.0, 'f1-score': 0.7421150278293135, 'support': 200.0}, 'udp': {'precision': 0.5374149659863946, 'recall': 0.395, 'f1-score': 0.4553314121037464, 'support': 200.0}, 'udpplain': {'precision': 0.9512195121951219, 'recall': 0.585, 'f1-score': 0.7244582043343654, 'support': 200.0}, 'accuracy': 0.7444444444444445, 'macro avg': {'precision': 0.770773690456411, 'recall': 0.7444444444444445, 'f1-score': 0.740003209709285, 'support': 1800.0}, 'weighted avg': {'precision': 0.770773690456411, 'recall': 0.7444444444444445, 'f1-score': 0.740003209709285, 'support': 1800.0}}","[[176  19   3   0   1   0   0   0   1]
 [  2 124  55  11   5   2   1   0   0]
 [  0   0 127  72   1   0   0   0   0]
 [  1   0  17 182   0   0   0   0   0]
 [  1   0   1   7 182   6   2   1   0]
 [  0   0   0   2  28 153  16   1   0]
 [  0   0   0   0   0   0 200   0   0]
 [  1   0   0   0   2   2 111  79   5]
 [  6   0   0   0   1   1   9  66 117]]",11.745406150817871,0.14351463317871094
32,N_BaIoT,-1,linear,MinMaxScaler,HHH,0.2909452185936516,-1,-1,85.82716049382717,36.22222222222222,7.972222222222222,38.455847475923264,32.791467506729944,-1,"{'0Normal': {'precision': 0.8189655172413793, 'recall': 0.475, 'f1-score': 0.6012658227848101, 'support': 200.0}, 'ack': {'precision': 0.0875, 'recall': 0.035, 'f1-score': 0.05, 'support': 200.0}, 'combo': {'precision': 0.22941176470588234, 'recall': 0.195, 'f1-score': 0.21081081081081082, 'support': 200.0}, 'junk': {'precision': 0.2772511848341232, 'recall': 0.585, 'f1-score': 0.3762057877813505, 'support': 200.0}, 'scan': {'precision': 0.24180327868852458, 'recall': 0.295, 'f1-score': 0.26576576576576577, 'support': 200.0}, 'syn': {'precision': 0.2835820895522388, 'recall': 0.38, 'f1-score': 0.3247863247863248, 'support': 200.0}, 'tcp': {'precision': 0.4975124378109453, 'recall': 1.0, 'f1-score': 0.6644518272425249, 'support': 200.0}, 'udp': {'precision': 0.025, 'recall': 0.005, 'f1-score': 0.008333333333333333, 'support': 200.0}, 'udpplain': {'precision': 1.0, 'recall': 0.29, 'f1-score': 0.4496124031007752, 'support': 200.0}, 'accuracy': 0.3622222222222222, 'macro avg': {'precision': 0.38455847475923266, 'recall': 0.3622222222222222, 'f1-score': 0.32791467506729943, 'support': 1800.0}, 'weighted avg': {'precision': 0.38455847475923266, 'recall': 0.3622222222222222, 'f1-score': 0.3279146750672995, 'support': 1800.0}}","[[ 95  72  15  14   2   0   1   1   0]
 [  0   7  21  64  59  30  12   7   0]
 [  0   0  39 161   0   0   0   0   0]
 [  1   0  82 117   0   0   0   0   0]
 [  1   1   0   3  59 106  29   1   0]
 [  0   0   1  37  70  76  14   2   0]
 [  0   0   0   0   0   0 200   0   0]
 [  0   0  12  26  44  31  86   1   0]
 [ 19   0   0   0  10  25  60  28  58]]",11.04523491859436,0.029363632202148438
33,N_BaIoT,-1,sigmoid,MinMaxScaler,HHH,0.07847543495179406,-1,-1,81.23456790123457,15.555555555555555,10.555555555555555,12.422750925575784,7.193075643515479,-1,"{'0Normal': {'precision': 0.13636363636363635, 'recall': 0.96, 'f1-score': 0.23880597014925373, 'support': 200.0}, 'ack': {'precision': 0.05555555555555555, 'recall': 0.005, 'f1-score': 0.009174311926605505, 'support': 200.0}, 'combo': {'precision': 0.08333333333333333, 'recall': 0.005, 'f1-score': 0.009433962264150943, 'support': 200.0}, 'junk': {'precision': 0.23076923076923078, 'recall': 0.015, 'f1-score': 0.028169014084507043, 'support': 200.0}, 'scan': {'precision': 0.07142857142857142, 'recall': 0.005, 'f1-score': 0.009345794392523364, 'support': 200.0}, 'syn': {'precision': 0.14285714285714285, 'recall': 0.01, 'f1-score': 0.018691588785046728, 'support': 200.0}, 'tcp': {'precision': 0.0, 'recall': 0.0, 'f1-score': 0.0, 'support': 200.0}, 'udp': {'precision': 0.26440677966101694, 'recall': 0.39, 'f1-score': 0.3151515151515151, 'support': 200.0}, 'udpplain': {'precision': 0.13333333333333333, 'recall': 0.01, 'f1-score': 0.018604651162790697, 'support': 200.0}, 'accuracy': 0.15555555555555556, 'macro avg': {'precision': 0.12422750925575785, 'recall': 0.15555555555555556, 'f1-score': 0.07193075643515479, 'support': 1800.0}, 'weighted avg': {'precision': 0.12422750925575783, 'recall': 0.15555555555555556, 'f1-score': 0.0719307564351548, 'support': 1800.0}}","[[192   0   0   0   1   3   1   2   1]
 [180   1   3   2   3   3   5   2   1]
 [189   3   1   2   2   1   0   1   1]
 [175   3   2   3   2   1   3   5   6]
 [187   3   0   1   1   2   1   4   1]
 [190   1   1   1   3   2   0   1   1]
 [  0   0   0   0   0   0   0 200   0]
 [112   3   3   0   1   1   0  78   2]
 [183   4   2   4   1   1   1   2   2]]",11.28216004371643,0.10835909843444824
34,N_BaIoT,-1,None,MinMaxScaler,HHH,0.2909452185936516,-1,-1,85.82716049382717,36.22222222222222,7.972222222222222,38.455847475923264,32.791467506729944,-1,"{'0Normal': {'precision': 0.8189655172413793, 'recall': 0.475, 'f1-score': 0.6012658227848101, 'support': 200.0}, 'ack': {'precision': 0.0875, 'recall': 0.035, 'f1-score': 0.05, 'support': 200.0}, 'combo': {'precision': 0.22941176470588234, 'recall': 0.195, 'f1-score': 0.21081081081081082, 'support': 200.0}, 'junk': {'precision': 0.2772511848341232, 'recall': 0.585, 'f1-score': 0.3762057877813505, 'support': 200.0}, 'scan': {'precision': 0.24180327868852458, 'recall': 0.295, 'f1-score': 0.26576576576576577, 'support': 200.0}, 'syn': {'precision': 0.2835820895522388, 'recall': 0.38, 'f1-score': 0.3247863247863248, 'support': 200.0}, 'tcp': {'precision': 0.4975124378109453, 'recall': 1.0, 'f1-score': 0.6644518272425249, 'support': 200.0}, 'udp': {'precision': 0.025, 'recall': 0.005, 'f1-score': 0.008333333333333333, 'support': 200.0}, 'udpplain': {'precision': 1.0, 'recall': 0.29, 'f1-score': 0.4496124031007752, 'support': 200.0}, 'accuracy': 0.3622222222222222, 'macro avg': {'precision': 0.38455847475923266, 'recall': 0.3622222222222222, 'f1-score': 0.32791467506729943, 'support': 1800.0}, 'weighted avg': {'precision': 0.38455847475923266, 'recall': 0.3622222222222222, 'f1-score': 0.3279146750672995, 'support': 1800.0}}","[[ 95  72  15  14   2   0   1   1   0]
 [  0   7  21  64  59  30  12   7   0]
 [  0   0  39 161   0   0   0   0   0]
 [  1   0  82 117   0   0   0   0   0]
 [  1   1   0   3  59 106  29   1   0]
 [  0   0   1  37  70  76  14   2   0]
 [  0   0   0   0   0   0 200   0   0]
 [  0   0  12  26  44  31  86   1   0]
 [ 19   0   0   0  10  25  60  28  58]]",11.038604021072388,0.007096052169799805
35,N_BaIoT,0,rbf,MinMaxScaler,HHH,0.4901822331486241,-1,-1,89.72839506172839,53.77777777777778,5.777777777777778,58.91518654099599,53.34593405439574,-1,"{'0Normal': {'precision': 0.9281767955801105, 'recall': 0.84, 'f1-score': 0.8818897637795275, 'support': 200.0}, 'ack': {'precision': 0.7373737373737373, 'recall': 0.365, 'f1-score': 0.4882943143812709, 'support': 200.0}, 'combo': {'precision': 0.486013986013986, 'recall': 0.695, 'f1-score': 0.5720164609053497, 'support': 200.0}, 'junk': {'precision': 0.4982698961937716, 'recall': 0.72, 'f1-score': 0.588957055214724, 'support': 200.0}, 'scan': {'precision': 0.2894736842105263, 'recall': 0.66, 'f1-score': 0.4024390243902439, 'support': 200.0}, 'syn': {'precision': 0.9215686274509803, 'recall': 0.705, 'f1-score': 0.7988668555240793, 'support': 200.0}, 'tcp': {'precision': 0.0, 'recall': 0.0, 'f1-score': 0.0, 'support': 200.0}, 'udp': {'precision': 0.4788732394366197, 'recall': 0.34, 'f1-score': 0.39766081871345027, 'support': 200.0}, 'udpplain': {'precision': 0.9626168224299065, 'recall': 0.515, 'f1-score': 0.6710097719869706, 'support': 200.0}, 'accuracy': 0.5377777777777778, 'macro avg': {'precision': 0.5891518654099599, 'recall': 0.5377777777777778, 'f1-score': 0.5334593405439574, 'support': 1800.0}, 'weighted avg': {'precision': 0.5891518654099597, 'recall': 0.5377777777777778, 'f1-score': 0.5334593405439574, 'support': 1800.0}}","[[168  26   3   2   1   0   0   0   0]
 [  4  73  91  19  10   3   0   0   0]
 [  0   0 139  60   1   0   0   0   0]
 [  1   0  53 144   2   0   0   0   0]
 [  1   0   0  62 132   4   1   0   0]
 [  0   0   0   1  30 141  26   2   0]
 [  0   0   0   0 200   0   0   0   0]
 [  0   0   0   0  80   2  46  68   4]
 [  7   0   0   1   0   3  14  72 103]]",0.5306408405303955,0.039632558822631836
36,N_BaIoT,0,poly,MinMaxScaler,HHH,0.4983379976234036,-1,-1,89.90123456790123,54.55555555555557,5.680555555555555,60.134323985237906,54.247267168569834,-1,"{'0Normal': {'precision': 0.9021739130434783, 'recall': 0.83, 'f1-score': 0.8645833333333334, 'support': 200.0}, 'ack': {'precision': 0.7410714285714286, 'recall': 0.415, 'f1-score': 0.532051282051282, 'support': 200.0}, 'combo': {'precision': 0.5257352941176471, 'recall': 0.715, 'f1-score': 0.6059322033898306, 'support': 200.0}, 'junk': {'precision': 0.5374592833876222, 'recall': 0.825, 'f1-score': 0.650887573964497, 'support': 200.0}, 'scan': {'precision': 0.2850678733031674, 'recall': 0.63, 'f1-score': 0.3925233644859813, 'support': 200.0}, 'syn': {'precision': 0.9225352112676056, 'recall': 0.655, 'f1-score': 0.7660818713450293, 'support': 200.0}, 'tcp': {'precision': 0.0, 'recall': 0.0, 'f1-score': 0.0, 'support': 200.0}, 'udp': {'precision': 0.5182481751824818, 'recall': 0.355, 'f1-score': 0.42136498516320475, 'support': 200.0}, 'udpplain': {'precision': 0.9797979797979798, 'recall': 0.485, 'f1-score': 0.6488294314381271, 'support': 200.0}, 'accuracy': 0.5455555555555556, 'macro avg': {'precision': 0.601343239852379, 'recall': 0.5455555555555557, 'f1-score': 0.5424726716856983, 'support': 1800.0}, 'weighted avg': {'precision': 0.6013432398523789, 'recall': 0.5455555555555556, 'f1-score': 0.5424726716856985, 'support': 1800.0}}","[[166  29   2   3   0   0   0   0   0]
 [  3  83  94  13   4   3   0   0   0]
 [  0   0 143  56   1   0   0   0   0]
 [  1   0  33 165   1   0   0   0   0]
 [  1   0   0  68 126   4   1   0   0]
 [  0   0   0   1  31 131  35   2   0]
 [  0   0   0   0 200   0   0   0   0]
 [  1   0   0   0  79   2  45  71   2]
 [ 12   0   0   1   0   2  24  64  97]]",0.522728681564331,0.05930471420288086
37,N_BaIoT,0,linear,MinMaxScaler,HHH,0.16445755807740017,-1,-1,83.38271604938272,25.222222222222225,9.347222222222221,28.900153433527787,23.851159259363584,-1,"{'0Normal': {'precision': 0.6929824561403509, 'recall': 0.395, 'f1-score': 0.5031847133757962, 'support': 200.0}, 'ack': {'precision': 0.013157894736842105, 'recall': 0.005, 'f1-score': 0.007246376811594203, 'support': 200.0}, 'combo': {'precision': 0.33620689655172414, 'recall': 0.195, 'f1-score': 0.2468354430379747, 'support': 200.0}, 'junk': {'precision': 0.4606741573033708, 'recall': 0.82, 'f1-score': 0.5899280575539568, 'support': 200.0}, 'scan': {'precision': 0.140625, 'recall': 0.36, 'f1-score': 0.20224719101123595, 'support': 200.0}, 'syn': {'precision': 0.11858974358974358, 'recall': 0.185, 'f1-score': 0.14453125, 'support': 200.0}, 'tcp': {'precision': 0.0, 'recall': 0.0, 'f1-score': 0.0, 'support': 200.0}, 'udp': {'precision': 0.15384615384615385, 'recall': 0.06, 'f1-score': 0.08633093525179857, 'support': 200.0}, 'udpplain': {'precision': 0.684931506849315, 'recall': 0.25, 'f1-score': 0.3663003663003663, 'support': 200.0}, 'accuracy': 0.25222222222222224, 'macro avg': {'precision': 0.28900153433527787, 'recall': 0.25222222222222224, 'f1-score': 0.23851159259363586, 'support': 1800.0}, 'weighted avg': {'precision': 0.28900153433527787, 'recall': 0.25222222222222224, 'f1-score': 0.23851159259363586, 'support': 1800.0}}","[[ 79  74  39   7   0   1   0   0   0]
 [  0   1   1   7  58  71  48  14   0]
 [  0   0  39 161   0   0   0   0   0]
 [  1   0  35 164   0   0   0   0   0]
 [  2   1   2   1  72 122   0   0   0]
 [  0   0   0  14  84  37  14  30  21]
 [  0   0   0   0 200   0   0   0   0]
 [  0   0   0   1  95  47  43  12   2]
 [ 32   0   0   1   3  34  58  22  50]]",0.004067182540893555,0.007980108261108398
38,N_BaIoT,0,sigmoid,MinMaxScaler,HHH,0.0,-1,-1,80.24691358024691,11.11111111111111,11.11111111111111,12.64745739317088,9.35973078965731,-1,"{'0Normal': {'precision': 0.09099616858237548, 'recall': 0.475, 'f1-score': 0.1527331189710611, 'support': 200.0}, 'ack': {'precision': 0.21818181818181817, 'recall': 0.12, 'f1-score': 0.15483870967741936, 'support': 200.0}, 'combo': {'precision': 0.22627737226277372, 'recall': 0.155, 'f1-score': 0.18397626112759644, 'support': 200.0}, 'junk': {'precision': 0.11224489795918367, 'recall': 0.055, 'f1-score': 0.0738255033557047, 'support': 200.0}, 'scan': {'precision': 0.018518518518518517, 'recall': 0.01, 'f1-score': 0.012987012987012988, 'support': 200.0}, 'syn': {'precision': 0.18518518518518517, 'recall': 0.075, 'f1-score': 0.10676156583629894, 'support': 200.0}, 'tcp': {'precision': 0.0, 'recall': 0.0, 'f1-score': 0.0, 'support': 200.0}, 'udp': {'precision': 0.13793103448275862, 'recall': 0.04, 'f1-score': 0.06201550387596899, 'support': 200.0}, 'udpplain': {'precision': 0.14893617021276595, 'recall': 0.07, 'f1-score': 0.09523809523809523, 'support': 200.0}, 'accuracy': 0.1111111111111111, 'macro avg': {'precision': 0.1264745739317088, 'recall': 0.1111111111111111, 'f1-score': 0.09359730789657308, 'support': 1800.0}, 'weighted avg': {'precision': 0.12647457393170883, 'recall': 0.1111111111111111, 'f1-score': 0.09359730789657307, 'support': 1800.0}}","[[ 95  21  41  17  13   6   4   2   1]
 [ 83  24  22  13  17  12  17   8   4]
 [ 63  22  31  20  22  12  13  10   7]
 [ 96  19  16  11  17  15   9   4  13]
 [136   3   2   5   2   3   5   9  35]
 [118   7   6   9  22  15   6   6  11]
 [200   0   0   0   0   0   0   0   0]
 [133   3   7  12   9  12   7   8   9]
 [120  11  12  11   6   6   9  11  14]]",0.26038432121276855,0.035057783126831055
39,N_BaIoT,0,None,MinMaxScaler,HHH,0.1290151936313,-1,-1,82.67901234567901,22.055555555555554,9.743055555555555,26.8898039031713,19.480432469421203,-1,"{'0Normal': {'precision': 0.6126126126126126, 'recall': 0.34, 'f1-score': 0.43729903536977494, 'support': 200.0}, 'ack': {'precision': 0.015384615384615385, 'recall': 0.005, 'f1-score': 0.007547169811320755, 'support': 200.0}, 'combo': {'precision': 0.19444444444444445, 'recall': 0.07, 'f1-score': 0.10294117647058823, 'support': 200.0}, 'junk': {'precision': 0.4334862385321101, 'recall': 0.945, 'f1-score': 0.5943396226415094, 'support': 200.0}, 'scan': {'precision': 0.12075471698113208, 'recall': 0.32, 'f1-score': 0.17534246575342466, 'support': 200.0}, 'syn': {'precision': 0.04778156996587031, 'recall': 0.07, 'f1-score': 0.056795131845841784, 'support': 200.0}, 'tcp': {'precision': 0.0, 'recall': 0.0, 'f1-score': 0.0, 'support': 200.0}, 'udp': {'precision': 0.08450704225352113, 'recall': 0.03, 'f1-score': 0.04428044280442804, 'support': 200.0}, 'udpplain': {'precision': 0.9111111111111111, 'recall': 0.205, 'f1-score': 0.3346938775510204, 'support': 200.0}, 'accuracy': 0.22055555555555556, 'macro avg': {'precision': 0.268898039031713, 'recall': 0.22055555555555553, 'f1-score': 0.19480432469421202, 'support': 1800.0}, 'weighted avg': {'precision': 0.268898039031713, 'recall': 0.22055555555555556, 'f1-score': 0.19480432469421202, 'support': 1800.0}}","[[ 68  62  47  20   2   0   1   0   0]
 [  0   1   1  19  45  85  49   0   0]
 [  0   0  14 186   0   0   0   0   0]
 [  1   0  10 189   0   0   0   0   0]
 [  0   2   0   6  64  94  34   0   0]
 [  0   0   0  14 111  14  17  40   4]
 [  0   0   0   0 200   0   0   0   0]
 [  0   0   0   1 101  52  40   6   0]
 [ 42   0   0   1   7  48  36  25  41]]",0.008729219436645508,0.006629467010498047
40,N_BaIoT,2,rbf,MinMaxScaler,HHH,0.7209767949007732,-1,-1,94.22222222222221,74.0,3.25,72.57509930503718,71.76950554911382,-1,"{'0Normal': {'precision': 0.9458128078817734, 'recall': 0.96, 'f1-score': 0.9528535980148883, 'support': 200.0}, 'ack': {'precision': 0.9597701149425287, 'recall': 0.835, 'f1-score': 0.893048128342246, 'support': 200.0}, 'combo': {'precision': 0.7932692307692307, 'recall': 0.825, 'f1-score': 0.8088235294117647, 'support': 200.0}, 'junk': {'precision': 0.7955555555555556, 'recall': 0.895, 'f1-score': 0.8423529411764706, 'support': 200.0}, 'scan': {'precision': 0.8980582524271845, 'recall': 0.925, 'f1-score': 0.9113300492610837, 'support': 200.0}, 'syn': {'precision': 0.38177874186550975, 'recall': 0.88, 'f1-score': 0.5325264750378215, 'support': 200.0}, 'tcp': {'precision': 0.0, 'recall': 0.0, 'f1-score': 0.0, 'support': 200.0}, 'udp': {'precision': 0.7697841726618705, 'recall': 0.535, 'f1-score': 0.6312684365781711, 'support': 200.0}, 'udpplain': {'precision': 0.9877300613496932, 'recall': 0.805, 'f1-score': 0.8870523415977961, 'support': 200.0}, 'accuracy': 0.74, 'macro avg': {'precision': 0.7257509930503718, 'recall': 0.74, 'f1-score': 0.7176950554911381, 'support': 1800.0}, 'weighted avg': {'precision': 0.7257509930503718, 'recall': 0.74, 'f1-score': 0.717695055491138, 'support': 1800.0}}","[[192   7   0   0   1   0   0   0   0]
 [  2 167  24   4   1   1   0   0   1]
 [  0   0 165  35   0   0   0   0   0]
 [  1   0  19 179   1   0   0   0   0]
 [  1   0   0   7 185   5   2   0   0]
 [  0   0   0   0  18 176   6   0   0]
 [  0   0   0   0   0 200   0   0   0]
 [  1   0   0   0   0  78  13 107   1]
 [  6   0   0   0   0   1   0  32 161]]",1.4299638271331787,0.367093563079834
41,N_BaIoT,2,poly,MinMaxScaler,HHH,0.8392744419054469,-1,-1,96.77777777777777,85.5,1.8124999999999998,86.8771770642763,85.4137459007171,-1,"{'0Normal': {'precision': 0.9317073170731708, 'recall': 0.955, 'f1-score': 0.9432098765432099, 'support': 200.0}, 'ack': {'precision': 0.9555555555555556, 'recall': 0.86, 'f1-score': 0.9052631578947369, 'support': 200.0}, 'combo': {'precision': 0.8078817733990148, 'recall': 0.82, 'f1-score': 0.8138957816377171, 'support': 200.0}, 'junk': {'precision': 0.7901785714285714, 'recall': 0.885, 'f1-score': 0.8349056603773585, 'support': 200.0}, 'scan': {'precision': 0.9381443298969072, 'recall': 0.91, 'f1-score': 0.9238578680203046, 'support': 200.0}, 'syn': {'precision': 0.973404255319149, 'recall': 0.915, 'f1-score': 0.9432989690721649, 'support': 200.0}, 'tcp': {'precision': 0.6622516556291391, 'recall': 1.0, 'f1-score': 0.796812749003984, 'support': 200.0}, 'udp': {'precision': 0.7659574468085106, 'recall': 0.54, 'f1-score': 0.6334310850439883, 'support': 200.0}, 'udpplain': {'precision': 0.9938650306748467, 'recall': 0.81, 'f1-score': 0.8925619834710744, 'support': 200.0}, 'accuracy': 0.855, 'macro avg': {'precision': 0.8687717706427629, 'recall': 0.855, 'f1-score': 0.854137459007171, 'support': 1800.0}, 'weighted avg': {'precision': 0.8687717706427629, 'recall': 0.855, 'f1-score': 0.854137459007171, 'support': 1800.0}}","[[191   8   0   0   0   0   0   1   0]
 [  4 172  18   3   0   0   1   2   0]
 [  0   0 164  36   0   0   0   0   0]
 [  1   0  21 177   1   0   0   0   0]
 [  1   0   0   8 182   5   4   0   0]
 [  0   0   0   0  11 183   6   0   0]
 [  0   0   0   0   0   0 200   0   0]
 [  1   0   0   0   0   0  90 108   1]
 [  7   0   0   0   0   0   1  30 162]]",1.6411385536193848,0.3842322826385498
42,N_BaIoT,2,linear,MinMaxScaler,HHH,0.7707439304443096,-1,-1,95.28395061728395,78.77777777777779,2.6527777777777777,74.63373862030349,75.8168217922168,-1,"{'0Normal': {'precision': 0.8324607329842932, 'recall': 0.795, 'f1-score': 0.8132992327365729, 'support': 200.0}, 'ack': {'precision': 0.8716577540106952, 'recall': 0.815, 'f1-score': 0.8423772609819121, 'support': 200.0}, 'combo': {'precision': 0.8837209302325582, 'recall': 0.95, 'f1-score': 0.9156626506024096, 'support': 200.0}, 'junk': {'precision': 0.8616071428571429, 'recall': 0.965, 'f1-score': 0.910377358490566, 'support': 200.0}, 'scan': {'precision': 0.9285714285714286, 'recall': 0.845, 'f1-score': 0.8848167539267016, 'support': 200.0}, 'syn': {'precision': 0.9310344827586207, 'recall': 0.945, 'f1-score': 0.9379652605459057, 'support': 200.0}, 'tcp': {'precision': 0.0, 'recall': 0.0, 'f1-score': 0.0, 'support': 200.0}, 'udp': {'precision': 0.45663265306122447, 'recall': 0.895, 'f1-score': 0.6047297297297297, 'support': 200.0}, 'udpplain': {'precision': 0.9513513513513514, 'recall': 0.88, 'f1-score': 0.9142857142857143, 'support': 200.0}, 'accuracy': 0.7877777777777778, 'macro avg': {'precision': 0.7463373862030349, 'recall': 0.7877777777777778, 'f1-score': 0.758168217922168, 'support': 1800.0}, 'weighted avg': {'precision': 0.746337386203035, 'recall': 0.7877777777777778, 'f1-score': 0.758168217922168, 'support': 1800.0}}","[[159  22   4   4   3   4   2   0   2]
 [ 14 163  18   2   1   1   0   0   1]
 [  0   2 190   8   0   0   0   0   0]
 [  1   0   3 193   3   0   0   0   0]
 [  4   0   0  17 169   7   3   0   0]
 [  0   0   0   0   6 189   5   0   0]
 [  0   0   0   0   0   0   0 200   0]
 [  2   0   0   0   0   2  11 179   6]
 [ 11   0   0   0   0   0   0  13 176]]",1.3788797855377197,0.3045201301574707
43,N_BaIoT,2,sigmoid,MinMaxScaler,HHH,0.13673204638242717,-1,-1,82.81481481481482,22.666666666666668,9.666666666666666,23.98715290052985,20.43052297888973,-1,"{'0Normal': {'precision': 0.19207317073170732, 'recall': 0.63, 'f1-score': 0.29439252336448596, 'support': 200.0}, 'ack': {'precision': 0.10752688172043011, 'recall': 0.1, 'f1-score': 0.10362694300518134, 'support': 200.0}, 'combo': {'precision': 0.25259515570934254, 'recall': 0.365, 'f1-score': 0.2985685071574642, 'support': 200.0}, 'junk': {'precision': 0.29743589743589743, 'recall': 0.29, 'f1-score': 0.2936708860759494, 'support': 200.0}, 'scan': {'precision': 0.36054421768707484, 'recall': 0.265, 'f1-score': 0.30547550432276654, 'support': 200.0}, 'syn': {'precision': 0.3391304347826087, 'recall': 0.195, 'f1-score': 0.24761904761904763, 'support': 200.0}, 'tcp': {'precision': 0.0, 'recall': 0.0, 'f1-score': 0.0, 'support': 200.0}, 'udp': {'precision': 0.2459016393442623, 'recall': 0.075, 'f1-score': 0.11494252873563218, 'support': 200.0}, 'udpplain': {'precision': 0.36363636363636365, 'recall': 0.12, 'f1-score': 0.18045112781954886, 'support': 200.0}, 'accuracy': 0.22666666666666666, 'macro avg': {'precision': 0.2398715290052985, 'recall': 0.22666666666666668, 'f1-score': 0.2043052297888973, 'support': 1800.0}, 'weighted avg': {'precision': 0.23987152900529857, 'recall': 0.22666666666666666, 'f1-score': 0.20430522978889734, 'support': 1800.0}}","[[126  45  12  10   2   3   0   2   0]
 [105  20  21  14  13   7  10   3   7]
 [ 29  58  73  37   1   0   1   0   1]
 [  4   3 122  58  12   0   1   0   0]
 [  9  42  31  18  53  25  13   5   4]
 [ 14   6  14  36  40  39  19  13  19]
 [200   0   0   0   0   0   0   0   0]
 [119   4   6   5  12  16  12  15  11]
 [ 50   8  10  17  14  25  29  23  24]]",0.9122836589813232,0.2906668186187744
44,N_BaIoT,2,None,MinMaxScaler,HHH,0.8302147437258238,-1,-1,96.5925925925926,84.66666666666667,1.9166666666666665,85.77617667638891,84.20081068146558,-1,"{'0Normal': {'precision': 0.7969543147208121, 'recall': 0.785, 'f1-score': 0.7909319899244333, 'support': 200.0}, 'ack': {'precision': 0.8628571428571429, 'recall': 0.755, 'f1-score': 0.8053333333333333, 'support': 200.0}, 'combo': {'precision': 0.8423423423423423, 'recall': 0.935, 'f1-score': 0.8862559241706162, 'support': 200.0}, 'junk': {'precision': 0.8584070796460177, 'recall': 0.97, 'f1-score': 0.9107981220657277, 'support': 200.0}, 'scan': {'precision': 0.9347826086956522, 'recall': 0.86, 'f1-score': 0.8958333333333334, 'support': 200.0}, 'syn': {'precision': 0.95, 'recall': 0.95, 'f1-score': 0.95, 'support': 200.0}, 'tcp': {'precision': 0.6734006734006734, 'recall': 1.0, 'f1-score': 0.8048289738430584, 'support': 200.0}, 'udp': {'precision': 0.8448275862068966, 'recall': 0.49, 'f1-score': 0.620253164556962, 'support': 200.0}, 'udpplain': {'precision': 0.9562841530054644, 'recall': 0.875, 'f1-score': 0.9138381201044387, 'support': 200.0}, 'accuracy': 0.8466666666666667, 'macro avg': {'precision': 0.8577617667638892, 'recall': 0.8466666666666667, 'f1-score': 0.8420081068146559, 'support': 1800.0}, 'weighted avg': {'precision': 0.857761766763889, 'recall': 0.8466666666666667, 'f1-score': 0.8420081068146558, 'support': 1800.0}}","[[157  19   9   5   3   3   0   4   0]
 [ 21 151  23   2   1   1   0   0   1]
 [  0   5 187   8   0   0   0   0   0]
 [  1   0   3 194   2   0   0   0   0]
 [  4   0   0  17 172   4   3   0   0]
 [  0   0   0   0   6 190   4   0   0]
 [  0   0   0   0   0   0 200   0   0]
 [  3   0   0   0   0   2  90  98   7]
 [ 11   0   0   0   0   0   0  14 175]]",0.773193359375,0.013413667678833008
